// Auto-generated from gfx1151.fb by update_lut.py compile; do not edit.
#include <cstddef>
extern "C" const unsigned char kMatmulNbitsLutData[] = {
/*00000000 */  0x24,0x00,0x00,0x00,0x4d,0x4e,0x41,0x4c,0x00,0x00,0x1a,0x00,0x28,0x00,0x00,0x00, /* $...MNAL....(... */
/*00000010 */  0x04,0x00,0x08,0x00,0x0c,0x00,0x10,0x00,0x14,0x00,0x00,0x00,0x18,0x00,0x1c,0x00, /* ................ */
/*00000020 */  0x20,0x00,0x24,0x00,0x1a,0x00,0x00,0x00,0x0c,0x98,0x00,0x00,0xd4,0x11,0x01,0x00, /*  .$............. */
/*00000030 */  0xf0,0x97,0x00,0x00,0xd4,0x97,0x00,0x00,0x00,0x00,0x80,0x3e,0x00,0x00,0x80,0x3e, /* ...........>...> */
/*00000040 */  0x50,0x93,0x00,0x00,0x08,0x00,0x00,0x00,0x38,0x93,0x00,0x00,0x33,0x09,0x00,0x00, /* P.......8...3... */
/*00000050 */  0x02,0x01,0x04,0x02,0x00,0x00,0x01,0x00,0x30,0x00,0x00,0x00,0x00,0x14,0x00,0x00, /* ........0....... */
/*00000060 */  0x02,0x01,0x04,0x02,0x00,0x01,0x01,0x00,0x00,0x04,0x00,0x00,0x00,0x10,0x00,0x00, /* ................ */
/*00000070 */  0x02,0x01,0x04,0x02,0x00,0x02,0x01,0x00,0x00,0x04,0x00,0x00,0x00,0x14,0x00,0x00, /* ................ */
/*00000080 */  0x02,0x01,0x04,0x02,0x00,0x03,0x01,0x00,0x00,0x10,0x00,0x00,0x00,0x10,0x00,0x00, /* ................ */
/*00000090 */  0x02,0x01,0x04,0x02,0x00,0x04,0x01,0x00,0x00,0x10,0x00,0x00,0x00,0x38,0x00,0x00, /* .............8.. */
/*000000a0 */  0x02,0x01,0x04,0x02,0x00,0x02,0x01,0x00,0x00,0x14,0x00,0x00,0x00,0x14,0x00,0x00, /* ................ */
/*000000b0 */  0x02,0x01,0x04,0x02,0x00,0x05,0x01,0x00,0x00,0x14,0x00,0x00,0x00,0x18,0x00,0x00, /* ................ */
/*000000c0 */  0x02,0x01,0x04,0x02,0x00,0x06,0x01,0x00,0x00,0x14,0x00,0x00,0x00,0x36,0x00,0x00, /* .............6.. */
/*000000d0 */  0x02,0x01,0x04,0x02,0x00,0x07,0x01,0x00,0x00,0x14,0x00,0x00,0x00,0x44,0x00,0x00, /* .............D.. */
/*000000e0 */  0x02,0x01,0x04,0x02,0x00,0x08,0x01,0x00,0x00,0x18,0x00,0x00,0x00,0x14,0x00,0x00, /* ................ */
/*000000f0 */  0x02,0x01,0x04,0x02,0x00,0x02,0x01,0x00,0x00,0x28,0x00,0x00,0x00,0x14,0x00,0x00, /* .........(...... */
/*00000100 */  0x02,0x01,0x04,0x02,0x00,0x02,0x01,0x00,0x00,0x30,0x00,0x00,0x00,0x14,0x00,0x00, /* .........0...... */
/*00000110 */  0x02,0x01,0x04,0x02,0x00,0x09,0x01,0x00,0x00,0x36,0x00,0x00,0x00,0x14,0x00,0x00, /* .........6...... */
/*00000120 */  0x02,0x01,0x04,0x02,0x00,0x01,0x01,0x00,0x00,0x38,0x00,0x00,0x00,0x10,0x00,0x00, /* .........8...... */
/*00000130 */  0x02,0x01,0x04,0x02,0x00,0x02,0x01,0x00,0x00,0x44,0x00,0x00,0x00,0x14,0x00,0x00, /* .........D...... */
/*00000140 */  0x02,0x01,0x04,0x02,0x00,0x0a,0x01,0x00,0x00,0xf5,0x01,0x00,0x00,0x10,0x00,0x00, /* ................ */
/*00000150 */  0x02,0x01,0x04,0x02,0x00,0x0a,0x01,0x00,0x00,0x52,0x02,0x00,0x00,0x14,0x00,0x00, /* .........R...... */
/*00000160 */  0x02,0x01,0x04,0x02,0x00,0x0a,0x01,0x00,0x00,0xca,0x03,0x00,0x00,0x14,0x00,0x00, /* ................ */
/*00000170 */  0x02,0x01,0x04,0x01,0x00,0x02,0x01,0x00,0x00,0x04,0x00,0x00,0x00,0x0a,0x00,0x00, /* ................ */
/*00000180 */  0x02,0x01,0x04,0x01,0x00,0x01,0x01,0x00,0x00,0x04,0x00,0x00,0x00,0x10,0x00,0x00, /* ................ */
/*00000190 */  0x02,0x01,0x04,0x01,0x00,0x03,0x01,0x00,0x00,0x04,0x00,0x00,0x00,0x20,0x00,0x00, /* ............. .. */
/*000001a0 */  0x02,0x01,0x04,0x01,0x00,0x02,0x01,0x00,0x00,0x08,0x00,0x00,0x00,0x0a,0x00,0x00, /* ................ */
/*000001b0 */  0x02,0x01,0x04,0x01,0x00,0x06,0x01,0x00,0x00,0x0a,0x00,0x00,0x00,0x08,0x00,0x00, /* ................ */
/*000001c0 */  0x02,0x01,0x04,0x01,0x00,0x06,0x01,0x00,0x00,0x0a,0x00,0x00,0x00,0x28,0x00,0x00, /* .............(.. */
/*000001d0 */  0x02,0x01,0x04,0x01,0x00,0x01,0x01,0x00,0x00,0x10,0x00,0x00,0x00,0x10,0x00,0x00, /* ................ */
/*000001e0 */  0x02,0x01,0x04,0x01,0x00,0x0b,0x01,0x00,0x00,0x10,0x00,0x00,0x00,0x38,0x00,0x00, /* .............8.. */
/*000001f0 */  0x02,0x01,0x04,0x01,0x00,0x01,0x01,0x00,0x00,0x20,0x00,0x00,0x00,0x20,0x00,0x00, /* ......... ... .. */
/*00000200 */  0x02,0x01,0x04,0x01,0x00,0x0c,0x01,0x00,0x00,0x20,0x00,0x00,0x00,0x70,0x00,0x00, /* ......... ...p.. */
/*00000210 */  0x02,0x01,0x04,0x01,0x00,0x06,0x01,0x00,0x00,0x28,0x00,0x00,0x00,0x0a,0x00,0x00, /* .........(...... */
/*00000220 */  0x02,0x01,0x04,0x01,0x00,0x0d,0x01,0x00,0x00,0x38,0x00,0x00,0x00,0x10,0x00,0x00, /* .........8...... */
/*00000230 */  0x02,0x01,0x04,0x01,0x00,0x0c,0x01,0x00,0x00,0x70,0x00,0x00,0x00,0x20,0x00,0x00, /* .........p... .. */
/*00000240 */  0x02,0x01,0x04,0x01,0x00,0x04,0x01,0x00,0x00,0x80,0x00,0x00,0x00,0x10,0x00,0x00, /* ................ */
/*00000250 */  0x02,0x01,0x04,0x01,0x00,0x0c,0x01,0x00,0x00,0xf5,0x01,0x00,0x00,0x20,0x00,0x00, /* ............. .. */
/*00000260 */  0x02,0x01,0x04,0x01,0x00,0x0b,0x01,0x00,0x40,0x00,0x04,0x00,0x00,0x0a,0x00,0x00, /* ........@....... */
/*00000270 */  0x02,0x01,0x02,0x02,0x00,0x0e,0x01,0x00,0x80,0x00,0x00,0x00,0x00,0x0b,0x00,0x00, /* ................ */
/*00000280 */  0x02,0x01,0x02,0x02,0x00,0x0f,0x01,0x00,0x00,0x01,0x00,0x00,0x00,0x06,0x00,0x00, /* ................ */
/*00000290 */  0x02,0x01,0x02,0x02,0x00,0x05,0x01,0x00,0x00,0x01,0x00,0x00,0x00,0x0a,0x00,0x00, /* ................ */
/*000002a0 */  0x02,0x01,0x02,0x02,0x00,0x0f,0x01,0x00,0x00,0x02,0x00,0x00,0x00,0x06,0x00,0x00, /* ................ */
/*000002b0 */  0x02,0x01,0x02,0x02,0x00,0x10,0x01,0x00,0x00,0x02,0x00,0x00,0x00,0x0a,0x00,0x00, /* ................ */
/*000002c0 */  0x02,0x01,0x02,0x02,0x00,0x04,0x01,0x00,0x00,0x02,0x00,0x00,0x00,0x0f,0x00,0x00, /* ................ */
/*000002d0 */  0x02,0x01,0x02,0x02,0x00,0x0f,0x01,0x00,0x00,0x03,0x00,0x00,0x00,0x03,0x00,0x00, /* ................ */
/*000002e0 */  0x02,0x01,0x02,0x02,0x00,0x06,0x01,0x00,0x00,0x03,0x00,0x00,0x00,0x0c,0x00,0x00, /* ................ */
/*000002f0 */  0x02,0x01,0x02,0x02,0x00,0x06,0x01,0x00,0x00,0x04,0x00,0x00,0x00,0x04,0x00,0x00, /* ................ */
/*00000300 */  0x02,0x01,0x02,0x02,0x00,0x01,0x01,0x00,0x00,0x04,0x00,0x00,0x00,0x0a,0x00,0x00, /* ................ */
/*00000310 */  0x02,0x01,0x02,0x02,0x00,0x11,0x01,0x00,0x00,0x04,0x00,0x00,0x00,0x0b,0x00,0x00, /* ................ */
/*00000320 */  0x02,0x01,0x02,0x02,0x00,0x01,0x01,0x00,0x00,0x04,0x00,0x00,0x00,0x10,0x00,0x00, /* ................ */
/*00000330 */  0x02,0x01,0x02,0x02,0x00,0x11,0x01,0x00,0x80,0x04,0x00,0x00,0x00,0x03,0x00,0x00, /* ................ */
/*00000340 */  0x02,0x01,0x02,0x02,0x00,0x05,0x01,0x00,0x80,0x04,0x00,0x00,0x80,0x04,0x00,0x00, /* ................ */
/*00000350 */  0x02,0x01,0x02,0x02,0x00,0x02,0x01,0x00,0x80,0x04,0x00,0x00,0xd0,0x10,0x00,0x00, /* ................ */
/*00000360 */  0x02,0x01,0x02,0x02,0x00,0x05,0x01,0x00,0x00,0x06,0x00,0x00,0x00,0x01,0x00,0x00, /* ................ */
/*00000370 */  0x02,0x01,0x02,0x02,0x00,0x02,0x01,0x00,0x00,0x06,0x00,0x00,0x00,0x03,0x00,0x00, /* ................ */
/*00000380 */  0x02,0x01,0x02,0x02,0x00,0x06,0x01,0x00,0x00,0x06,0x00,0x00,0x00,0x04,0x00,0x00, /* ................ */
/*00000390 */  0x02,0x01,0x02,0x02,0x00,0x02,0x01,0x00,0x00,0x06,0x00,0x00,0x00,0x06,0x00,0x00, /* ................ */
/*000003a0 */  0x02,0x01,0x02,0x02,0x00,0x09,0x01,0x00,0x00,0x06,0x00,0x00,0x00,0x08,0x00,0x00, /* ................ */
/*000003b0 */  0x02,0x01,0x02,0x02,0x00,0x03,0x01,0x00,0x00,0x06,0x00,0x00,0x00,0x10,0x00,0x00, /* ................ */
/*000003c0 */  0x02,0x01,0x02,0x02,0x00,0x03,0x01,0x00,0x00,0x06,0x00,0x00,0x00,0x18,0x00,0x00, /* ................ */
/*000003d0 */  0x02,0x01,0x02,0x02,0x00,0x03,0x01,0x00,0x00,0x06,0x00,0x00,0x00,0x30,0x00,0x00, /* .............0.. */
/*000003e0 */  0x02,0x01,0x02,0x02,0x00,0x06,0x01,0x00,0x00,0x08,0x00,0x00,0x00,0x04,0x00,0x00, /* ................ */
/*000003f0 */  0x02,0x01,0x02,0x02,0x00,0x06,0x01,0x00,0x00,0x08,0x00,0x00,0x00,0x06,0x00,0x00, /* ................ */
/*00000400 */  0x02,0x01,0x02,0x02,0x00,0x02,0x01,0x00,0x00,0x08,0x00,0x00,0x00,0x0a,0x00,0x00, /* ................ */
/*00000410 */  0x02,0x01,0x02,0x02,0x00,0x09,0x01,0x00,0x00,0x08,0x00,0x00,0x00,0x0b,0x00,0x00, /* ................ */
/*00000420 */  0x02,0x01,0x02,0x02,0x00,0x06,0x01,0x00,0x00,0x08,0x00,0x00,0x00,0x0f,0x00,0x00, /* ................ */
/*00000430 */  0x02,0x01,0x02,0x02,0x00,0x02,0x01,0x00,0x40,0x08,0x00,0x00,0x00,0x0b,0x00,0x00, /* ........@....... */
/*00000440 */  0x02,0x01,0x02,0x02,0x00,0x02,0x01,0x00,0x00,0x0a,0x00,0x00,0x00,0x01,0x00,0x00, /* ................ */
/*00000450 */  0x02,0x01,0x02,0x02,0x00,0x08,0x01,0x00,0x00,0x0a,0x00,0x00,0x00,0x03,0x00,0x00, /* ................ */
/*00000460 */  0x02,0x01,0x02,0x02,0x00,0x02,0x01,0x00,0x00,0x0a,0x00,0x00,0x00,0x06,0x00,0x00, /* ................ */
/*00000470 */  0x02,0x01,0x02,0x02,0x00,0x05,0x01,0x00,0x00,0x0a,0x00,0x00,0x00,0x08,0x00,0x00, /* ................ */
/*00000480 */  0x02,0x01,0x02,0x02,0x00,0x0d,0x01,0x00,0x00,0x0a,0x00,0x00,0x00,0x10,0x00,0x00, /* ................ */
/*00000490 */  0x02,0x01,0x02,0x02,0x00,0x10,0x01,0x00,0x00,0x0a,0x00,0x00,0x00,0x28,0x00,0x00, /* .............(.. */
/*000004a0 */  0x02,0x01,0x02,0x02,0x00,0x06,0x01,0x00,0x00,0x0b,0x00,0x00,0x80,0x04,0x00,0x00, /* ................ */
/*000004b0 */  0x02,0x01,0x02,0x02,0x00,0x08,0x01,0x00,0x00,0x0b,0x00,0x00,0x40,0x08,0x00,0x00, /* ............@... */
/*000004c0 */  0x02,0x01,0x02,0x02,0x00,0x01,0x01,0x00,0x00,0x0b,0x00,0x00,0x00,0x10,0x00,0x00, /* ................ */
/*000004d0 */  0x02,0x01,0x02,0x02,0x00,0x04,0x01,0x00,0x00,0x0b,0x00,0x00,0x00,0x20,0x00,0x00, /* ............. .. */
/*000004e0 */  0x02,0x01,0x02,0x02,0x00,0x01,0x01,0x00,0x40,0x0b,0x00,0x00,0x00,0x10,0x00,0x00, /* ........@....... */
/*000004f0 */  0x02,0x01,0x02,0x02,0x00,0x11,0x01,0x00,0x00,0x0c,0x00,0x00,0x00,0x03,0x00,0x00, /* ................ */
/*00000500 */  0x02,0x01,0x02,0x02,0x00,0x03,0x01,0x00,0x00,0x0f,0x00,0x00,0x00,0x10,0x00,0x00, /* ................ */
/*00000510 */  0x02,0x01,0x02,0x02,0x00,0x04,0x01,0x00,0x00,0x0f,0x00,0x00,0x00,0x20,0x00,0x00, /* ............. .. */
/*00000520 */  0x02,0x01,0x02,0x02,0x00,0x06,0x01,0x00,0x00,0x0f,0x00,0x00,0x00,0x3c,0x00,0x00, /* .............<.. */
/*00000530 */  0x02,0x01,0x02,0x02,0x00,0x11,0x01,0x00,0x00,0x10,0x00,0x00,0x00,0x04,0x00,0x00, /* ................ */
/*00000540 */  0x02,0x01,0x02,0x02,0x00,0x06,0x01,0x00,0x00,0x10,0x00,0x00,0x00,0x06,0x00,0x00, /* ................ */
/*00000550 */  0x02,0x01,0x02,0x02,0x00,0x06,0x01,0x00,0x00,0x10,0x00,0x00,0x00,0x0a,0x00,0x00, /* ................ */
/*00000560 */  0x02,0x01,0x02,0x02,0x00,0x06,0x01,0x00,0x00,0x10,0x00,0x00,0x00,0x0b,0x00,0x00, /* ................ */
/*00000570 */  0x02,0x01,0x02,0x02,0x00,0x06,0x01,0x00,0x00,0x10,0x00,0x00,0x00,0x0f,0x00,0x00, /* ................ */
/*00000580 */  0x02,0x01,0x02,0x02,0x00,0x11,0x01,0x00,0xd0,0x10,0x00,0x00,0x80,0x04,0x00,0x00, /* ................ */
/*00000590 */  0x02,0x01,0x02,0x02,0x00,0x02,0x01,0x00,0x00,0x14,0x00,0x00,0x40,0x0b,0x00,0x00, /* ............@... */
/*000005a0 */  0x02,0x01,0x02,0x02,0x00,0x06,0x01,0x00,0x00,0x18,0x00,0x00,0x00,0x06,0x00,0x00, /* ................ */
/*000005b0 */  0x02,0x01,0x02,0x02,0x00,0x02,0x01,0x00,0x00,0x20,0x00,0x00,0x00,0x0b,0x00,0x00, /* ......... ...... */
/*000005c0 */  0x02,0x01,0x02,0x02,0x00,0x02,0x01,0x00,0x00,0x20,0x00,0x00,0x00,0x0f,0x00,0x00, /* ......... ...... */
/*000005d0 */  0x02,0x01,0x02,0x02,0x00,0x02,0x01,0x00,0x00,0x23,0x00,0x00,0x00,0x06,0x00,0x00, /* .........#...... */
/*000005e0 */  0x02,0x01,0x02,0x02,0x00,0x02,0x01,0x00,0x00,0x28,0x00,0x00,0x00,0x0a,0x00,0x00, /* .........(...... */
/*000005f0 */  0x02,0x01,0x02,0x02,0x00,0x02,0x01,0x00,0x00,0x2a,0x00,0x00,0x00,0x0a,0x00,0x00, /* ................ */
/*00000600 */  0x02,0x01,0x02,0x02,0x00,0x06,0x01,0x00,0x00,0x30,0x00,0x00,0x00,0x06,0x00,0x00, /* .........0...... */
/*00000610 */  0x02,0x01,0x02,0x02,0x00,0x09,0x01,0x00,0x00,0x3c,0x00,0x00,0x00,0x0f,0x00,0x00, /* .........<...... */
/*00000620 */  0x02,0x01,0x02,0x02,0x00,0x02,0x01,0x00,0x00,0x00,0x04,0x00,0x00,0x06,0x00,0x00, /* ................ */
/*00000630 */  0x02,0x01,0x02,0x02,0x00,0x0a,0x01,0x00,0x00,0x00,0x04,0x00,0x00,0x0a,0x00,0x00, /* ................ */
/*00000640 */  0x02,0x01,0x02,0x02,0x00,0x09,0x01,0x00,0x00,0x00,0x04,0x00,0x00,0x0b,0x00,0x00, /* ................ */
/*00000650 */  0x02,0x01,0x02,0x02,0x00,0x0a,0x01,0x00,0x00,0x00,0x04,0x00,0x00,0x0f,0x00,0x00, /* ................ */
/*00000660 */  0x02,0x01,0x02,0x01,0x00,0x12,0x01,0x00,0x01,0x00,0x00,0x00,0x00,0x08,0x00,0x00, /* ................ */
/*00000670 */  0x02,0x01,0x02,0x01,0x00,0x13,0x01,0x00,0x20,0x00,0x00,0x00,0x00,0x08,0x00,0x00, /* ........ ....... */
/*00000680 */  0x02,0x01,0x02,0x01,0x00,0x00,0x01,0x00,0x20,0x00,0x00,0x00,0x40,0x0b,0x00,0x00, /* ........ ...@... */
/*00000690 */  0x02,0x01,0x02,0x01,0x00,0x13,0x01,0x00,0x20,0x00,0x00,0x00,0x00,0x10,0x00,0x00, /* ........ ....... */
/*000006a0 */  0x02,0x01,0x02,0x01,0x00,0x00,0x01,0x00,0x30,0x00,0x00,0x00,0x00,0x14,0x00,0x00, /* ........0....... */
/*000006b0 */  0x02,0x01,0x02,0x01,0x00,0x02,0x01,0x00,0x00,0x01,0x00,0x00,0x00,0x08,0x00,0x00, /* ................ */
/*000006c0 */  0x02,0x01,0x02,0x01,0x00,0x04,0x01,0x00,0x00,0x01,0x00,0x00,0x00,0x10,0x00,0x00, /* ................ */
/*000006d0 */  0x02,0x01,0x02,0x01,0x00,0x03,0x01,0x00,0x00,0x02,0x00,0x00,0x00,0x08,0x00,0x00, /* ................ */
/*000006e0 */  0x02,0x01,0x02,0x01,0x00,0x01,0x01,0x00,0x00,0x04,0x00,0x00,0x80,0x0a,0x00,0x00, /* ................ */
/*000006f0 */  0x02,0x01,0x02,0x01,0x00,0x02,0x01,0x00,0x00,0x04,0x00,0x00,0x00,0x10,0x00,0x00, /* ................ */
/*00000700 */  0x02,0x01,0x02,0x01,0x00,0x06,0x01,0x00,0x00,0x04,0x00,0x00,0x00,0x14,0x00,0x00, /* ................ */
/*00000710 */  0x02,0x01,0x02,0x01,0x00,0x02,0x01,0x00,0x00,0x05,0x00,0x00,0x00,0x14,0x00,0x00, /* ................ */
/*00000720 */  0x02,0x01,0x02,0x01,0x00,0x08,0x01,0x00,0x00,0x08,0x00,0x00,0x00,0x02,0x00,0x00, /* ................ */
/*00000730 */  0x02,0x01,0x02,0x01,0x00,0x01,0x01,0x00,0x00,0x08,0x00,0x00,0x00,0x10,0x00,0x00, /* ................ */
/*00000740 */  0x02,0x01,0x02,0x01,0x00,0x06,0x01,0x00,0x80,0x0a,0x00,0x00,0x00,0x04,0x00,0x00, /* ................ */
/*00000750 */  0x02,0x01,0x02,0x01,0x00,0x01,0x01,0x00,0x40,0x0b,0x00,0x00,0x00,0x10,0x00,0x00, /* ........@....... */
/*00000760 */  0x02,0x01,0x02,0x01,0x00,0x08,0x01,0x00,0x00,0x10,0x00,0x00,0x00,0x04,0x00,0x00, /* ................ */
/*00000770 */  0x02,0x01,0x02,0x01,0x00,0x09,0x01,0x00,0x00,0x10,0x00,0x00,0x00,0x08,0x00,0x00, /* ................ */
/*00000780 */  0x02,0x01,0x02,0x01,0x00,0x01,0x01,0x00,0x00,0x10,0x00,0x00,0x00,0x10,0x00,0x00, /* ................ */
/*00000790 */  0x02,0x01,0x02,0x01,0x00,0x14,0x01,0x00,0x00,0x10,0x00,0x00,0x00,0x15,0x00,0x00, /* ................ */
/*000007a0 */  0x02,0x01,0x02,0x01,0x00,0x04,0x01,0x00,0x00,0x10,0x00,0x00,0x00,0x20,0x00,0x00, /* ............. .. */
/*000007b0 */  0x02,0x01,0x02,0x01,0x00,0x01,0x01,0x00,0x00,0x10,0x00,0x00,0x00,0x30,0x00,0x00, /* .............0.. */
/*000007c0 */  0x02,0x01,0x02,0x01,0x00,0x09,0x01,0x00,0x00,0x14,0x00,0x00,0x40,0x0b,0x00,0x00, /* ............@... */
/*000007d0 */  0x02,0x01,0x02,0x01,0x00,0x06,0x01,0x00,0x00,0x14,0x00,0x00,0x00,0x14,0x00,0x00, /* ................ */
/*000007e0 */  0x02,0x01,0x02,0x01,0x00,0x09,0x01,0x00,0x00,0x14,0x00,0x00,0x00,0x18,0x00,0x00, /* ................ */
/*000007f0 */  0x02,0x01,0x02,0x01,0x00,0x14,0x01,0x00,0x00,0x14,0x00,0x00,0x00,0x44,0x00,0x00, /* .............D.. */
/*00000800 */  0x02,0x01,0x02,0x01,0x00,0x14,0x01,0x00,0x00,0x14,0x00,0x00,0x00,0x46,0x00,0x00, /* .............F.. */
/*00000810 */  0x02,0x01,0x02,0x01,0x00,0x0d,0x01,0x00,0x00,0x15,0x00,0x00,0x00,0x10,0x00,0x00, /* ................ */
/*00000820 */  0x02,0x01,0x02,0x01,0x00,0x08,0x01,0x00,0x00,0x18,0x00,0x00,0x00,0x14,0x00,0x00, /* ................ */
/*00000830 */  0x02,0x01,0x02,0x01,0x00,0x09,0x01,0x00,0x00,0x20,0x00,0x00,0x00,0x08,0x00,0x00, /* ......... ...... */
/*00000840 */  0x02,0x01,0x02,0x01,0x00,0x01,0x01,0x00,0x00,0x20,0x00,0x00,0x00,0x10,0x00,0x00, /* ......... ...... */
/*00000850 */  0x02,0x01,0x02,0x01,0x00,0x06,0x01,0x00,0x00,0x28,0x00,0x00,0x00,0x14,0x00,0x00, /* .........(...... */
/*00000860 */  0x02,0x01,0x02,0x01,0x00,0x0d,0x01,0x00,0x00,0x30,0x00,0x00,0x00,0x10,0x00,0x00, /* .........0...... */
/*00000870 */  0x02,0x01,0x02,0x01,0x00,0x14,0x01,0x00,0x00,0x30,0x00,0x00,0x00,0x14,0x00,0x00, /* .........0...... */
/*00000880 */  0x02,0x01,0x02,0x01,0x00,0x14,0x01,0x00,0x00,0x44,0x00,0x00,0x00,0x14,0x00,0x00, /* .........D...... */
/*00000890 */  0x02,0x01,0x02,0x01,0x00,0x14,0x01,0x00,0x00,0x46,0x00,0x00,0x00,0x14,0x00,0x00, /* .........F...... */
/*000008a0 */  0x02,0x01,0x02,0x01,0x00,0x10,0x01,0x00,0x80,0x48,0x00,0x00,0x00,0x10,0x00,0x00, /* .........H...... */
/*000008b0 */  0x02,0x01,0x02,0x01,0x00,0x04,0x01,0x00,0x00,0x88,0x01,0x00,0x00,0x14,0x00,0x00, /* ................ */
/*000008c0 */  0x02,0x01,0x02,0x01,0x00,0x10,0x01,0x00,0x00,0x00,0x02,0x00,0x00,0x10,0x00,0x00, /* ................ */
/*000008d0 */  0x02,0x01,0x02,0x01,0x00,0x04,0x01,0x00,0x80,0x11,0x03,0x00,0x40,0x0b,0x00,0x00, /* ............@... */
/*000008e0 */  0x02,0x01,0x02,0x01,0x00,0x0d,0x01,0x00,0x00,0xca,0x03,0x00,0x00,0x08,0x00,0x00, /* ................ */
/*000008f0 */  0x02,0x01,0x02,0x01,0x00,0x15,0x01,0x00,0x00,0xca,0x03,0x00,0x00,0x10,0x00,0x00, /* ................ */
/*00000900 */  0x02,0x01,0x02,0x01,0x00,0x15,0x01,0x00,0x00,0xca,0x03,0x00,0x00,0x14,0x00,0x00, /* ................ */
/*00000910 */  0x03,0x01,0x04,0x02,0x00,0x16,0x01,0x00,0x30,0x00,0x00,0x00,0x00,0x14,0x00,0x00, /* ........0....... */
/*00000920 */  0x03,0x01,0x04,0x02,0x00,0x02,0x01,0x00,0x00,0x04,0x00,0x00,0x00,0x10,0x00,0x00, /* ................ */
/*00000930 */  0x03,0x01,0x04,0x02,0x00,0x11,0x01,0x00,0x00,0x04,0x00,0x00,0x00,0x14,0x00,0x00, /* ................ */
/*00000940 */  0x03,0x01,0x04,0x02,0x00,0x10,0x01,0x00,0x00,0x10,0x00,0x00,0x00,0x10,0x00,0x00, /* ................ */
/*00000950 */  0x03,0x01,0x04,0x02,0x00,0x00,0x01,0x00,0x00,0x10,0x00,0x00,0x00,0x38,0x00,0x00, /* .............8.. */
/*00000960 */  0x03,0x01,0x04,0x02,0x00,0x11,0x01,0x00,0x00,0x14,0x00,0x00,0x00,0x14,0x00,0x00, /* ................ */
/*00000970 */  0x03,0x01,0x04,0x02,0x00,0x0a,0x01,0x00,0x00,0x14,0x00,0x00,0x00,0x18,0x00,0x00, /* ................ */
/*00000980 */  0x03,0x01,0x04,0x02,0x00,0x0f,0x01,0x00,0x00,0x14,0x00,0x00,0x00,0x36,0x00,0x00, /* .............6.. */
/*00000990 */  0x03,0x01,0x04,0x02,0x00,0x00,0x01,0x00,0x00,0x14,0x00,0x00,0x00,0x44,0x00,0x00, /* .............D.. */
/*000009a0 */  0x03,0x01,0x04,0x02,0x00,0x11,0x01,0x00,0x00,0x18,0x00,0x00,0x00,0x14,0x00,0x00, /* ................ */
/*000009b0 */  0x03,0x01,0x04,0x02,0x00,0x11,0x01,0x00,0x00,0x28,0x00,0x00,0x00,0x14,0x00,0x00, /* .........(...... */
/*000009c0 */  0x03,0x01,0x04,0x02,0x00,0x11,0x01,0x00,0x00,0x30,0x00,0x00,0x00,0x14,0x00,0x00, /* .........0...... */
/*000009d0 */  0x03,0x01,0x04,0x02,0x00,0x0f,0x01,0x00,0x00,0x36,0x00,0x00,0x00,0x14,0x00,0x00, /* .........6...... */
/*000009e0 */  0x03,0x01,0x04,0x02,0x00,0x10,0x01,0x00,0x00,0x38,0x00,0x00,0x00,0x10,0x00,0x00, /* .........8...... */
/*000009f0 */  0x03,0x01,0x04,0x02,0x00,0x0f,0x01,0x00,0x00,0x44,0x00,0x00,0x00,0x14,0x00,0x00, /* .........D...... */
/*00000a00 */  0x03,0x01,0x04,0x02,0x00,0x0b,0x01,0x00,0x00,0xf5,0x01,0x00,0x00,0x10,0x00,0x00, /* ................ */
/*00000a10 */  0x03,0x01,0x04,0x02,0x00,0x07,0x01,0x00,0x00,0x52,0x02,0x00,0x00,0x14,0x00,0x00, /* .........R...... */
/*00000a20 */  0x03,0x01,0x04,0x02,0x00,0x0f,0x01,0x00,0x00,0xca,0x03,0x00,0x00,0x14,0x00,0x00, /* ................ */
/*00000a30 */  0x03,0x01,0x04,0x01,0x00,0x0a,0x01,0x00,0x00,0x04,0x00,0x00,0x00,0x0a,0x00,0x00, /* ................ */
/*00000a40 */  0x03,0x01,0x04,0x01,0x00,0x01,0x01,0x00,0x00,0x04,0x00,0x00,0x00,0x10,0x00,0x00, /* ................ */
/*00000a50 */  0x03,0x01,0x04,0x01,0x00,0x00,0x01,0x00,0x00,0x04,0x00,0x00,0x00,0x20,0x00,0x00, /* ............. .. */
/*00000a60 */  0x03,0x01,0x04,0x01,0x00,0x11,0x01,0x00,0x00,0x08,0x00,0x00,0x00,0x0a,0x00,0x00, /* ................ */
/*00000a70 */  0x03,0x01,0x04,0x01,0x00,0x0f,0x01,0x00,0x00,0x0a,0x00,0x00,0x00,0x08,0x00,0x00, /* ................ */
/*00000a80 */  0x03,0x01,0x04,0x01,0x00,0x01,0x01,0x00,0x00,0x0a,0x00,0x00,0x00,0x28,0x00,0x00, /* .............(.. */
/*00000a90 */  0x03,0x01,0x04,0x01,0x00,0x07,0x01,0x00,0x00,0x10,0x00,0x00,0x00,0x10,0x00,0x00, /* ................ */
/*00000aa0 */  0x03,0x01,0x04,0x01,0x00,0x0f,0x01,0x00,0x00,0x10,0x00,0x00,0x00,0x38,0x00,0x00, /* .............8.. */
/*00000ab0 */  0x03,0x01,0x04,0x01,0x00,0x04,0x01,0x00,0x00,0x20,0x00,0x00,0x00,0x20,0x00,0x00, /* ......... ... .. */
/*00000ac0 */  0x03,0x01,0x04,0x01,0x00,0x12,0x01,0x00,0x00,0x20,0x00,0x00,0x00,0x70,0x00,0x00, /* ......... ...p.. */
/*00000ad0 */  0x03,0x01,0x04,0x01,0x00,0x0a,0x01,0x00,0x00,0x28,0x00,0x00,0x00,0x0a,0x00,0x00, /* .........(...... */
/*00000ae0 */  0x03,0x01,0x04,0x01,0x00,0x01,0x01,0x00,0x00,0x38,0x00,0x00,0x00,0x10,0x00,0x00, /* .........8...... */
/*00000af0 */  0x03,0x01,0x04,0x01,0x00,0x17,0x01,0x00,0x00,0x70,0x00,0x00,0x00,0x20,0x00,0x00, /* .........p... .. */
/*00000b00 */  0x03,0x01,0x04,0x01,0x00,0x10,0x01,0x00,0x00,0x80,0x00,0x00,0x00,0x10,0x00,0x00, /* ................ */
/*00000b10 */  0x03,0x01,0x04,0x01,0x00,0x17,0x01,0x00,0x00,0xf5,0x01,0x00,0x00,0x20,0x00,0x00, /* ............. .. */
/*00000b20 */  0x03,0x01,0x04,0x01,0x00,0x04,0x01,0x00,0x40,0x00,0x04,0x00,0x00,0x0a,0x00,0x00, /* ........@....... */
/*00000b30 */  0x03,0x01,0x02,0x02,0x00,0x00,0x01,0x00,0x80,0x00,0x00,0x00,0x00,0x0b,0x00,0x00, /* ................ */
/*00000b40 */  0x03,0x01,0x02,0x02,0x00,0x0f,0x01,0x00,0x00,0x01,0x00,0x00,0x00,0x06,0x00,0x00, /* ................ */
/*00000b50 */  0x03,0x01,0x02,0x02,0x00,0x0f,0x01,0x00,0x00,0x01,0x00,0x00,0x00,0x0a,0x00,0x00, /* ................ */
/*00000b60 */  0x03,0x01,0x02,0x02,0x00,0x11,0x01,0x00,0x00,0x02,0x00,0x00,0x00,0x06,0x00,0x00, /* ................ */
/*00000b70 */  0x03,0x01,0x02,0x02,0x00,0x11,0x01,0x00,0x00,0x02,0x00,0x00,0x00,0x0a,0x00,0x00, /* ................ */
/*00000b80 */  0x03,0x01,0x02,0x02,0x00,0x10,0x01,0x00,0x00,0x02,0x00,0x00,0x00,0x0f,0x00,0x00, /* ................ */
/*00000b90 */  0x03,0x01,0x02,0x02,0x00,0x04,0x01,0x00,0x00,0x03,0x00,0x00,0x00,0x03,0x00,0x00, /* ................ */
/*00000ba0 */  0x03,0x01,0x02,0x02,0x00,0x03,0x01,0x00,0x00,0x03,0x00,0x00,0x00,0x0c,0x00,0x00, /* ................ */
/*00000bb0 */  0x03,0x01,0x02,0x02,0x00,0x11,0x01,0x00,0x00,0x04,0x00,0x00,0x00,0x04,0x00,0x00, /* ................ */
/*00000bc0 */  0x03,0x01,0x02,0x02,0x00,0x09,0x01,0x00,0x00,0x04,0x00,0x00,0x00,0x0a,0x00,0x00, /* ................ */
/*00000bd0 */  0x03,0x01,0x02,0x02,0x00,0x11,0x01,0x00,0x00,0x04,0x00,0x00,0x00,0x0b,0x00,0x00, /* ................ */
/*00000be0 */  0x03,0x01,0x02,0x02,0x00,0x00,0x01,0x00,0x00,0x04,0x00,0x00,0x00,0x10,0x00,0x00, /* ................ */
/*00000bf0 */  0x03,0x01,0x02,0x02,0x00,0x11,0x01,0x00,0x80,0x04,0x00,0x00,0x00,0x03,0x00,0x00, /* ................ */
/*00000c00 */  0x03,0x01,0x02,0x02,0x00,0x11,0x01,0x00,0x80,0x04,0x00,0x00,0x80,0x04,0x00,0x00, /* ................ */
/*00000c10 */  0x03,0x01,0x02,0x02,0x00,0x09,0x01,0x00,0x00,0x06,0x00,0x00,0x00,0x01,0x00,0x00, /* ................ */
/*00000c20 */  0x03,0x01,0x02,0x02,0x00,0x08,0x01,0x00,0x00,0x06,0x00,0x00,0x00,0x03,0x00,0x00, /* ................ */
/*00000c30 */  0x03,0x01,0x02,0x02,0x00,0x11,0x01,0x00,0x00,0x06,0x00,0x00,0x00,0x04,0x00,0x00, /* ................ */
/*00000c40 */  0x03,0x01,0x02,0x02,0x00,0x05,0x01,0x00,0x00,0x06,0x00,0x00,0x00,0x06,0x00,0x00, /* ................ */
/*00000c50 */  0x03,0x01,0x02,0x02,0x00,0x05,0x01,0x00,0x00,0x06,0x00,0x00,0x00,0x08,0x00,0x00, /* ................ */
/*00000c60 */  0x03,0x01,0x02,0x02,0x00,0x10,0x01,0x00,0x00,0x06,0x00,0x00,0x00,0x10,0x00,0x00, /* ................ */
/*00000c70 */  0x03,0x01,0x02,0x02,0x00,0x09,0x01,0x00,0x00,0x06,0x00,0x00,0x00,0x18,0x00,0x00, /* ................ */
/*00000c80 */  0x03,0x01,0x02,0x02,0x00,0x00,0x01,0x00,0x00,0x06,0x00,0x00,0x00,0x30,0x00,0x00, /* .............0.. */
/*00000c90 */  0x03,0x01,0x02,0x02,0x00,0x06,0x01,0x00,0x00,0x08,0x00,0x00,0x00,0x04,0x00,0x00, /* ................ */
/*00000ca0 */  0x03,0x01,0x02,0x02,0x00,0x11,0x01,0x00,0x00,0x08,0x00,0x00,0x00,0x06,0x00,0x00, /* ................ */
/*00000cb0 */  0x03,0x01,0x02,0x02,0x00,0x11,0x01,0x00,0x00,0x08,0x00,0x00,0x00,0x0a,0x00,0x00, /* ................ */
/*00000cc0 */  0x03,0x01,0x02,0x02,0x00,0x11,0x01,0x00,0x00,0x08,0x00,0x00,0x00,0x0b,0x00,0x00, /* ................ */
/*00000cd0 */  0x03,0x01,0x02,0x02,0x00,0x11,0x01,0x00,0x00,0x08,0x00,0x00,0x00,0x0f,0x00,0x00, /* ................ */
/*00000ce0 */  0x03,0x01,0x02,0x02,0x00,0x11,0x01,0x00,0x40,0x08,0x00,0x00,0x00,0x0b,0x00,0x00, /* ........@....... */
/*00000cf0 */  0x03,0x01,0x02,0x02,0x00,0x06,0x01,0x00,0x00,0x0a,0x00,0x00,0x00,0x01,0x00,0x00, /* ................ */
/*00000d00 */  0x03,0x01,0x02,0x02,0x00,0x11,0x01,0x00,0x00,0x0a,0x00,0x00,0x00,0x03,0x00,0x00, /* ................ */
/*00000d10 */  0x03,0x01,0x02,0x02,0x00,0x11,0x01,0x00,0x00,0x0a,0x00,0x00,0x00,0x06,0x00,0x00, /* ................ */
/*00000d20 */  0x03,0x01,0x02,0x02,0x00,0x11,0x01,0x00,0x00,0x0a,0x00,0x00,0x00,0x08,0x00,0x00, /* ................ */
/*00000d30 */  0x03,0x01,0x02,0x02,0x00,0x00,0x01,0x00,0x00,0x0a,0x00,0x00,0x00,0x10,0x00,0x00, /* ................ */
/*00000d40 */  0x03,0x01,0x02,0x02,0x00,0x11,0x01,0x00,0x00,0x0a,0x00,0x00,0x00,0x28,0x00,0x00, /* .............(.. */
/*00000d50 */  0x03,0x01,0x02,0x02,0x00,0x11,0x01,0x00,0x00,0x0b,0x00,0x00,0x80,0x04,0x00,0x00, /* ................ */
/*00000d60 */  0x03,0x01,0x02,0x02,0x00,0x11,0x01,0x00,0x00,0x0b,0x00,0x00,0x40,0x08,0x00,0x00, /* ............@... */
/*00000d70 */  0x03,0x01,0x02,0x02,0x00,0x0f,0x01,0x00,0x00,0x0b,0x00,0x00,0x00,0x10,0x00,0x00, /* ................ */
/*00000d80 */  0x03,0x01,0x02,0x02,0x00,0x00,0x01,0x00,0x00,0x0b,0x00,0x00,0x00,0x20,0x00,0x00, /* ............. .. */
/*00000d90 */  0x03,0x01,0x02,0x02,0x00,0x10,0x01,0x00,0x40,0x0b,0x00,0x00,0x00,0x10,0x00,0x00, /* ........@....... */
/*00000da0 */  0x03,0x01,0x02,0x02,0x00,0x06,0x01,0x00,0x00,0x0c,0x00,0x00,0x00,0x03,0x00,0x00, /* ................ */
/*00000db0 */  0x03,0x01,0x02,0x02,0x00,0x0f,0x01,0x00,0x00,0x0f,0x00,0x00,0x00,0x10,0x00,0x00, /* ................ */
/*00000dc0 */  0x03,0x01,0x02,0x02,0x00,0x0c,0x01,0x00,0x00,0x0f,0x00,0x00,0x00,0x20,0x00,0x00, /* ............. .. */
/*00000dd0 */  0x03,0x01,0x02,0x02,0x00,0x00,0x01,0x00,0x00,0x0f,0x00,0x00,0x00,0x3c,0x00,0x00, /* .............<.. */
/*00000de0 */  0x03,0x01,0x02,0x02,0x00,0x11,0x01,0x00,0x00,0x10,0x00,0x00,0x00,0x04,0x00,0x00, /* ................ */
/*00000df0 */  0x03,0x01,0x02,0x02,0x00,0x11,0x01,0x00,0x00,0x10,0x00,0x00,0x00,0x06,0x00,0x00, /* ................ */
/*00000e00 */  0x03,0x01,0x02,0x02,0x00,0x11,0x01,0x00,0x00,0x10,0x00,0x00,0x00,0x0a,0x00,0x00, /* ................ */
/*00000e10 */  0x03,0x01,0x02,0x02,0x00,0x11,0x01,0x00,0x00,0x10,0x00,0x00,0x00,0x0b,0x00,0x00, /* ................ */
/*00000e20 */  0x03,0x01,0x02,0x02,0x00,0x11,0x01,0x00,0x00,0x10,0x00,0x00,0x00,0x0f,0x00,0x00, /* ................ */
/*00000e30 */  0x03,0x01,0x02,0x02,0x00,0x06,0x01,0x00,0xd0,0x10,0x00,0x00,0x80,0x04,0x00,0x00, /* ................ */
/*00000e40 */  0x03,0x01,0x02,0x02,0x00,0x11,0x01,0x00,0x00,0x14,0x00,0x00,0x40,0x0b,0x00,0x00, /* ............@... */
/*00000e50 */  0x03,0x01,0x02,0x02,0x00,0x11,0x01,0x00,0x00,0x18,0x00,0x00,0x00,0x06,0x00,0x00, /* ................ */
/*00000e60 */  0x03,0x01,0x02,0x02,0x00,0x11,0x01,0x00,0x00,0x20,0x00,0x00,0x00,0x0b,0x00,0x00, /* ......... ...... */
/*00000e70 */  0x03,0x01,0x02,0x02,0x00,0x11,0x01,0x00,0x00,0x20,0x00,0x00,0x00,0x0f,0x00,0x00, /* ......... ...... */
/*00000e80 */  0x03,0x01,0x02,0x02,0x00,0x11,0x01,0x00,0x00,0x23,0x00,0x00,0x00,0x06,0x00,0x00, /* .........#...... */
/*00000e90 */  0x03,0x01,0x02,0x02,0x00,0x11,0x01,0x00,0x00,0x28,0x00,0x00,0x00,0x0a,0x00,0x00, /* .........(...... */
/*00000ea0 */  0x03,0x01,0x02,0x02,0x00,0x11,0x01,0x00,0x00,0x2a,0x00,0x00,0x00,0x0a,0x00,0x00, /* ................ */
/*00000eb0 */  0x03,0x01,0x02,0x02,0x00,0x11,0x01,0x00,0x00,0x30,0x00,0x00,0x00,0x06,0x00,0x00, /* .........0...... */
/*00000ec0 */  0x03,0x01,0x02,0x02,0x00,0x09,0x01,0x00,0x00,0x3c,0x00,0x00,0x00,0x0f,0x00,0x00, /* .........<...... */
/*00000ed0 */  0x03,0x01,0x02,0x02,0x00,0x11,0x01,0x00,0x00,0x00,0x04,0x00,0x00,0x06,0x00,0x00, /* ................ */
/*00000ee0 */  0x03,0x01,0x02,0x02,0x00,0x10,0x01,0x00,0x00,0x00,0x04,0x00,0x00,0x0a,0x00,0x00, /* ................ */
/*00000ef0 */  0x03,0x01,0x02,0x02,0x00,0x01,0x01,0x00,0x00,0x00,0x04,0x00,0x00,0x0b,0x00,0x00, /* ................ */
/*00000f00 */  0x03,0x01,0x02,0x02,0x00,0x10,0x01,0x00,0x00,0x00,0x04,0x00,0x00,0x0f,0x00,0x00, /* ................ */
/*00000f10 */  0x03,0x01,0x02,0x01,0x00,0x18,0x01,0x00,0x01,0x00,0x00,0x00,0x00,0x08,0x00,0x00, /* ................ */
/*00000f20 */  0x03,0x01,0x02,0x01,0x00,0x18,0x01,0x00,0x20,0x00,0x00,0x00,0x00,0x08,0x00,0x00, /* ........ ....... */
/*00000f30 */  0x03,0x01,0x02,0x01,0x00,0x0e,0x01,0x00,0x20,0x00,0x00,0x00,0x40,0x0b,0x00,0x00, /* ........ ...@... */
/*00000f40 */  0x03,0x01,0x02,0x01,0x00,0x11,0x01,0x00,0x20,0x00,0x00,0x00,0x00,0x10,0x00,0x00, /* ........ ....... */
/*00000f50 */  0x03,0x01,0x02,0x01,0x00,0x13,0x01,0x00,0x30,0x00,0x00,0x00,0x00,0x14,0x00,0x00, /* ........0....... */
/*00000f60 */  0x03,0x01,0x02,0x01,0x00,0x11,0x01,0x00,0x00,0x01,0x00,0x00,0x00,0x08,0x00,0x00, /* ................ */
/*00000f70 */  0x03,0x01,0x02,0x01,0x00,0x19,0x01,0x00,0x00,0x01,0x00,0x00,0x00,0x10,0x00,0x00, /* ................ */
/*00000f80 */  0x03,0x01,0x02,0x01,0x00,0x11,0x01,0x00,0x00,0x02,0x00,0x00,0x00,0x08,0x00,0x00, /* ................ */
/*00000f90 */  0x03,0x01,0x02,0x01,0x00,0x04,0x01,0x00,0x00,0x04,0x00,0x00,0x80,0x0a,0x00,0x00, /* ................ */
/*00000fa0 */  0x03,0x01,0x02,0x01,0x00,0x02,0x01,0x00,0x00,0x04,0x00,0x00,0x00,0x10,0x00,0x00, /* ................ */
/*00000fb0 */  0x03,0x01,0x02,0x01,0x00,0x11,0x01,0x00,0x00,0x04,0x00,0x00,0x00,0x14,0x00,0x00, /* ................ */
/*00000fc0 */  0x03,0x01,0x02,0x01,0x00,0x11,0x01,0x00,0x00,0x05,0x00,0x00,0x00,0x14,0x00,0x00, /* ................ */
/*00000fd0 */  0x03,0x01,0x02,0x01,0x00,0x09,0x01,0x00,0x00,0x08,0x00,0x00,0x00,0x02,0x00,0x00, /* ................ */
/*00000fe0 */  0x03,0x01,0x02,0x01,0x00,0x19,0x01,0x00,0x00,0x08,0x00,0x00,0x00,0x10,0x00,0x00, /* ................ */
/*00000ff0 */  0x03,0x01,0x02,0x01,0x00,0x11,0x01,0x00,0x80,0x0a,0x00,0x00,0x00,0x04,0x00,0x00, /* ................ */
/*00001000 */  0x03,0x01,0x02,0x01,0x00,0x07,0x01,0x00,0x40,0x0b,0x00,0x00,0x00,0x10,0x00,0x00, /* ........@....... */
/*00001010 */  0x03,0x01,0x02,0x01,0x00,0x11,0x01,0x00,0x00,0x10,0x00,0x00,0x00,0x04,0x00,0x00, /* ................ */
/*00001020 */  0x03,0x01,0x02,0x01,0x00,0x0a,0x01,0x00,0x00,0x10,0x00,0x00,0x00,0x08,0x00,0x00, /* ................ */
/*00001030 */  0x03,0x01,0x02,0x01,0x00,0x10,0x01,0x00,0x00,0x10,0x00,0x00,0x00,0x10,0x00,0x00, /* ................ */
/*00001040 */  0x03,0x01,0x02,0x01,0x00,0x11,0x01,0x00,0x00,0x10,0x00,0x00,0x00,0x15,0x00,0x00, /* ................ */
/*00001050 */  0x03,0x01,0x02,0x01,0x00,0x07,0x01,0x00,0x00,0x10,0x00,0x00,0x00,0x20,0x00,0x00, /* ............. .. */
/*00001060 */  0x03,0x01,0x02,0x01,0x00,0x10,0x01,0x00,0x00,0x10,0x00,0x00,0x00,0x30,0x00,0x00, /* .............0.. */
/*00001070 */  0x03,0x01,0x02,0x01,0x00,0x11,0x01,0x00,0x00,0x14,0x00,0x00,0x40,0x0b,0x00,0x00, /* ............@... */
/*00001080 */  0x03,0x01,0x02,0x01,0x00,0x11,0x01,0x00,0x00,0x14,0x00,0x00,0x00,0x14,0x00,0x00, /* ................ */
/*00001090 */  0x03,0x01,0x02,0x01,0x00,0x0f,0x01,0x00,0x00,0x14,0x00,0x00,0x00,0x18,0x00,0x00, /* ................ */
/*000010a0 */  0x03,0x01,0x02,0x01,0x00,0x0e,0x01,0x00,0x00,0x14,0x00,0x00,0x00,0x44,0x00,0x00, /* .............D.. */
/*000010b0 */  0x03,0x01,0x02,0x01,0x00,0x12,0x01,0x00,0x00,0x14,0x00,0x00,0x00,0x46,0x00,0x00, /* .............F.. */
/*000010c0 */  0x03,0x01,0x02,0x01,0x00,0x07,0x01,0x00,0x00,0x15,0x00,0x00,0x00,0x10,0x00,0x00, /* ................ */
/*000010d0 */  0x03,0x01,0x02,0x01,0x00,0x02,0x01,0x00,0x00,0x18,0x00,0x00,0x00,0x14,0x00,0x00, /* ................ */
/*000010e0 */  0x03,0x01,0x02,0x01,0x00,0x11,0x01,0x00,0x00,0x20,0x00,0x00,0x00,0x08,0x00,0x00, /* ......... ...... */
/*000010f0 */  0x03,0x01,0x02,0x01,0x00,0x10,0x01,0x00,0x00,0x20,0x00,0x00,0x00,0x10,0x00,0x00, /* ......... ...... */
/*00001100 */  0x03,0x01,0x02,0x01,0x00,0x07,0x01,0x00,0x00,0x28,0x00,0x00,0x00,0x14,0x00,0x00, /* .........(...... */
/*00001110 */  0x03,0x01,0x02,0x01,0x00,0x10,0x01,0x00,0x00,0x30,0x00,0x00,0x00,0x10,0x00,0x00, /* .........0...... */
/*00001120 */  0x03,0x01,0x02,0x01,0x00,0x0a,0x01,0x00,0x00,0x30,0x00,0x00,0x00,0x14,0x00,0x00, /* .........0...... */
/*00001130 */  0x03,0x01,0x02,0x01,0x00,0x10,0x01,0x00,0x00,0x44,0x00,0x00,0x00,0x14,0x00,0x00, /* .........D...... */
/*00001140 */  0x03,0x01,0x02,0x01,0x00,0x18,0x01,0x00,0x00,0x46,0x00,0x00,0x00,0x14,0x00,0x00, /* .........F...... */
/*00001150 */  0x03,0x01,0x02,0x01,0x00,0x10,0x01,0x00,0x80,0x48,0x00,0x00,0x00,0x10,0x00,0x00, /* .........H...... */
/*00001160 */  0x03,0x01,0x02,0x01,0x00,0x07,0x01,0x00,0x00,0x88,0x01,0x00,0x00,0x14,0x00,0x00, /* ................ */
/*00001170 */  0x03,0x01,0x02,0x01,0x00,0x18,0x01,0x00,0x00,0x00,0x02,0x00,0x00,0x10,0x00,0x00, /* ................ */
/*00001180 */  0x03,0x01,0x02,0x01,0x00,0x0a,0x01,0x00,0x80,0x11,0x03,0x00,0x40,0x0b,0x00,0x00, /* ............@... */
/*00001190 */  0x03,0x01,0x02,0x01,0x00,0x04,0x01,0x00,0x00,0xca,0x03,0x00,0x00,0x08,0x00,0x00, /* ................ */
/*000011a0 */  0x03,0x01,0x02,0x01,0x00,0x18,0x01,0x00,0x00,0xca,0x03,0x00,0x00,0x10,0x00,0x00, /* ................ */
/*000011b0 */  0x03,0x01,0x02,0x01,0x00,0x18,0x01,0x00,0x00,0xca,0x03,0x00,0x00,0x14,0x00,0x00, /* ................ */
/*000011c0 */  0x01,0x01,0x04,0x02,0x01,0x1a,0x08,0x00,0x30,0x00,0x00,0x00,0x00,0x14,0x00,0x00, /* ........0....... */
/*000011d0 */  0x01,0x01,0x04,0x02,0x01,0x1b,0x08,0x00,0x00,0x04,0x00,0x00,0x00,0x10,0x00,0x00, /* ................ */
/*000011e0 */  0x01,0x01,0x04,0x02,0x01,0x1c,0x08,0x00,0x00,0x04,0x00,0x00,0x00,0x14,0x00,0x00, /* ................ */
/*000011f0 */  0x01,0x01,0x04,0x02,0x01,0x1d,0x08,0x00,0x00,0x10,0x00,0x00,0x00,0x10,0x00,0x00, /* ................ */
/*00001200 */  0x01,0x01,0x04,0x02,0x01,0x1e,0x08,0x00,0x00,0x10,0x00,0x00,0x00,0x38,0x00,0x00, /* .............8.. */
/*00001210 */  0x01,0x01,0x04,0x02,0x01,0x1f,0x08,0x00,0x00,0x14,0x00,0x00,0x00,0x14,0x00,0x00, /* ................ */
/*00001220 */  0x01,0x01,0x04,0x02,0x01,0x1f,0x08,0x00,0x00,0x14,0x00,0x00,0x00,0x18,0x00,0x00, /* ................ */
/*00001230 */  0x01,0x01,0x04,0x02,0x01,0x1b,0x08,0x00,0x00,0x14,0x00,0x00,0x00,0x36,0x00,0x00, /* .............6.. */
/*00001240 */  0x01,0x01,0x04,0x02,0x01,0x1d,0x08,0x00,0x00,0x14,0x00,0x00,0x00,0x44,0x00,0x00, /* .............D.. */
/*00001250 */  0x01,0x01,0x04,0x02,0x01,0x1f,0x08,0x00,0x00,0x18,0x00,0x00,0x00,0x14,0x00,0x00, /* ................ */
/*00001260 */  0x01,0x01,0x04,0x02,0x01,0x20,0x08,0x00,0x00,0x28,0x00,0x00,0x00,0x14,0x00,0x00, /* ..... ...(...... */
/*00001270 */  0x01,0x01,0x04,0x02,0x01,0x21,0x08,0x00,0x00,0x30,0x00,0x00,0x00,0x14,0x00,0x00, /* .....!...0...... */
/*00001280 */  0x01,0x01,0x04,0x02,0x01,0x22,0x08,0x00,0x00,0x36,0x00,0x00,0x00,0x14,0x00,0x00, /* ....."...6...... */
/*00001290 */  0x01,0x01,0x04,0x02,0x01,0x23,0x08,0x00,0x00,0x38,0x00,0x00,0x00,0x10,0x00,0x00, /* .....#...8...... */
/*000012a0 */  0x01,0x01,0x04,0x02,0x01,0x24,0x08,0x00,0x00,0x44,0x00,0x00,0x00,0x14,0x00,0x00, /* .....$...D...... */
/*000012b0 */  0x01,0x01,0x04,0x02,0x01,0x1a,0x10,0x00,0x30,0x00,0x00,0x00,0x00,0x14,0x00,0x00, /* ........0....... */
/*000012c0 */  0x01,0x01,0x04,0x02,0x01,0x1d,0x10,0x00,0x00,0x04,0x00,0x00,0x00,0x10,0x00,0x00, /* ................ */
/*000012d0 */  0x01,0x01,0x04,0x02,0x01,0x1d,0x10,0x00,0x00,0x04,0x00,0x00,0x00,0x14,0x00,0x00, /* ................ */
/*000012e0 */  0x01,0x01,0x04,0x02,0x01,0x1b,0x10,0x00,0x00,0x10,0x00,0x00,0x00,0x10,0x00,0x00, /* ................ */
/*000012f0 */  0x01,0x01,0x04,0x02,0x01,0x21,0x10,0x00,0x00,0x10,0x00,0x00,0x00,0x38,0x00,0x00, /* .....!.......8.. */
/*00001300 */  0x01,0x01,0x04,0x02,0x01,0x25,0x10,0x00,0x00,0x14,0x00,0x00,0x00,0x14,0x00,0x00, /* .....%.......... */
/*00001310 */  0x01,0x01,0x04,0x02,0x01,0x1f,0x10,0x00,0x00,0x14,0x00,0x00,0x00,0x18,0x00,0x00, /* ................ */
/*00001320 */  0x01,0x01,0x04,0x02,0x01,0x25,0x10,0x00,0x00,0x14,0x00,0x00,0x00,0x36,0x00,0x00, /* .....%.......6.. */
/*00001330 */  0x01,0x01,0x04,0x02,0x01,0x25,0x10,0x00,0x00,0x14,0x00,0x00,0x00,0x44,0x00,0x00, /* .....%.......D.. */
/*00001340 */  0x01,0x01,0x04,0x02,0x01,0x1f,0x10,0x00,0x00,0x18,0x00,0x00,0x00,0x14,0x00,0x00, /* ................ */
/*00001350 */  0x01,0x01,0x04,0x02,0x01,0x1e,0x10,0x00,0x00,0x28,0x00,0x00,0x00,0x14,0x00,0x00, /* .........(...... */
/*00001360 */  0x01,0x01,0x04,0x02,0x01,0x20,0x10,0x00,0x00,0x30,0x00,0x00,0x00,0x14,0x00,0x00, /* ..... ...0...... */
/*00001370 */  0x01,0x01,0x04,0x02,0x01,0x26,0x10,0x00,0x00,0x36,0x00,0x00,0x00,0x14,0x00,0x00, /* .....&...6...... */
/*00001380 */  0x01,0x01,0x04,0x02,0x01,0x23,0x10,0x00,0x00,0x38,0x00,0x00,0x00,0x10,0x00,0x00, /* .....#...8...... */
/*00001390 */  0x01,0x01,0x04,0x02,0x01,0x1c,0x10,0x00,0x00,0x44,0x00,0x00,0x00,0x14,0x00,0x00, /* .........D...... */
/*000013a0 */  0x01,0x01,0x04,0x02,0x01,0x27,0x20,0x00,0x30,0x00,0x00,0x00,0x00,0x14,0x00,0x00, /* .....' .0....... */
/*000013b0 */  0x01,0x01,0x04,0x02,0x01,0x1e,0x20,0x00,0x00,0x04,0x00,0x00,0x00,0x10,0x00,0x00, /* ...... ......... */
/*000013c0 */  0x01,0x01,0x04,0x02,0x01,0x20,0x20,0x00,0x00,0x04,0x00,0x00,0x00,0x14,0x00,0x00, /* .....  ......... */
/*000013d0 */  0x01,0x01,0x04,0x02,0x01,0x1f,0x20,0x00,0x00,0x10,0x00,0x00,0x00,0x10,0x00,0x00, /* ...... ......... */
/*000013e0 */  0x01,0x01,0x04,0x02,0x01,0x1d,0x20,0x00,0x00,0x10,0x00,0x00,0x00,0x38,0x00,0x00, /* ...... ......8.. */
/*000013f0 */  0x01,0x01,0x04,0x02,0x01,0x25,0x20,0x00,0x00,0x14,0x00,0x00,0x00,0x14,0x00,0x00, /* .....% ......... */
/*00001400 */  0x01,0x01,0x04,0x02,0x01,0x25,0x20,0x00,0x00,0x14,0x00,0x00,0x00,0x18,0x00,0x00, /* .....% ......... */
/*00001410 */  0x01,0x01,0x04,0x02,0x01,0x1f,0x20,0x00,0x00,0x14,0x00,0x00,0x00,0x36,0x00,0x00, /* ...... ......6.. */
/*00001420 */  0x01,0x01,0x04,0x02,0x01,0x1f,0x20,0x00,0x00,0x14,0x00,0x00,0x00,0x44,0x00,0x00, /* ...... ......D.. */
/*00001430 */  0x01,0x01,0x04,0x02,0x01,0x1f,0x20,0x00,0x00,0x18,0x00,0x00,0x00,0x14,0x00,0x00, /* ...... ......... */
/*00001440 */  0x01,0x01,0x04,0x02,0x01,0x28,0x20,0x00,0x00,0x28,0x00,0x00,0x00,0x14,0x00,0x00, /* .....( ..(...... */
/*00001450 */  0x01,0x01,0x04,0x02,0x01,0x20,0x20,0x00,0x00,0x30,0x00,0x00,0x00,0x14,0x00,0x00, /* .....  ..0...... */
/*00001460 */  0x01,0x01,0x04,0x02,0x01,0x1c,0x20,0x00,0x00,0x36,0x00,0x00,0x00,0x14,0x00,0x00, /* ...... ..6...... */
/*00001470 */  0x01,0x01,0x04,0x02,0x01,0x23,0x20,0x00,0x00,0x38,0x00,0x00,0x00,0x10,0x00,0x00, /* .....# ..8...... */
/*00001480 */  0x01,0x01,0x04,0x02,0x01,0x1c,0x20,0x00,0x00,0x44,0x00,0x00,0x00,0x14,0x00,0x00, /* ...... ..D...... */
/*00001490 */  0x01,0x01,0x04,0x02,0x01,0x1a,0x40,0x00,0x30,0x00,0x00,0x00,0x00,0x14,0x00,0x00, /* ......@.0....... */
/*000014a0 */  0x01,0x01,0x04,0x02,0x01,0x29,0x40,0x00,0x00,0x04,0x00,0x00,0x00,0x10,0x00,0x00, /* .....)@......... */
/*000014b0 */  0x01,0x01,0x04,0x02,0x01,0x1f,0x40,0x00,0x00,0x04,0x00,0x00,0x00,0x14,0x00,0x00, /* ......@......... */
/*000014c0 */  0x01,0x01,0x04,0x02,0x01,0x1d,0x40,0x00,0x00,0x10,0x00,0x00,0x00,0x10,0x00,0x00, /* ......@......... */
/*000014d0 */  0x01,0x01,0x04,0x02,0x01,0x1b,0x40,0x00,0x00,0x10,0x00,0x00,0x00,0x38,0x00,0x00, /* ......@......8.. */
/*000014e0 */  0x01,0x01,0x04,0x02,0x01,0x1b,0x40,0x00,0x00,0x14,0x00,0x00,0x00,0x14,0x00,0x00, /* ......@......... */
/*000014f0 */  0x01,0x01,0x04,0x02,0x01,0x1d,0x40,0x00,0x00,0x14,0x00,0x00,0x00,0x18,0x00,0x00, /* ......@......... */
/*00001500 */  0x01,0x01,0x04,0x02,0x01,0x25,0x40,0x00,0x00,0x14,0x00,0x00,0x00,0x36,0x00,0x00, /* .....%@......6.. */
/*00001510 */  0x01,0x01,0x04,0x02,0x01,0x22,0x40,0x00,0x00,0x14,0x00,0x00,0x00,0x44,0x00,0x00, /* ....."@......D.. */
/*00001520 */  0x01,0x01,0x04,0x02,0x01,0x1d,0x40,0x00,0x00,0x18,0x00,0x00,0x00,0x14,0x00,0x00, /* ......@......... */
/*00001530 */  0x01,0x01,0x04,0x02,0x01,0x21,0x40,0x00,0x00,0x28,0x00,0x00,0x00,0x14,0x00,0x00, /* .....!@..(...... */
/*00001540 */  0x01,0x01,0x04,0x02,0x01,0x21,0x40,0x00,0x00,0x30,0x00,0x00,0x00,0x14,0x00,0x00, /* .....!@..0...... */
/*00001550 */  0x01,0x01,0x04,0x02,0x01,0x26,0x40,0x00,0x00,0x36,0x00,0x00,0x00,0x14,0x00,0x00, /* .....&@..6...... */
/*00001560 */  0x01,0x01,0x04,0x02,0x01,0x29,0x40,0x00,0x00,0x38,0x00,0x00,0x00,0x10,0x00,0x00, /* .....)@..8...... */
/*00001570 */  0x01,0x01,0x04,0x02,0x01,0x1c,0x40,0x00,0x00,0x44,0x00,0x00,0x00,0x14,0x00,0x00, /* ......@..D...... */
/*00001580 */  0x01,0x01,0x04,0x02,0x01,0x1a,0x80,0x00,0x30,0x00,0x00,0x00,0x00,0x14,0x00,0x00, /* ........0....... */
/*00001590 */  0x01,0x01,0x04,0x02,0x01,0x1d,0x80,0x00,0x00,0x04,0x00,0x00,0x00,0x10,0x00,0x00, /* ................ */
/*000015a0 */  0x01,0x01,0x04,0x02,0x01,0x29,0x80,0x00,0x00,0x04,0x00,0x00,0x00,0x14,0x00,0x00, /* .....).......... */
/*000015b0 */  0x01,0x01,0x04,0x02,0x01,0x2a,0x80,0x00,0x00,0x10,0x00,0x00,0x00,0x10,0x00,0x00, /* ................ */
/*000015c0 */  0x01,0x01,0x04,0x02,0x01,0x2b,0x80,0x00,0x00,0x10,0x00,0x00,0x00,0x38,0x00,0x00, /* .....+.......8.. */
/*000015d0 */  0x01,0x01,0x04,0x02,0x01,0x22,0x80,0x00,0x00,0x14,0x00,0x00,0x00,0x14,0x00,0x00, /* .....".......... */
/*000015e0 */  0x01,0x01,0x04,0x02,0x01,0x2c,0x80,0x00,0x00,0x14,0x00,0x00,0x00,0x18,0x00,0x00, /* .....,.......... */
/*000015f0 */  0x01,0x01,0x04,0x02,0x01,0x1b,0x80,0x00,0x00,0x14,0x00,0x00,0x00,0x36,0x00,0x00, /* .............6.. */
/*00001600 */  0x01,0x01,0x04,0x02,0x01,0x2a,0x80,0x00,0x00,0x14,0x00,0x00,0x00,0x44,0x00,0x00, /* .............D.. */
/*00001610 */  0x01,0x01,0x04,0x02,0x01,0x2d,0x80,0x00,0x00,0x18,0x00,0x00,0x00,0x14,0x00,0x00, /* .....-.......... */
/*00001620 */  0x01,0x01,0x04,0x02,0x01,0x2e,0x80,0x00,0x00,0x28,0x00,0x00,0x00,0x14,0x00,0x00, /* .........(...... */
/*00001630 */  0x01,0x01,0x04,0x02,0x01,0x2b,0x80,0x00,0x00,0x30,0x00,0x00,0x00,0x14,0x00,0x00, /* .....+...0...... */
/*00001640 */  0x01,0x01,0x04,0x02,0x01,0x2f,0x80,0x00,0x00,0x36,0x00,0x00,0x00,0x14,0x00,0x00, /* .........6...... */
/*00001650 */  0x01,0x01,0x04,0x02,0x01,0x30,0x80,0x00,0x00,0x38,0x00,0x00,0x00,0x10,0x00,0x00, /* .....0...8...... */
/*00001660 */  0x01,0x01,0x04,0x02,0x01,0x24,0x80,0x00,0x00,0x44,0x00,0x00,0x00,0x14,0x00,0x00, /* .....$...D...... */
/*00001670 */  0x01,0x01,0x04,0x02,0x01,0x27,0x00,0x01,0x30,0x00,0x00,0x00,0x00,0x14,0x00,0x00, /* .....'..0....... */
/*00001680 */  0x01,0x01,0x04,0x02,0x01,0x22,0x00,0x01,0x00,0x04,0x00,0x00,0x00,0x10,0x00,0x00, /* .....".......... */
/*00001690 */  0x01,0x01,0x04,0x02,0x01,0x31,0x00,0x01,0x00,0x04,0x00,0x00,0x00,0x14,0x00,0x00, /* .....1.......... */
/*000016a0 */  0x01,0x01,0x04,0x02,0x01,0x32,0x00,0x01,0x00,0x10,0x00,0x00,0x00,0x10,0x00,0x00, /* .....2.......... */
/*000016b0 */  0x01,0x01,0x04,0x02,0x01,0x33,0x00,0x01,0x00,0x10,0x00,0x00,0x00,0x38,0x00,0x00, /* .....3.......8.. */
/*000016c0 */  0x01,0x01,0x04,0x02,0x01,0x34,0x00,0x01,0x00,0x14,0x00,0x00,0x00,0x14,0x00,0x00, /* .....4.......... */
/*000016d0 */  0x01,0x01,0x04,0x02,0x01,0x34,0x00,0x01,0x00,0x14,0x00,0x00,0x00,0x18,0x00,0x00, /* .....4.......... */
/*000016e0 */  0x01,0x01,0x04,0x02,0x01,0x32,0x00,0x01,0x00,0x14,0x00,0x00,0x00,0x36,0x00,0x00, /* .....2.......6.. */
/*000016f0 */  0x01,0x01,0x04,0x02,0x01,0x34,0x00,0x01,0x00,0x14,0x00,0x00,0x00,0x44,0x00,0x00, /* .....4.......D.. */
/*00001700 */  0x01,0x01,0x04,0x02,0x01,0x35,0x00,0x01,0x00,0x18,0x00,0x00,0x00,0x14,0x00,0x00, /* .....5.......... */
/*00001710 */  0x01,0x01,0x04,0x02,0x01,0x36,0x00,0x01,0x00,0x28,0x00,0x00,0x00,0x14,0x00,0x00, /* .....6...(...... */
/*00001720 */  0x01,0x01,0x04,0x02,0x01,0x37,0x00,0x01,0x00,0x30,0x00,0x00,0x00,0x14,0x00,0x00, /* .....7...0...... */
/*00001730 */  0x01,0x01,0x04,0x02,0x01,0x2a,0x00,0x01,0x00,0x36,0x00,0x00,0x00,0x14,0x00,0x00, /* .........6...... */
/*00001740 */  0x01,0x01,0x04,0x02,0x01,0x1c,0x00,0x01,0x00,0x38,0x00,0x00,0x00,0x10,0x00,0x00, /* .........8...... */
/*00001750 */  0x01,0x01,0x04,0x02,0x01,0x2a,0x00,0x01,0x00,0x44,0x00,0x00,0x00,0x14,0x00,0x00, /* .........D...... */
/*00001760 */  0x01,0x01,0x04,0x02,0x01,0x38,0x00,0x02,0x30,0x00,0x00,0x00,0x00,0x14,0x00,0x00, /* .....8..0....... */
/*00001770 */  0x01,0x01,0x04,0x02,0x01,0x2c,0x00,0x02,0x00,0x04,0x00,0x00,0x00,0x10,0x00,0x00, /* .....,.......... */
/*00001780 */  0x01,0x01,0x04,0x02,0x01,0x2c,0x00,0x02,0x00,0x04,0x00,0x00,0x00,0x14,0x00,0x00, /* .....,.......... */
/*00001790 */  0x01,0x01,0x04,0x02,0x01,0x2c,0x00,0x02,0x00,0x10,0x00,0x00,0x00,0x10,0x00,0x00, /* .....,.......... */
/*000017a0 */  0x01,0x01,0x04,0x02,0x01,0x34,0x00,0x02,0x00,0x10,0x00,0x00,0x00,0x38,0x00,0x00, /* .....4.......8.. */
/*000017b0 */  0x01,0x01,0x04,0x02,0x01,0x2e,0x00,0x02,0x00,0x14,0x00,0x00,0x00,0x14,0x00,0x00, /* ................ */
/*000017c0 */  0x01,0x01,0x04,0x02,0x01,0x1c,0x00,0x02,0x00,0x14,0x00,0x00,0x00,0x18,0x00,0x00, /* ................ */
/*000017d0 */  0x01,0x01,0x04,0x02,0x01,0x33,0x00,0x02,0x00,0x14,0x00,0x00,0x00,0x36,0x00,0x00, /* .....3.......6.. */
/*000017e0 */  0x01,0x01,0x04,0x02,0x01,0x34,0x00,0x02,0x00,0x14,0x00,0x00,0x00,0x44,0x00,0x00, /* .....4.......D.. */
/*000017f0 */  0x01,0x01,0x04,0x02,0x01,0x37,0x00,0x02,0x00,0x18,0x00,0x00,0x00,0x14,0x00,0x00, /* .....7.......... */
/*00001800 */  0x01,0x01,0x04,0x02,0x01,0x34,0x00,0x02,0x00,0x28,0x00,0x00,0x00,0x14,0x00,0x00, /* .....4...(...... */
/*00001810 */  0x01,0x01,0x04,0x02,0x01,0x2b,0x00,0x02,0x00,0x30,0x00,0x00,0x00,0x14,0x00,0x00, /* .....+...0...... */
/*00001820 */  0x01,0x01,0x04,0x02,0x01,0x2d,0x00,0x02,0x00,0x36,0x00,0x00,0x00,0x14,0x00,0x00, /* .....-...6...... */
/*00001830 */  0x01,0x01,0x04,0x02,0x01,0x1c,0x00,0x02,0x00,0x38,0x00,0x00,0x00,0x10,0x00,0x00, /* .........8...... */
/*00001840 */  0x01,0x01,0x04,0x02,0x01,0x34,0x00,0x02,0x00,0x44,0x00,0x00,0x00,0x14,0x00,0x00, /* .....4...D...... */
/*00001850 */  0x01,0x01,0x04,0x02,0x01,0x27,0x00,0x04,0x30,0x00,0x00,0x00,0x00,0x14,0x00,0x00, /* .....'..0....... */
/*00001860 */  0x01,0x01,0x04,0x02,0x01,0x36,0x00,0x04,0x00,0x04,0x00,0x00,0x00,0x10,0x00,0x00, /* .....6.......... */
/*00001870 */  0x01,0x01,0x04,0x02,0x01,0x34,0x00,0x04,0x00,0x04,0x00,0x00,0x00,0x14,0x00,0x00, /* .....4.......... */
/*00001880 */  0x01,0x01,0x04,0x02,0x01,0x2d,0x00,0x04,0x00,0x10,0x00,0x00,0x00,0x10,0x00,0x00, /* .....-.......... */
/*00001890 */  0x01,0x01,0x04,0x02,0x01,0x1c,0x00,0x04,0x00,0x10,0x00,0x00,0x00,0x38,0x00,0x00, /* .............8.. */
/*000018a0 */  0x01,0x01,0x04,0x02,0x01,0x32,0x00,0x04,0x00,0x14,0x00,0x00,0x00,0x14,0x00,0x00, /* .....2.......... */
/*000018b0 */  0x01,0x01,0x04,0x02,0x01,0x34,0x00,0x04,0x00,0x14,0x00,0x00,0x00,0x18,0x00,0x00, /* .....4.......... */
/*000018c0 */  0x01,0x01,0x04,0x02,0x01,0x34,0x00,0x04,0x00,0x14,0x00,0x00,0x00,0x36,0x00,0x00, /* .....4.......6.. */
/*000018d0 */  0x01,0x01,0x04,0x02,0x01,0x34,0x00,0x04,0x00,0x14,0x00,0x00,0x00,0x44,0x00,0x00, /* .....4.......D.. */
/*000018e0 */  0x01,0x01,0x04,0x02,0x01,0x34,0x00,0x04,0x00,0x18,0x00,0x00,0x00,0x14,0x00,0x00, /* .....4.......... */
/*000018f0 */  0x01,0x01,0x04,0x02,0x01,0x2b,0x00,0x04,0x00,0x28,0x00,0x00,0x00,0x14,0x00,0x00, /* .....+...(...... */
/*00001900 */  0x01,0x01,0x04,0x02,0x01,0x35,0x00,0x04,0x00,0x30,0x00,0x00,0x00,0x14,0x00,0x00, /* .....5...0...... */
/*00001910 */  0x01,0x01,0x04,0x02,0x01,0x2a,0x00,0x04,0x00,0x36,0x00,0x00,0x00,0x14,0x00,0x00, /* .........6...... */
/*00001920 */  0x01,0x01,0x04,0x02,0x01,0x2a,0x00,0x04,0x00,0x38,0x00,0x00,0x00,0x10,0x00,0x00, /* .........8...... */
/*00001930 */  0x01,0x01,0x04,0x02,0x01,0x2f,0x00,0x04,0x00,0x44,0x00,0x00,0x00,0x14,0x00,0x00, /* .........D...... */
/*00001940 */  0x01,0x01,0x04,0x02,0x01,0x38,0x00,0x08,0x30,0x00,0x00,0x00,0x00,0x14,0x00,0x00, /* .....8..0....... */
/*00001950 */  0x01,0x01,0x04,0x02,0x01,0x39,0x00,0x08,0x00,0x04,0x00,0x00,0x00,0x10,0x00,0x00, /* .....9.......... */
/*00001960 */  0x01,0x01,0x04,0x02,0x01,0x37,0x00,0x08,0x00,0x04,0x00,0x00,0x00,0x14,0x00,0x00, /* .....7.......... */
/*00001970 */  0x01,0x01,0x04,0x02,0x01,0x2d,0x00,0x08,0x00,0x10,0x00,0x00,0x00,0x10,0x00,0x00, /* .....-.......... */
/*00001980 */  0x01,0x01,0x04,0x02,0x01,0x2b,0x00,0x08,0x00,0x10,0x00,0x00,0x00,0x38,0x00,0x00, /* .....+.......8.. */
/*00001990 */  0x01,0x01,0x04,0x02,0x01,0x34,0x00,0x08,0x00,0x14,0x00,0x00,0x00,0x14,0x00,0x00, /* .....4.......... */
/*000019a0 */  0x01,0x01,0x04,0x02,0x01,0x34,0x00,0x08,0x00,0x14,0x00,0x00,0x00,0x18,0x00,0x00, /* .....4.......... */
/*000019b0 */  0x01,0x01,0x04,0x02,0x01,0x2f,0x00,0x08,0x00,0x14,0x00,0x00,0x00,0x36,0x00,0x00, /* .............6.. */
/*000019c0 */  0x01,0x01,0x04,0x02,0x01,0x35,0x00,0x08,0x00,0x14,0x00,0x00,0x00,0x44,0x00,0x00, /* .....5.......D.. */
/*000019d0 */  0x01,0x01,0x04,0x02,0x01,0x35,0x00,0x08,0x00,0x18,0x00,0x00,0x00,0x14,0x00,0x00, /* .....5.......... */
/*000019e0 */  0x01,0x01,0x04,0x02,0x01,0x35,0x00,0x08,0x00,0x28,0x00,0x00,0x00,0x14,0x00,0x00, /* .....5...(...... */
/*000019f0 */  0x01,0x01,0x04,0x02,0x01,0x35,0x00,0x08,0x00,0x30,0x00,0x00,0x00,0x14,0x00,0x00, /* .....5...0...... */
/*00001a00 */  0x01,0x01,0x04,0x02,0x01,0x35,0x00,0x08,0x00,0x36,0x00,0x00,0x00,0x14,0x00,0x00, /* .....5...6...... */
/*00001a10 */  0x01,0x01,0x04,0x02,0x01,0x2a,0x00,0x08,0x00,0x38,0x00,0x00,0x00,0x10,0x00,0x00, /* .........8...... */
/*00001a20 */  0x01,0x01,0x04,0x02,0x01,0x35,0x00,0x08,0x00,0x44,0x00,0x00,0x00,0x14,0x00,0x00, /* .....5...D...... */
/*00001a30 */  0x01,0x01,0x04,0x02,0x01,0x23,0x00,0x10,0x30,0x00,0x00,0x00,0x00,0x14,0x00,0x00, /* .....#..0....... */
/*00001a40 */  0x01,0x01,0x04,0x02,0x01,0x2a,0x00,0x10,0x00,0x04,0x00,0x00,0x00,0x10,0x00,0x00, /* ................ */
/*00001a50 */  0x01,0x01,0x04,0x02,0x01,0x24,0x00,0x10,0x00,0x04,0x00,0x00,0x00,0x14,0x00,0x00, /* .....$.......... */
/*00001a60 */  0x01,0x01,0x04,0x02,0x01,0x2a,0x00,0x10,0x00,0x10,0x00,0x00,0x00,0x10,0x00,0x00, /* ................ */
/*00001a70 */  0x01,0x01,0x04,0x02,0x01,0x33,0x00,0x10,0x00,0x10,0x00,0x00,0x00,0x38,0x00,0x00, /* .....3.......8.. */
/*00001a80 */  0x01,0x01,0x04,0x02,0x01,0x2b,0x00,0x10,0x00,0x14,0x00,0x00,0x00,0x14,0x00,0x00, /* .....+.......... */
/*00001a90 */  0x01,0x01,0x04,0x02,0x01,0x2b,0x00,0x10,0x00,0x14,0x00,0x00,0x00,0x18,0x00,0x00, /* .....+.......... */
/*00001aa0 */  0x01,0x01,0x04,0x02,0x01,0x2a,0x00,0x10,0x00,0x14,0x00,0x00,0x00,0x36,0x00,0x00, /* .............6.. */
/*00001ab0 */  0x01,0x01,0x04,0x02,0x01,0x2a,0x00,0x10,0x00,0x14,0x00,0x00,0x00,0x44,0x00,0x00, /* .............D.. */
/*00001ac0 */  0x01,0x01,0x04,0x02,0x01,0x2f,0x00,0x10,0x00,0x18,0x00,0x00,0x00,0x14,0x00,0x00, /* ................ */
/*00001ad0 */  0x01,0x01,0x04,0x02,0x01,0x35,0x00,0x10,0x00,0x28,0x00,0x00,0x00,0x14,0x00,0x00, /* .....5...(...... */
/*00001ae0 */  0x01,0x01,0x04,0x02,0x01,0x35,0x00,0x10,0x00,0x30,0x00,0x00,0x00,0x14,0x00,0x00, /* .....5...0...... */
/*00001af0 */  0x01,0x01,0x04,0x02,0x01,0x35,0x00,0x10,0x00,0x36,0x00,0x00,0x00,0x14,0x00,0x00, /* .....5...6...... */
/*00001b00 */  0x01,0x01,0x04,0x02,0x01,0x2a,0x00,0x10,0x00,0x38,0x00,0x00,0x00,0x10,0x00,0x00, /* .........8...... */
/*00001b10 */  0x01,0x01,0x04,0x02,0x01,0x2b,0x00,0x10,0x00,0x44,0x00,0x00,0x00,0x14,0x00,0x00, /* .....+...D...... */
/*00001b20 */  0x01,0x01,0x04,0x02,0x01,0x38,0x00,0x20,0x30,0x00,0x00,0x00,0x00,0x14,0x00,0x00, /* .....8. 0....... */
/*00001b30 */  0x01,0x01,0x04,0x02,0x01,0x3a,0x00,0x20,0x00,0x04,0x00,0x00,0x00,0x10,0x00,0x00, /* .....:. ........ */
/*00001b40 */  0x01,0x01,0x04,0x02,0x01,0x35,0x00,0x20,0x00,0x04,0x00,0x00,0x00,0x14,0x00,0x00, /* .....5. ........ */
/*00001b50 */  0x01,0x01,0x04,0x02,0x01,0x2f,0x00,0x20,0x00,0x10,0x00,0x00,0x00,0x10,0x00,0x00, /* ....... ........ */
/*00001b60 */  0x01,0x01,0x04,0x02,0x01,0x2b,0x00,0x20,0x00,0x10,0x00,0x00,0x00,0x38,0x00,0x00, /* .....+. .....8.. */
/*00001b70 */  0x01,0x01,0x04,0x02,0x01,0x2f,0x00,0x20,0x00,0x14,0x00,0x00,0x00,0x14,0x00,0x00, /* ....... ........ */
/*00001b80 */  0x01,0x01,0x04,0x02,0x01,0x2b,0x00,0x20,0x00,0x14,0x00,0x00,0x00,0x18,0x00,0x00, /* .....+. ........ */
/*00001b90 */  0x01,0x01,0x04,0x02,0x01,0x2f,0x00,0x20,0x00,0x14,0x00,0x00,0x00,0x36,0x00,0x00, /* ....... .....6.. */
/*00001ba0 */  0x01,0x01,0x04,0x02,0x01,0x35,0x00,0x20,0x00,0x14,0x00,0x00,0x00,0x44,0x00,0x00, /* .....5. .....D.. */
/*00001bb0 */  0x01,0x01,0x04,0x02,0x01,0x35,0x00,0x20,0x00,0x18,0x00,0x00,0x00,0x14,0x00,0x00, /* .....5. ........ */
/*00001bc0 */  0x01,0x01,0x04,0x02,0x01,0x2b,0x00,0x20,0x00,0x28,0x00,0x00,0x00,0x14,0x00,0x00, /* .....+. .(...... */
/*00001bd0 */  0x01,0x01,0x04,0x02,0x01,0x2f,0x00,0x20,0x00,0x30,0x00,0x00,0x00,0x14,0x00,0x00, /* ....... .0...... */
/*00001be0 */  0x01,0x01,0x04,0x02,0x01,0x35,0x00,0x20,0x00,0x36,0x00,0x00,0x00,0x14,0x00,0x00, /* .....5. .6...... */
/*00001bf0 */  0x01,0x01,0x04,0x02,0x01,0x2f,0x00,0x20,0x00,0x38,0x00,0x00,0x00,0x10,0x00,0x00, /* ....... .8...... */
/*00001c00 */  0x01,0x01,0x04,0x02,0x01,0x2f,0x00,0x20,0x00,0x44,0x00,0x00,0x00,0x14,0x00,0x00, /* ....... .D...... */
/*00001c10 */  0x01,0x01,0x04,0x02,0x01,0x3b,0x00,0x40,0x30,0x00,0x00,0x00,0x00,0x14,0x00,0x00, /* .....;.@0....... */
/*00001c20 */  0x01,0x01,0x04,0x02,0x01,0x3a,0x00,0x40,0x00,0x04,0x00,0x00,0x00,0x10,0x00,0x00, /* .....:.@........ */
/*00001c30 */  0x01,0x01,0x04,0x02,0x01,0x3c,0x00,0x40,0x00,0x04,0x00,0x00,0x00,0x14,0x00,0x00, /* .....<.@........ */
/*00001c40 */  0x01,0x01,0x04,0x02,0x01,0x2f,0x00,0x40,0x00,0x10,0x00,0x00,0x00,0x10,0x00,0x00, /* .......@........ */
/*00001c50 */  0x01,0x01,0x04,0x02,0x01,0x2b,0x00,0x40,0x00,0x10,0x00,0x00,0x00,0x38,0x00,0x00, /* .....+.@.....8.. */
/*00001c60 */  0x01,0x01,0x04,0x02,0x01,0x35,0x00,0x40,0x00,0x14,0x00,0x00,0x00,0x14,0x00,0x00, /* .....5.@........ */
/*00001c70 */  0x01,0x01,0x04,0x02,0x01,0x2b,0x00,0x40,0x00,0x14,0x00,0x00,0x00,0x18,0x00,0x00, /* .....+.@........ */
/*00001c80 */  0x01,0x01,0x04,0x02,0x01,0x3d,0x00,0x40,0x00,0x14,0x00,0x00,0x00,0x36,0x00,0x00, /* .....=.@.....6.. */
/*00001c90 */  0x01,0x01,0x04,0x02,0x01,0x35,0x00,0x40,0x00,0x14,0x00,0x00,0x00,0x44,0x00,0x00, /* .....5.@.....D.. */
/*00001ca0 */  0x01,0x01,0x04,0x02,0x01,0x2b,0x00,0x40,0x00,0x18,0x00,0x00,0x00,0x14,0x00,0x00, /* .....+.@........ */
/*00001cb0 */  0x01,0x01,0x04,0x02,0x01,0x2f,0x00,0x40,0x00,0x28,0x00,0x00,0x00,0x14,0x00,0x00, /* .......@.(...... */
/*00001cc0 */  0x01,0x01,0x04,0x02,0x01,0x2f,0x00,0x40,0x00,0x30,0x00,0x00,0x00,0x14,0x00,0x00, /* .......@.0...... */
/*00001cd0 */  0x01,0x01,0x04,0x02,0x01,0x2f,0x00,0x40,0x00,0x36,0x00,0x00,0x00,0x14,0x00,0x00, /* .......@.6...... */
/*00001ce0 */  0x01,0x01,0x04,0x02,0x01,0x2f,0x00,0x40,0x00,0x38,0x00,0x00,0x00,0x10,0x00,0x00, /* .......@.8...... */
/*00001cf0 */  0x01,0x01,0x04,0x02,0x01,0x35,0x00,0x40,0x00,0x44,0x00,0x00,0x00,0x14,0x00,0x00, /* .....5.@.D...... */
/*00001d00 */  0x01,0x01,0x04,0x02,0x02,0x1d,0x08,0x00,0x00,0x04,0x00,0x00,0x00,0x10,0x00,0x00, /* ................ */
/*00001d10 */  0x01,0x01,0x04,0x02,0x02,0x1d,0x08,0x00,0x00,0x10,0x00,0x00,0x00,0x10,0x00,0x00, /* ................ */
/*00001d20 */  0x01,0x01,0x04,0x02,0x02,0x1f,0x08,0x00,0x00,0x10,0x00,0x00,0x00,0x38,0x00,0x00, /* .............8.. */
/*00001d30 */  0x01,0x01,0x04,0x02,0x02,0x25,0x08,0x00,0x00,0x14,0x00,0x00,0x00,0x18,0x00,0x00, /* .....%.......... */
/*00001d40 */  0x01,0x01,0x04,0x02,0x02,0x20,0x08,0x00,0x00,0x38,0x00,0x00,0x00,0x10,0x00,0x00, /* ..... ...8...... */
/*00001d50 */  0x01,0x01,0x04,0x02,0x02,0x1b,0x10,0x00,0x00,0x04,0x00,0x00,0x00,0x10,0x00,0x00, /* ................ */
/*00001d60 */  0x01,0x01,0x04,0x02,0x02,0x1f,0x10,0x00,0x00,0x10,0x00,0x00,0x00,0x10,0x00,0x00, /* ................ */
/*00001d70 */  0x01,0x01,0x04,0x02,0x02,0x1f,0x10,0x00,0x00,0x10,0x00,0x00,0x00,0x38,0x00,0x00, /* .............8.. */
/*00001d80 */  0x01,0x01,0x04,0x02,0x02,0x1d,0x10,0x00,0x00,0x14,0x00,0x00,0x00,0x18,0x00,0x00, /* ................ */
/*00001d90 */  0x01,0x01,0x04,0x02,0x02,0x28,0x10,0x00,0x00,0x38,0x00,0x00,0x00,0x10,0x00,0x00, /* .....(...8...... */
/*00001da0 */  0x01,0x01,0x04,0x02,0x02,0x23,0x20,0x00,0x00,0x04,0x00,0x00,0x00,0x10,0x00,0x00, /* .....# ......... */
/*00001db0 */  0x01,0x01,0x04,0x02,0x02,0x1d,0x20,0x00,0x00,0x10,0x00,0x00,0x00,0x10,0x00,0x00, /* ...... ......... */
/*00001dc0 */  0x01,0x01,0x04,0x02,0x02,0x1b,0x20,0x00,0x00,0x10,0x00,0x00,0x00,0x38,0x00,0x00, /* ...... ......8.. */
/*00001dd0 */  0x01,0x01,0x04,0x02,0x02,0x1d,0x20,0x00,0x00,0x14,0x00,0x00,0x00,0x18,0x00,0x00, /* ...... ......... */
/*00001de0 */  0x01,0x01,0x04,0x02,0x02,0x28,0x20,0x00,0x00,0x38,0x00,0x00,0x00,0x10,0x00,0x00, /* .....( ..8...... */
/*00001df0 */  0x01,0x01,0x04,0x02,0x02,0x29,0x40,0x00,0x00,0x04,0x00,0x00,0x00,0x10,0x00,0x00, /* .....)@......... */
/*00001e00 */  0x01,0x01,0x04,0x02,0x02,0x1d,0x40,0x00,0x00,0x10,0x00,0x00,0x00,0x10,0x00,0x00, /* ......@......... */
/*00001e10 */  0x01,0x01,0x04,0x02,0x02,0x1d,0x40,0x00,0x00,0x10,0x00,0x00,0x00,0x38,0x00,0x00, /* ......@......8.. */
/*00001e20 */  0x01,0x01,0x04,0x02,0x02,0x25,0x40,0x00,0x00,0x14,0x00,0x00,0x00,0x18,0x00,0x00, /* .....%@......... */
/*00001e30 */  0x01,0x01,0x04,0x02,0x02,0x20,0x40,0x00,0x00,0x38,0x00,0x00,0x00,0x10,0x00,0x00, /* ..... @..8...... */
/*00001e40 */  0x01,0x01,0x04,0x02,0x02,0x25,0x80,0x00,0x00,0x04,0x00,0x00,0x00,0x10,0x00,0x00, /* .....%.......... */
/*00001e50 */  0x01,0x01,0x04,0x02,0x02,0x1b,0x80,0x00,0x00,0x10,0x00,0x00,0x00,0x10,0x00,0x00, /* ................ */
/*00001e60 */  0x01,0x01,0x04,0x02,0x02,0x1b,0x80,0x00,0x00,0x10,0x00,0x00,0x00,0x38,0x00,0x00, /* .............8.. */
/*00001e70 */  0x01,0x01,0x04,0x02,0x02,0x1c,0x80,0x00,0x00,0x14,0x00,0x00,0x00,0x18,0x00,0x00, /* ................ */
/*00001e80 */  0x01,0x01,0x04,0x02,0x02,0x1c,0x80,0x00,0x00,0x38,0x00,0x00,0x00,0x10,0x00,0x00, /* .........8...... */
/*00001e90 */  0x01,0x01,0x04,0x02,0x02,0x1c,0x00,0x01,0x00,0x04,0x00,0x00,0x00,0x10,0x00,0x00, /* ................ */
/*00001ea0 */  0x01,0x01,0x04,0x02,0x02,0x34,0x00,0x01,0x00,0x10,0x00,0x00,0x00,0x10,0x00,0x00, /* .....4.......... */
/*00001eb0 */  0x01,0x01,0x04,0x02,0x02,0x3e,0x00,0x01,0x00,0x10,0x00,0x00,0x00,0x38,0x00,0x00, /* .....>.......8.. */
/*00001ec0 */  0x01,0x01,0x04,0x02,0x02,0x34,0x00,0x01,0x00,0x14,0x00,0x00,0x00,0x18,0x00,0x00, /* .....4.......... */
/*00001ed0 */  0x01,0x01,0x04,0x02,0x02,0x35,0x00,0x01,0x00,0x38,0x00,0x00,0x00,0x10,0x00,0x00, /* .....5...8...... */
/*00001ee0 */  0x01,0x01,0x04,0x02,0x02,0x24,0x00,0x02,0x00,0x04,0x00,0x00,0x00,0x10,0x00,0x00, /* .....$.......... */
/*00001ef0 */  0x01,0x01,0x04,0x02,0x02,0x26,0x00,0x02,0x00,0x10,0x00,0x00,0x00,0x10,0x00,0x00, /* .....&.......... */
/*00001f00 */  0x01,0x01,0x04,0x02,0x02,0x34,0x00,0x02,0x00,0x10,0x00,0x00,0x00,0x38,0x00,0x00, /* .....4.......8.. */
/*00001f10 */  0x01,0x01,0x04,0x02,0x02,0x3e,0x00,0x02,0x00,0x14,0x00,0x00,0x00,0x18,0x00,0x00, /* .....>.......... */
/*00001f20 */  0x01,0x01,0x04,0x02,0x02,0x24,0x00,0x02,0x00,0x38,0x00,0x00,0x00,0x10,0x00,0x00, /* .....$...8...... */
/*00001f30 */  0x01,0x01,0x04,0x02,0x02,0x32,0x00,0x04,0x00,0x04,0x00,0x00,0x00,0x10,0x00,0x00, /* .....2.......... */
/*00001f40 */  0x01,0x01,0x04,0x02,0x02,0x37,0x00,0x04,0x00,0x10,0x00,0x00,0x00,0x10,0x00,0x00, /* .....7.......... */
/*00001f50 */  0x01,0x01,0x04,0x02,0x02,0x2b,0x00,0x04,0x00,0x10,0x00,0x00,0x00,0x38,0x00,0x00, /* .....+.......8.. */
/*00001f60 */  0x01,0x01,0x04,0x02,0x02,0x34,0x00,0x04,0x00,0x14,0x00,0x00,0x00,0x18,0x00,0x00, /* .....4.......... */
/*00001f70 */  0x01,0x01,0x04,0x02,0x02,0x35,0x00,0x04,0x00,0x38,0x00,0x00,0x00,0x10,0x00,0x00, /* .....5...8...... */
/*00001f80 */  0x01,0x01,0x04,0x02,0x02,0x26,0x00,0x08,0x00,0x04,0x00,0x00,0x00,0x10,0x00,0x00, /* .....&.......... */
/*00001f90 */  0x01,0x01,0x04,0x02,0x02,0x2d,0x00,0x08,0x00,0x10,0x00,0x00,0x00,0x10,0x00,0x00, /* .....-.......... */
/*00001fa0 */  0x01,0x01,0x04,0x02,0x02,0x2b,0x00,0x08,0x00,0x10,0x00,0x00,0x00,0x38,0x00,0x00, /* .....+.......8.. */
/*00001fb0 */  0x01,0x01,0x04,0x02,0x02,0x34,0x00,0x08,0x00,0x14,0x00,0x00,0x00,0x18,0x00,0x00, /* .....4.......... */
/*00001fc0 */  0x01,0x01,0x04,0x02,0x02,0x2a,0x00,0x08,0x00,0x38,0x00,0x00,0x00,0x10,0x00,0x00, /* .........8...... */
/*00001fd0 */  0x01,0x01,0x04,0x02,0x02,0x2a,0x00,0x10,0x00,0x04,0x00,0x00,0x00,0x10,0x00,0x00, /* ................ */
/*00001fe0 */  0x01,0x01,0x04,0x02,0x02,0x2f,0x00,0x10,0x00,0x10,0x00,0x00,0x00,0x10,0x00,0x00, /* ................ */
/*00001ff0 */  0x01,0x01,0x04,0x02,0x02,0x2b,0x00,0x10,0x00,0x10,0x00,0x00,0x00,0x38,0x00,0x00, /* .....+.......8.. */
/*00002000 */  0x01,0x01,0x04,0x02,0x02,0x2b,0x00,0x10,0x00,0x14,0x00,0x00,0x00,0x18,0x00,0x00, /* .....+.......... */
/*00002010 */  0x01,0x01,0x04,0x02,0x02,0x2f,0x00,0x10,0x00,0x38,0x00,0x00,0x00,0x10,0x00,0x00, /* .........8...... */
/*00002020 */  0x01,0x01,0x04,0x02,0x02,0x37,0x00,0x20,0x00,0x04,0x00,0x00,0x00,0x10,0x00,0x00, /* .....7. ........ */
/*00002030 */  0x01,0x01,0x04,0x02,0x02,0x2f,0x00,0x20,0x00,0x10,0x00,0x00,0x00,0x10,0x00,0x00, /* ....... ........ */
/*00002040 */  0x01,0x01,0x04,0x02,0x02,0x2b,0x00,0x20,0x00,0x10,0x00,0x00,0x00,0x38,0x00,0x00, /* .....+. .....8.. */
/*00002050 */  0x01,0x01,0x04,0x02,0x02,0x2b,0x00,0x20,0x00,0x14,0x00,0x00,0x00,0x18,0x00,0x00, /* .....+. ........ */
/*00002060 */  0x01,0x01,0x04,0x02,0x02,0x2f,0x00,0x20,0x00,0x38,0x00,0x00,0x00,0x10,0x00,0x00, /* ....... .8...... */
/*00002070 */  0x01,0x01,0x04,0x02,0x02,0x35,0x00,0x40,0x00,0x04,0x00,0x00,0x00,0x10,0x00,0x00, /* .....5.@........ */
/*00002080 */  0x01,0x01,0x04,0x02,0x02,0x2f,0x00,0x40,0x00,0x10,0x00,0x00,0x00,0x10,0x00,0x00, /* .......@........ */
/*00002090 */  0x01,0x01,0x04,0x02,0x02,0x2b,0x00,0x40,0x00,0x10,0x00,0x00,0x00,0x38,0x00,0x00, /* .....+.@.....8.. */
/*000020a0 */  0x01,0x01,0x04,0x02,0x02,0x2b,0x00,0x40,0x00,0x14,0x00,0x00,0x00,0x18,0x00,0x00, /* .....+.@........ */
/*000020b0 */  0x01,0x01,0x04,0x02,0x02,0x2f,0x00,0x40,0x00,0x38,0x00,0x00,0x00,0x10,0x00,0x00, /* .......@.8...... */
/*000020c0 */  0x01,0x01,0x04,0x01,0x01,0x25,0x08,0x00,0x00,0x04,0x00,0x00,0x00,0x0a,0x00,0x00, /* .....%.......... */
/*000020d0 */  0x01,0x01,0x04,0x01,0x01,0x28,0x08,0x00,0x00,0x04,0x00,0x00,0x00,0x10,0x00,0x00, /* .....(.......... */
/*000020e0 */  0x01,0x01,0x04,0x01,0x01,0x1f,0x08,0x00,0x00,0x04,0x00,0x00,0x00,0x20,0x00,0x00, /* ............. .. */
/*000020f0 */  0x01,0x01,0x04,0x01,0x01,0x1f,0x08,0x00,0x00,0x08,0x00,0x00,0x00,0x0a,0x00,0x00, /* ................ */
/*00002100 */  0x01,0x01,0x04,0x01,0x01,0x1b,0x08,0x00,0x00,0x0a,0x00,0x00,0x00,0x08,0x00,0x00, /* ................ */
/*00002110 */  0x01,0x01,0x04,0x01,0x01,0x28,0x08,0x00,0x00,0x0a,0x00,0x00,0x00,0x28,0x00,0x00, /* .....(.......(.. */
/*00002120 */  0x01,0x01,0x04,0x01,0x01,0x1f,0x08,0x00,0x00,0x10,0x00,0x00,0x00,0x10,0x00,0x00, /* ................ */
/*00002130 */  0x01,0x01,0x04,0x01,0x01,0x1e,0x08,0x00,0x00,0x10,0x00,0x00,0x00,0x38,0x00,0x00, /* .............8.. */
/*00002140 */  0x01,0x01,0x04,0x01,0x01,0x1e,0x08,0x00,0x00,0x20,0x00,0x00,0x00,0x20,0x00,0x00, /* ......... ... .. */
/*00002150 */  0x01,0x01,0x04,0x01,0x01,0x1f,0x08,0x00,0x00,0x20,0x00,0x00,0x00,0x70,0x00,0x00, /* ......... ...p.. */
/*00002160 */  0x01,0x01,0x04,0x01,0x01,0x1b,0x08,0x00,0x00,0x28,0x00,0x00,0x00,0x0a,0x00,0x00, /* .........(...... */
/*00002170 */  0x01,0x01,0x04,0x01,0x01,0x1c,0x08,0x00,0x00,0x38,0x00,0x00,0x00,0x10,0x00,0x00, /* .........8...... */
/*00002180 */  0x01,0x01,0x04,0x01,0x01,0x1c,0x08,0x00,0x00,0x70,0x00,0x00,0x00,0x20,0x00,0x00, /* .........p... .. */
/*00002190 */  0x01,0x01,0x04,0x01,0x01,0x1c,0x08,0x00,0x00,0x80,0x00,0x00,0x00,0x10,0x00,0x00, /* ................ */
/*000021a0 */  0x01,0x01,0x04,0x01,0x01,0x1b,0x10,0x00,0x00,0x04,0x00,0x00,0x00,0x0a,0x00,0x00, /* ................ */
/*000021b0 */  0x01,0x01,0x04,0x01,0x01,0x21,0x10,0x00,0x00,0x04,0x00,0x00,0x00,0x10,0x00,0x00, /* .....!.......... */
/*000021c0 */  0x01,0x01,0x04,0x01,0x01,0x1b,0x10,0x00,0x00,0x04,0x00,0x00,0x00,0x20,0x00,0x00, /* ............. .. */
/*000021d0 */  0x01,0x01,0x04,0x01,0x01,0x1b,0x10,0x00,0x00,0x08,0x00,0x00,0x00,0x0a,0x00,0x00, /* ................ */
/*000021e0 */  0x01,0x01,0x04,0x01,0x01,0x1f,0x10,0x00,0x00,0x0a,0x00,0x00,0x00,0x08,0x00,0x00, /* ................ */
/*000021f0 */  0x01,0x01,0x04,0x01,0x01,0x1f,0x10,0x00,0x00,0x0a,0x00,0x00,0x00,0x28,0x00,0x00, /* .............(.. */
/*00002200 */  0x01,0x01,0x04,0x01,0x01,0x1f,0x10,0x00,0x00,0x10,0x00,0x00,0x00,0x10,0x00,0x00, /* ................ */
/*00002210 */  0x01,0x01,0x04,0x01,0x01,0x1e,0x10,0x00,0x00,0x10,0x00,0x00,0x00,0x38,0x00,0x00, /* .............8.. */
/*00002220 */  0x01,0x01,0x04,0x01,0x01,0x21,0x10,0x00,0x00,0x20,0x00,0x00,0x00,0x20,0x00,0x00, /* .....!... ... .. */
/*00002230 */  0x01,0x01,0x04,0x01,0x01,0x28,0x10,0x00,0x00,0x20,0x00,0x00,0x00,0x70,0x00,0x00, /* .....(... ...p.. */
/*00002240 */  0x01,0x01,0x04,0x01,0x01,0x1f,0x10,0x00,0x00,0x28,0x00,0x00,0x00,0x0a,0x00,0x00, /* .........(...... */
/*00002250 */  0x01,0x01,0x04,0x01,0x01,0x29,0x10,0x00,0x00,0x38,0x00,0x00,0x00,0x10,0x00,0x00, /* .....)...8...... */
/*00002260 */  0x01,0x01,0x04,0x01,0x01,0x22,0x10,0x00,0x00,0x70,0x00,0x00,0x00,0x20,0x00,0x00, /* ....."...p... .. */
/*00002270 */  0x01,0x01,0x04,0x01,0x01,0x22,0x10,0x00,0x00,0x80,0x00,0x00,0x00,0x10,0x00,0x00, /* .....".......... */
/*00002280 */  0x01,0x01,0x04,0x01,0x01,0x29,0x20,0x00,0x00,0x04,0x00,0x00,0x00,0x0a,0x00,0x00, /* .....) ......... */
/*00002290 */  0x01,0x01,0x04,0x01,0x01,0x1b,0x20,0x00,0x00,0x04,0x00,0x00,0x00,0x10,0x00,0x00, /* ...... ......... */
/*000022a0 */  0x01,0x01,0x04,0x01,0x01,0x25,0x20,0x00,0x00,0x04,0x00,0x00,0x00,0x20,0x00,0x00, /* .....% ...... .. */
/*000022b0 */  0x01,0x01,0x04,0x01,0x01,0x1b,0x20,0x00,0x00,0x08,0x00,0x00,0x00,0x0a,0x00,0x00, /* ...... ......... */
/*000022c0 */  0x01,0x01,0x04,0x01,0x01,0x25,0x20,0x00,0x00,0x0a,0x00,0x00,0x00,0x08,0x00,0x00, /* .....% ......... */
/*000022d0 */  0x01,0x01,0x04,0x01,0x01,0x1d,0x20,0x00,0x00,0x0a,0x00,0x00,0x00,0x28,0x00,0x00, /* ...... ......(.. */
/*000022e0 */  0x01,0x01,0x04,0x01,0x01,0x25,0x20,0x00,0x00,0x10,0x00,0x00,0x00,0x10,0x00,0x00, /* .....% ......... */
/*000022f0 */  0x01,0x01,0x04,0x01,0x01,0x1b,0x20,0x00,0x00,0x10,0x00,0x00,0x00,0x38,0x00,0x00, /* ...... ......8.. */
/*00002300 */  0x01,0x01,0x04,0x01,0x01,0x21,0x20,0x00,0x00,0x20,0x00,0x00,0x00,0x20,0x00,0x00, /* .....! .. ... .. */
/*00002310 */  0x01,0x01,0x04,0x01,0x01,0x1b,0x20,0x00,0x00,0x20,0x00,0x00,0x00,0x70,0x00,0x00, /* ...... .. ...p.. */
/*00002320 */  0x01,0x01,0x04,0x01,0x01,0x21,0x20,0x00,0x00,0x28,0x00,0x00,0x00,0x0a,0x00,0x00, /* .....! ..(...... */
/*00002330 */  0x01,0x01,0x04,0x01,0x01,0x23,0x20,0x00,0x00,0x38,0x00,0x00,0x00,0x10,0x00,0x00, /* .....# ..8...... */
/*00002340 */  0x01,0x01,0x04,0x01,0x01,0x29,0x20,0x00,0x00,0x70,0x00,0x00,0x00,0x20,0x00,0x00, /* .....) ..p... .. */
/*00002350 */  0x01,0x01,0x04,0x01,0x01,0x1c,0x20,0x00,0x00,0x80,0x00,0x00,0x00,0x10,0x00,0x00, /* ...... ......... */
/*00002360 */  0x01,0x01,0x04,0x01,0x01,0x1f,0x40,0x00,0x00,0x04,0x00,0x00,0x00,0x0a,0x00,0x00, /* ......@......... */
/*00002370 */  0x01,0x01,0x04,0x01,0x01,0x25,0x40,0x00,0x00,0x04,0x00,0x00,0x00,0x10,0x00,0x00, /* .....%@......... */
/*00002380 */  0x01,0x01,0x04,0x01,0x01,0x1f,0x40,0x00,0x00,0x04,0x00,0x00,0x00,0x20,0x00,0x00, /* ......@...... .. */
/*00002390 */  0x01,0x01,0x04,0x01,0x01,0x1f,0x40,0x00,0x00,0x08,0x00,0x00,0x00,0x0a,0x00,0x00, /* ......@......... */
/*000023a0 */  0x01,0x01,0x04,0x01,0x01,0x1b,0x40,0x00,0x00,0x0a,0x00,0x00,0x00,0x08,0x00,0x00, /* ......@......... */
/*000023b0 */  0x01,0x01,0x04,0x01,0x01,0x25,0x40,0x00,0x00,0x0a,0x00,0x00,0x00,0x28,0x00,0x00, /* .....%@......(.. */
/*000023c0 */  0x01,0x01,0x04,0x01,0x01,0x1d,0x40,0x00,0x00,0x10,0x00,0x00,0x00,0x10,0x00,0x00, /* ......@......... */
/*000023d0 */  0x01,0x01,0x04,0x01,0x01,0x1b,0x40,0x00,0x00,0x10,0x00,0x00,0x00,0x38,0x00,0x00, /* ......@......8.. */
/*000023e0 */  0x01,0x01,0x04,0x01,0x01,0x20,0x40,0x00,0x00,0x20,0x00,0x00,0x00,0x20,0x00,0x00, /* ..... @.. ... .. */
/*000023f0 */  0x01,0x01,0x04,0x01,0x01,0x25,0x40,0x00,0x00,0x20,0x00,0x00,0x00,0x70,0x00,0x00, /* .....%@.. ...p.. */
/*00002400 */  0x01,0x01,0x04,0x01,0x01,0x1d,0x40,0x00,0x00,0x28,0x00,0x00,0x00,0x0a,0x00,0x00, /* ......@..(...... */
/*00002410 */  0x01,0x01,0x04,0x01,0x01,0x29,0x40,0x00,0x00,0x38,0x00,0x00,0x00,0x10,0x00,0x00, /* .....)@..8...... */
/*00002420 */  0x01,0x01,0x04,0x01,0x01,0x1c,0x40,0x00,0x00,0x70,0x00,0x00,0x00,0x20,0x00,0x00, /* ......@..p... .. */
/*00002430 */  0x01,0x01,0x04,0x01,0x01,0x29,0x40,0x00,0x00,0x80,0x00,0x00,0x00,0x10,0x00,0x00, /* .....)@......... */
/*00002440 */  0x01,0x01,0x04,0x01,0x01,0x25,0x80,0x00,0x00,0x04,0x00,0x00,0x00,0x0a,0x00,0x00, /* .....%.......... */
/*00002450 */  0x01,0x01,0x04,0x01,0x01,0x1b,0x80,0x00,0x00,0x04,0x00,0x00,0x00,0x10,0x00,0x00, /* ................ */
/*00002460 */  0x01,0x01,0x04,0x01,0x01,0x1f,0x80,0x00,0x00,0x04,0x00,0x00,0x00,0x20,0x00,0x00, /* ............. .. */
/*00002470 */  0x01,0x01,0x04,0x01,0x01,0x22,0x80,0x00,0x00,0x08,0x00,0x00,0x00,0x0a,0x00,0x00, /* .....".......... */
/*00002480 */  0x01,0x01,0x04,0x01,0x01,0x23,0x80,0x00,0x00,0x0a,0x00,0x00,0x00,0x08,0x00,0x00, /* .....#.......... */
/*00002490 */  0x01,0x01,0x04,0x01,0x01,0x1c,0x80,0x00,0x00,0x0a,0x00,0x00,0x00,0x28,0x00,0x00, /* .............(.. */
/*000024a0 */  0x01,0x01,0x04,0x01,0x01,0x35,0x80,0x00,0x00,0x10,0x00,0x00,0x00,0x10,0x00,0x00, /* .....5.......... */
/*000024b0 */  0x01,0x01,0x04,0x01,0x01,0x2f,0x80,0x00,0x00,0x10,0x00,0x00,0x00,0x38,0x00,0x00, /* .............8.. */
/*000024c0 */  0x01,0x01,0x04,0x01,0x01,0x3f,0x80,0x00,0x00,0x20,0x00,0x00,0x00,0x20,0x00,0x00, /* .....?... ... .. */
/*000024d0 */  0x01,0x01,0x04,0x01,0x01,0x3f,0x80,0x00,0x00,0x20,0x00,0x00,0x00,0x70,0x00,0x00, /* .....?... ...p.. */
/*000024e0 */  0x01,0x01,0x04,0x01,0x01,0x36,0x80,0x00,0x00,0x28,0x00,0x00,0x00,0x0a,0x00,0x00, /* .....6...(...... */
/*000024f0 */  0x01,0x01,0x04,0x01,0x01,0x30,0x80,0x00,0x00,0x38,0x00,0x00,0x00,0x10,0x00,0x00, /* .....0...8...... */
/*00002500 */  0x01,0x01,0x04,0x01,0x01,0x2b,0x80,0x00,0x00,0x70,0x00,0x00,0x00,0x20,0x00,0x00, /* .....+...p... .. */
/*00002510 */  0x01,0x01,0x04,0x01,0x01,0x2a,0x80,0x00,0x00,0x80,0x00,0x00,0x00,0x10,0x00,0x00, /* ................ */
/*00002520 */  0x01,0x01,0x04,0x01,0x01,0x23,0x00,0x01,0x00,0x04,0x00,0x00,0x00,0x0a,0x00,0x00, /* .....#.......... */
/*00002530 */  0x01,0x01,0x04,0x01,0x01,0x1c,0x00,0x01,0x00,0x04,0x00,0x00,0x00,0x10,0x00,0x00, /* ................ */
/*00002540 */  0x01,0x01,0x04,0x01,0x01,0x1c,0x00,0x01,0x00,0x04,0x00,0x00,0x00,0x20,0x00,0x00, /* ............. .. */
/*00002550 */  0x01,0x01,0x04,0x01,0x01,0x2c,0x00,0x01,0x00,0x08,0x00,0x00,0x00,0x0a,0x00,0x00, /* .....,.......... */
/*00002560 */  0x01,0x01,0x04,0x01,0x01,0x2f,0x00,0x01,0x00,0x0a,0x00,0x00,0x00,0x08,0x00,0x00, /* ................ */
/*00002570 */  0x01,0x01,0x04,0x01,0x01,0x2c,0x00,0x01,0x00,0x0a,0x00,0x00,0x00,0x28,0x00,0x00, /* .....,.......(.. */
/*00002580 */  0x01,0x01,0x04,0x01,0x01,0x33,0x00,0x01,0x00,0x10,0x00,0x00,0x00,0x10,0x00,0x00, /* .....3.......... */
/*00002590 */  0x01,0x01,0x04,0x01,0x01,0x33,0x00,0x01,0x00,0x10,0x00,0x00,0x00,0x38,0x00,0x00, /* .....3.......8.. */
/*000025a0 */  0x01,0x01,0x04,0x01,0x01,0x1c,0x00,0x01,0x00,0x20,0x00,0x00,0x00,0x20,0x00,0x00, /* ......... ... .. */
/*000025b0 */  0x01,0x01,0x04,0x01,0x01,0x2a,0x00,0x01,0x00,0x20,0x00,0x00,0x00,0x70,0x00,0x00, /* ......... ...p.. */
/*000025c0 */  0x01,0x01,0x04,0x01,0x01,0x36,0x00,0x01,0x00,0x28,0x00,0x00,0x00,0x0a,0x00,0x00, /* .....6...(...... */
/*000025d0 */  0x01,0x01,0x04,0x01,0x01,0x1c,0x00,0x01,0x00,0x38,0x00,0x00,0x00,0x10,0x00,0x00, /* .........8...... */
/*000025e0 */  0x01,0x01,0x04,0x01,0x01,0x35,0x00,0x01,0x00,0x70,0x00,0x00,0x00,0x20,0x00,0x00, /* .....5...p... .. */
/*000025f0 */  0x01,0x01,0x04,0x01,0x01,0x1c,0x00,0x01,0x00,0x80,0x00,0x00,0x00,0x10,0x00,0x00, /* ................ */
/*00002600 */  0x01,0x01,0x04,0x01,0x01,0x26,0x00,0x02,0x00,0x04,0x00,0x00,0x00,0x0a,0x00,0x00, /* .....&.......... */
/*00002610 */  0x01,0x01,0x04,0x01,0x01,0x2d,0x00,0x02,0x00,0x04,0x00,0x00,0x00,0x10,0x00,0x00, /* .....-.......... */
/*00002620 */  0x01,0x01,0x04,0x01,0x01,0x40,0x00,0x02,0x00,0x04,0x00,0x00,0x00,0x20,0x00,0x00, /* .....@....... .. */
/*00002630 */  0x01,0x01,0x04,0x01,0x01,0x3f,0x00,0x02,0x00,0x08,0x00,0x00,0x00,0x0a,0x00,0x00, /* .....?.......... */
/*00002640 */  0x01,0x01,0x04,0x01,0x01,0x3e,0x00,0x02,0x00,0x0a,0x00,0x00,0x00,0x08,0x00,0x00, /* .....>.......... */
/*00002650 */  0x01,0x01,0x04,0x01,0x01,0x36,0x00,0x02,0x00,0x0a,0x00,0x00,0x00,0x28,0x00,0x00, /* .....6.......(.. */
/*00002660 */  0x01,0x01,0x04,0x01,0x01,0x1c,0x00,0x02,0x00,0x10,0x00,0x00,0x00,0x10,0x00,0x00, /* ................ */
/*00002670 */  0x01,0x01,0x04,0x01,0x01,0x34,0x00,0x02,0x00,0x10,0x00,0x00,0x00,0x38,0x00,0x00, /* .....4.......8.. */
/*00002680 */  0x01,0x01,0x04,0x01,0x01,0x33,0x00,0x02,0x00,0x20,0x00,0x00,0x00,0x20,0x00,0x00, /* .....3... ... .. */
/*00002690 */  0x01,0x01,0x04,0x01,0x01,0x2a,0x00,0x02,0x00,0x20,0x00,0x00,0x00,0x70,0x00,0x00, /* ......... ...p.. */
/*000026a0 */  0x01,0x01,0x04,0x01,0x01,0x2e,0x00,0x02,0x00,0x28,0x00,0x00,0x00,0x0a,0x00,0x00, /* .........(...... */
/*000026b0 */  0x01,0x01,0x04,0x01,0x01,0x2a,0x00,0x02,0x00,0x38,0x00,0x00,0x00,0x10,0x00,0x00, /* .........8...... */
/*000026c0 */  0x01,0x01,0x04,0x01,0x01,0x2a,0x00,0x02,0x00,0x70,0x00,0x00,0x00,0x20,0x00,0x00, /* .........p... .. */
/*000026d0 */  0x01,0x01,0x04,0x01,0x01,0x2a,0x00,0x02,0x00,0x80,0x00,0x00,0x00,0x10,0x00,0x00, /* ................ */
/*000026e0 */  0x01,0x01,0x04,0x01,0x01,0x36,0x00,0x04,0x00,0x04,0x00,0x00,0x00,0x0a,0x00,0x00, /* .....6.......... */
/*000026f0 */  0x01,0x01,0x04,0x01,0x01,0x41,0x00,0x04,0x00,0x04,0x00,0x00,0x00,0x10,0x00,0x00, /* .....A.......... */
/*00002700 */  0x01,0x01,0x04,0x01,0x01,0x2e,0x00,0x04,0x00,0x04,0x00,0x00,0x00,0x20,0x00,0x00, /* ............. .. */
/*00002710 */  0x01,0x01,0x04,0x01,0x01,0x2d,0x00,0x04,0x00,0x08,0x00,0x00,0x00,0x0a,0x00,0x00, /* .....-.......... */
/*00002720 */  0x01,0x01,0x04,0x01,0x01,0x3e,0x00,0x04,0x00,0x0a,0x00,0x00,0x00,0x08,0x00,0x00, /* .....>.......... */
/*00002730 */  0x01,0x01,0x04,0x01,0x01,0x33,0x00,0x04,0x00,0x0a,0x00,0x00,0x00,0x28,0x00,0x00, /* .....3.......(.. */
/*00002740 */  0x01,0x01,0x04,0x01,0x01,0x2d,0x00,0x04,0x00,0x10,0x00,0x00,0x00,0x10,0x00,0x00, /* .....-.......... */
/*00002750 */  0x01,0x01,0x04,0x01,0x01,0x2a,0x00,0x04,0x00,0x10,0x00,0x00,0x00,0x38,0x00,0x00, /* .............8.. */
/*00002760 */  0x01,0x01,0x04,0x01,0x01,0x2a,0x00,0x04,0x00,0x20,0x00,0x00,0x00,0x20,0x00,0x00, /* ......... ... .. */
/*00002770 */  0x01,0x01,0x04,0x01,0x01,0x2b,0x00,0x04,0x00,0x20,0x00,0x00,0x00,0x70,0x00,0x00, /* .....+... ...p.. */
/*00002780 */  0x01,0x01,0x04,0x01,0x01,0x24,0x00,0x04,0x00,0x28,0x00,0x00,0x00,0x0a,0x00,0x00, /* .....$...(...... */
/*00002790 */  0x01,0x01,0x04,0x01,0x01,0x2a,0x00,0x04,0x00,0x38,0x00,0x00,0x00,0x10,0x00,0x00, /* .........8...... */
/*000027a0 */  0x01,0x01,0x04,0x01,0x01,0x2a,0x00,0x04,0x00,0x70,0x00,0x00,0x00,0x20,0x00,0x00, /* .........p... .. */
/*000027b0 */  0x01,0x01,0x04,0x01,0x01,0x2a,0x00,0x04,0x00,0x80,0x00,0x00,0x00,0x10,0x00,0x00, /* ................ */
/*000027c0 */  0x01,0x01,0x04,0x01,0x01,0x37,0x00,0x08,0x00,0x04,0x00,0x00,0x00,0x0a,0x00,0x00, /* .....7.......... */
/*000027d0 */  0x01,0x01,0x04,0x01,0x01,0x2d,0x00,0x08,0x00,0x04,0x00,0x00,0x00,0x10,0x00,0x00, /* .....-.......... */
/*000027e0 */  0x01,0x01,0x04,0x01,0x01,0x41,0x00,0x08,0x00,0x04,0x00,0x00,0x00,0x20,0x00,0x00, /* .....A....... .. */
/*000027f0 */  0x01,0x01,0x04,0x01,0x01,0x2d,0x00,0x08,0x00,0x08,0x00,0x00,0x00,0x0a,0x00,0x00, /* .....-.......... */
/*00002800 */  0x01,0x01,0x04,0x01,0x01,0x41,0x00,0x08,0x00,0x0a,0x00,0x00,0x00,0x08,0x00,0x00, /* .....A.......... */
/*00002810 */  0x01,0x01,0x04,0x01,0x01,0x2b,0x00,0x08,0x00,0x0a,0x00,0x00,0x00,0x28,0x00,0x00, /* .....+.......(.. */
/*00002820 */  0x01,0x01,0x04,0x01,0x01,0x2a,0x00,0x08,0x00,0x10,0x00,0x00,0x00,0x10,0x00,0x00, /* ................ */
/*00002830 */  0x01,0x01,0x04,0x01,0x01,0x2b,0x00,0x08,0x00,0x10,0x00,0x00,0x00,0x38,0x00,0x00, /* .....+.......8.. */
/*00002840 */  0x01,0x01,0x04,0x01,0x01,0x35,0x00,0x08,0x00,0x20,0x00,0x00,0x00,0x20,0x00,0x00, /* .....5... ... .. */
/*00002850 */  0x01,0x01,0x04,0x01,0x01,0x2b,0x00,0x08,0x00,0x20,0x00,0x00,0x00,0x70,0x00,0x00, /* .....+... ...p.. */
/*00002860 */  0x01,0x01,0x04,0x01,0x01,0x2b,0x00,0x08,0x00,0x28,0x00,0x00,0x00,0x0a,0x00,0x00, /* .....+...(...... */
/*00002870 */  0x01,0x01,0x04,0x01,0x01,0x2a,0x00,0x08,0x00,0x38,0x00,0x00,0x00,0x10,0x00,0x00, /* .........8...... */
/*00002880 */  0x01,0x01,0x04,0x01,0x01,0x2f,0x00,0x08,0x00,0x70,0x00,0x00,0x00,0x20,0x00,0x00, /* .........p... .. */
/*00002890 */  0x01,0x01,0x04,0x01,0x01,0x2f,0x00,0x08,0x00,0x80,0x00,0x00,0x00,0x10,0x00,0x00, /* ................ */
/*000028a0 */  0x01,0x01,0x04,0x01,0x01,0x2d,0x00,0x10,0x00,0x04,0x00,0x00,0x00,0x0a,0x00,0x00, /* .....-.......... */
/*000028b0 */  0x01,0x01,0x04,0x01,0x01,0x2a,0x00,0x10,0x00,0x04,0x00,0x00,0x00,0x10,0x00,0x00, /* ................ */
/*000028c0 */  0x01,0x01,0x04,0x01,0x01,0x42,0x00,0x10,0x00,0x04,0x00,0x00,0x00,0x20,0x00,0x00, /* .....B....... .. */
/*000028d0 */  0x01,0x01,0x04,0x01,0x01,0x37,0x00,0x10,0x00,0x08,0x00,0x00,0x00,0x0a,0x00,0x00, /* .....7.......... */
/*000028e0 */  0x01,0x01,0x04,0x01,0x01,0x2a,0x00,0x10,0x00,0x0a,0x00,0x00,0x00,0x08,0x00,0x00, /* ................ */
/*000028f0 */  0x01,0x01,0x04,0x01,0x01,0x2b,0x00,0x10,0x00,0x0a,0x00,0x00,0x00,0x28,0x00,0x00, /* .....+.......(.. */
/*00002900 */  0x01,0x01,0x04,0x01,0x01,0x2a,0x00,0x10,0x00,0x10,0x00,0x00,0x00,0x10,0x00,0x00, /* ................ */
/*00002910 */  0x01,0x01,0x04,0x01,0x01,0x2b,0x00,0x10,0x00,0x10,0x00,0x00,0x00,0x38,0x00,0x00, /* .....+.......8.. */
/*00002920 */  0x01,0x01,0x04,0x01,0x01,0x2f,0x00,0x10,0x00,0x20,0x00,0x00,0x00,0x20,0x00,0x00, /* ......... ... .. */
/*00002930 */  0x01,0x01,0x04,0x01,0x01,0x2f,0x00,0x10,0x00,0x20,0x00,0x00,0x00,0x70,0x00,0x00, /* ......... ...p.. */
/*00002940 */  0x01,0x01,0x04,0x01,0x01,0x2b,0x00,0x10,0x00,0x28,0x00,0x00,0x00,0x0a,0x00,0x00, /* .....+...(...... */
/*00002950 */  0x01,0x01,0x04,0x01,0x01,0x2a,0x00,0x10,0x00,0x38,0x00,0x00,0x00,0x10,0x00,0x00, /* .........8...... */
/*00002960 */  0x01,0x01,0x04,0x01,0x01,0x2b,0x00,0x10,0x00,0x70,0x00,0x00,0x00,0x20,0x00,0x00, /* .....+...p... .. */
/*00002970 */  0x01,0x01,0x04,0x01,0x01,0x2a,0x00,0x10,0x00,0x80,0x00,0x00,0x00,0x10,0x00,0x00, /* ................ */
/*00002980 */  0x01,0x01,0x04,0x01,0x01,0x2b,0x00,0x20,0x00,0x04,0x00,0x00,0x00,0x0a,0x00,0x00, /* .....+. ........ */
/*00002990 */  0x01,0x01,0x04,0x01,0x01,0x43,0x00,0x20,0x00,0x04,0x00,0x00,0x00,0x10,0x00,0x00, /* .....C. ........ */
/*000029a0 */  0x01,0x01,0x04,0x01,0x01,0x2f,0x00,0x20,0x00,0x04,0x00,0x00,0x00,0x20,0x00,0x00, /* ....... ..... .. */
/*000029b0 */  0x01,0x01,0x04,0x01,0x01,0x2b,0x00,0x20,0x00,0x08,0x00,0x00,0x00,0x0a,0x00,0x00, /* .....+. ........ */
/*000029c0 */  0x01,0x01,0x04,0x01,0x01,0x2f,0x00,0x20,0x00,0x0a,0x00,0x00,0x00,0x08,0x00,0x00, /* ....... ........ */
/*000029d0 */  0x01,0x01,0x04,0x01,0x01,0x2b,0x00,0x20,0x00,0x0a,0x00,0x00,0x00,0x28,0x00,0x00, /* .....+. .....(.. */
/*000029e0 */  0x01,0x01,0x04,0x01,0x01,0x2b,0x00,0x20,0x00,0x10,0x00,0x00,0x00,0x10,0x00,0x00, /* .....+. ........ */
/*000029f0 */  0x01,0x01,0x04,0x01,0x01,0x2b,0x00,0x20,0x00,0x10,0x00,0x00,0x00,0x38,0x00,0x00, /* .....+. .....8.. */
/*00002a00 */  0x01,0x01,0x04,0x01,0x01,0x2b,0x00,0x20,0x00,0x20,0x00,0x00,0x00,0x20,0x00,0x00, /* .....+. . ... .. */
/*00002a10 */  0x01,0x01,0x04,0x01,0x01,0x2b,0x00,0x20,0x00,0x20,0x00,0x00,0x00,0x70,0x00,0x00, /* .....+. . ...p.. */
/*00002a20 */  0x01,0x01,0x04,0x01,0x01,0x35,0x00,0x20,0x00,0x28,0x00,0x00,0x00,0x0a,0x00,0x00, /* .....5. .(...... */
/*00002a30 */  0x01,0x01,0x04,0x01,0x01,0x2f,0x00,0x20,0x00,0x38,0x00,0x00,0x00,0x10,0x00,0x00, /* ....... .8...... */
/*00002a40 */  0x01,0x01,0x04,0x01,0x01,0x2b,0x00,0x20,0x00,0x70,0x00,0x00,0x00,0x20,0x00,0x00, /* .....+. .p... .. */
/*00002a50 */  0x01,0x01,0x04,0x01,0x01,0x2b,0x00,0x20,0x00,0x80,0x00,0x00,0x00,0x10,0x00,0x00, /* .....+. ........ */
/*00002a60 */  0x01,0x01,0x04,0x01,0x01,0x2b,0x00,0x40,0x00,0x04,0x00,0x00,0x00,0x0a,0x00,0x00, /* .....+.@........ */
/*00002a70 */  0x01,0x01,0x04,0x01,0x01,0x35,0x00,0x40,0x00,0x04,0x00,0x00,0x00,0x10,0x00,0x00, /* .....5.@........ */
/*00002a80 */  0x01,0x01,0x04,0x01,0x01,0x35,0x00,0x40,0x00,0x04,0x00,0x00,0x00,0x20,0x00,0x00, /* .....5.@..... .. */
/*00002a90 */  0x01,0x01,0x04,0x01,0x01,0x35,0x00,0x40,0x00,0x08,0x00,0x00,0x00,0x0a,0x00,0x00, /* .....5.@........ */
/*00002aa0 */  0x01,0x01,0x04,0x01,0x01,0x35,0x00,0x40,0x00,0x0a,0x00,0x00,0x00,0x08,0x00,0x00, /* .....5.@........ */
/*00002ab0 */  0x01,0x01,0x04,0x01,0x01,0x2b,0x00,0x40,0x00,0x0a,0x00,0x00,0x00,0x28,0x00,0x00, /* .....+.@.....(.. */
/*00002ac0 */  0x01,0x01,0x04,0x01,0x01,0x2f,0x00,0x40,0x00,0x10,0x00,0x00,0x00,0x10,0x00,0x00, /* .......@........ */
/*00002ad0 */  0x01,0x01,0x04,0x01,0x01,0x2b,0x00,0x40,0x00,0x10,0x00,0x00,0x00,0x38,0x00,0x00, /* .....+.@.....8.. */
/*00002ae0 */  0x01,0x01,0x04,0x01,0x01,0x2b,0x00,0x40,0x00,0x20,0x00,0x00,0x00,0x20,0x00,0x00, /* .....+.@. ... .. */
/*00002af0 */  0x01,0x01,0x04,0x01,0x01,0x3f,0x00,0x40,0x00,0x20,0x00,0x00,0x00,0x70,0x00,0x00, /* .....?.@. ...p.. */
/*00002b00 */  0x01,0x01,0x04,0x01,0x01,0x2a,0x00,0x40,0x00,0x28,0x00,0x00,0x00,0x0a,0x00,0x00, /* .......@.(...... */
/*00002b10 */  0x01,0x01,0x04,0x01,0x01,0x2f,0x00,0x40,0x00,0x38,0x00,0x00,0x00,0x10,0x00,0x00, /* .......@.8...... */
/*00002b20 */  0x01,0x01,0x04,0x01,0x01,0x2b,0x00,0x40,0x00,0x70,0x00,0x00,0x00,0x20,0x00,0x00, /* .....+.@.p... .. */
/*00002b30 */  0x01,0x01,0x04,0x01,0x01,0x2b,0x00,0x40,0x00,0x80,0x00,0x00,0x00,0x10,0x00,0x00, /* .....+.@........ */
/*00002b40 */  0x01,0x01,0x04,0x01,0x02,0x1b,0x08,0x00,0x00,0x04,0x00,0x00,0x00,0x10,0x00,0x00, /* ................ */
/*00002b50 */  0x01,0x01,0x04,0x01,0x02,0x25,0x08,0x00,0x00,0x04,0x00,0x00,0x00,0x20,0x00,0x00, /* .....%....... .. */
/*00002b60 */  0x01,0x01,0x04,0x01,0x02,0x1d,0x08,0x00,0x00,0x0a,0x00,0x00,0x00,0x08,0x00,0x00, /* ................ */
/*00002b70 */  0x01,0x01,0x04,0x01,0x02,0x1b,0x08,0x00,0x00,0x0a,0x00,0x00,0x00,0x28,0x00,0x00, /* .............(.. */
/*00002b80 */  0x01,0x01,0x04,0x01,0x02,0x25,0x08,0x00,0x00,0x10,0x00,0x00,0x00,0x10,0x00,0x00, /* .....%.......... */
/*00002b90 */  0x01,0x01,0x04,0x01,0x02,0x1f,0x08,0x00,0x00,0x10,0x00,0x00,0x00,0x38,0x00,0x00, /* .............8.. */
/*00002ba0 */  0x01,0x01,0x04,0x01,0x02,0x1b,0x08,0x00,0x00,0x20,0x00,0x00,0x00,0x20,0x00,0x00, /* ......... ... .. */
/*00002bb0 */  0x01,0x01,0x04,0x01,0x02,0x1b,0x08,0x00,0x00,0x20,0x00,0x00,0x00,0x70,0x00,0x00, /* ......... ...p.. */
/*00002bc0 */  0x01,0x01,0x04,0x01,0x02,0x20,0x08,0x00,0x00,0x38,0x00,0x00,0x00,0x10,0x00,0x00, /* ..... ...8...... */
/*00002bd0 */  0x01,0x01,0x04,0x01,0x02,0x1b,0x08,0x00,0x00,0x70,0x00,0x00,0x00,0x20,0x00,0x00, /* .........p... .. */
/*00002be0 */  0x01,0x01,0x04,0x01,0x02,0x1f,0x08,0x00,0x00,0x80,0x00,0x00,0x00,0x10,0x00,0x00, /* ................ */
/*00002bf0 */  0x01,0x01,0x04,0x01,0x02,0x23,0x10,0x00,0x00,0x04,0x00,0x00,0x00,0x10,0x00,0x00, /* .....#.......... */
/*00002c00 */  0x01,0x01,0x04,0x01,0x02,0x1f,0x10,0x00,0x00,0x04,0x00,0x00,0x00,0x20,0x00,0x00, /* ............. .. */
/*00002c10 */  0x01,0x01,0x04,0x01,0x02,0x1d,0x10,0x00,0x00,0x0a,0x00,0x00,0x00,0x08,0x00,0x00, /* ................ */
/*00002c20 */  0x01,0x01,0x04,0x01,0x02,0x1f,0x10,0x00,0x00,0x0a,0x00,0x00,0x00,0x28,0x00,0x00, /* .............(.. */
/*00002c30 */  0x01,0x01,0x04,0x01,0x02,0x1f,0x10,0x00,0x00,0x10,0x00,0x00,0x00,0x10,0x00,0x00, /* ................ */
/*00002c40 */  0x01,0x01,0x04,0x01,0x02,0x1b,0x10,0x00,0x00,0x10,0x00,0x00,0x00,0x38,0x00,0x00, /* .............8.. */
/*00002c50 */  0x01,0x01,0x04,0x01,0x02,0x1b,0x10,0x00,0x00,0x20,0x00,0x00,0x00,0x20,0x00,0x00, /* ......... ... .. */
/*00002c60 */  0x01,0x01,0x04,0x01,0x02,0x1b,0x10,0x00,0x00,0x20,0x00,0x00,0x00,0x70,0x00,0x00, /* ......... ...p.. */
/*00002c70 */  0x01,0x01,0x04,0x01,0x02,0x1e,0x10,0x00,0x00,0x38,0x00,0x00,0x00,0x10,0x00,0x00, /* .........8...... */
/*00002c80 */  0x01,0x01,0x04,0x01,0x02,0x1d,0x10,0x00,0x00,0x70,0x00,0x00,0x00,0x20,0x00,0x00, /* .........p... .. */
/*00002c90 */  0x01,0x01,0x04,0x01,0x02,0x1b,0x10,0x00,0x00,0x80,0x00,0x00,0x00,0x10,0x00,0x00, /* ................ */
/*00002ca0 */  0x01,0x01,0x04,0x01,0x02,0x25,0x20,0x00,0x00,0x04,0x00,0x00,0x00,0x10,0x00,0x00, /* .....% ......... */
/*00002cb0 */  0x01,0x01,0x04,0x01,0x02,0x29,0x20,0x00,0x00,0x04,0x00,0x00,0x00,0x20,0x00,0x00, /* .....) ...... .. */
/*00002cc0 */  0x01,0x01,0x04,0x01,0x02,0x1b,0x20,0x00,0x00,0x0a,0x00,0x00,0x00,0x08,0x00,0x00, /* ...... ......... */
/*00002cd0 */  0x01,0x01,0x04,0x01,0x02,0x1f,0x20,0x00,0x00,0x0a,0x00,0x00,0x00,0x28,0x00,0x00, /* ...... ......(.. */
/*00002ce0 */  0x01,0x01,0x04,0x01,0x02,0x1f,0x20,0x00,0x00,0x10,0x00,0x00,0x00,0x10,0x00,0x00, /* ...... ......... */
/*00002cf0 */  0x01,0x01,0x04,0x01,0x02,0x1f,0x20,0x00,0x00,0x10,0x00,0x00,0x00,0x38,0x00,0x00, /* ...... ......8.. */
/*00002d00 */  0x01,0x01,0x04,0x01,0x02,0x1f,0x20,0x00,0x00,0x20,0x00,0x00,0x00,0x20,0x00,0x00, /* ...... .. ... .. */
/*00002d10 */  0x01,0x01,0x04,0x01,0x02,0x1f,0x20,0x00,0x00,0x20,0x00,0x00,0x00,0x70,0x00,0x00, /* ...... .. ...p.. */
/*00002d20 */  0x01,0x01,0x04,0x01,0x02,0x1e,0x20,0x00,0x00,0x38,0x00,0x00,0x00,0x10,0x00,0x00, /* ...... ..8...... */
/*00002d30 */  0x01,0x01,0x04,0x01,0x02,0x1f,0x20,0x00,0x00,0x70,0x00,0x00,0x00,0x20,0x00,0x00, /* ...... ..p... .. */
/*00002d40 */  0x01,0x01,0x04,0x01,0x02,0x1b,0x20,0x00,0x00,0x80,0x00,0x00,0x00,0x10,0x00,0x00, /* ...... ......... */
/*00002d50 */  0x01,0x01,0x04,0x01,0x02,0x25,0x40,0x00,0x00,0x04,0x00,0x00,0x00,0x10,0x00,0x00, /* .....%@......... */
/*00002d60 */  0x01,0x01,0x04,0x01,0x02,0x22,0x40,0x00,0x00,0x04,0x00,0x00,0x00,0x20,0x00,0x00, /* ....."@...... .. */
/*00002d70 */  0x01,0x01,0x04,0x01,0x02,0x1c,0x40,0x00,0x00,0x0a,0x00,0x00,0x00,0x08,0x00,0x00, /* ......@......... */
/*00002d80 */  0x01,0x01,0x04,0x01,0x02,0x1f,0x40,0x00,0x00,0x0a,0x00,0x00,0x00,0x28,0x00,0x00, /* ......@......(.. */
/*00002d90 */  0x01,0x01,0x04,0x01,0x02,0x1d,0x40,0x00,0x00,0x10,0x00,0x00,0x00,0x10,0x00,0x00, /* ......@......... */
/*00002da0 */  0x01,0x01,0x04,0x01,0x02,0x1f,0x40,0x00,0x00,0x10,0x00,0x00,0x00,0x38,0x00,0x00, /* ......@......8.. */
/*00002db0 */  0x01,0x01,0x04,0x01,0x02,0x1d,0x40,0x00,0x00,0x20,0x00,0x00,0x00,0x20,0x00,0x00, /* ......@.. ... .. */
/*00002dc0 */  0x01,0x01,0x04,0x01,0x02,0x1b,0x40,0x00,0x00,0x20,0x00,0x00,0x00,0x70,0x00,0x00, /* ......@.. ...p.. */
/*00002dd0 */  0x01,0x01,0x04,0x01,0x02,0x1e,0x40,0x00,0x00,0x38,0x00,0x00,0x00,0x10,0x00,0x00, /* ......@..8...... */
/*00002de0 */  0x01,0x01,0x04,0x01,0x02,0x1d,0x40,0x00,0x00,0x70,0x00,0x00,0x00,0x20,0x00,0x00, /* ......@..p... .. */
/*00002df0 */  0x01,0x01,0x04,0x01,0x02,0x1b,0x40,0x00,0x00,0x80,0x00,0x00,0x00,0x10,0x00,0x00, /* ......@......... */
/*00002e00 */  0x01,0x01,0x04,0x01,0x02,0x28,0x80,0x00,0x00,0x04,0x00,0x00,0x00,0x10,0x00,0x00, /* .....(.......... */
/*00002e10 */  0x01,0x01,0x04,0x01,0x02,0x1b,0x80,0x00,0x00,0x04,0x00,0x00,0x00,0x20,0x00,0x00, /* ............. .. */
/*00002e20 */  0x01,0x01,0x04,0x01,0x02,0x1c,0x80,0x00,0x00,0x0a,0x00,0x00,0x00,0x08,0x00,0x00, /* ................ */
/*00002e30 */  0x01,0x01,0x04,0x01,0x02,0x1f,0x80,0x00,0x00,0x0a,0x00,0x00,0x00,0x28,0x00,0x00, /* .............(.. */
/*00002e40 */  0x01,0x01,0x04,0x01,0x02,0x2b,0x80,0x00,0x00,0x10,0x00,0x00,0x00,0x10,0x00,0x00, /* .....+.......... */
/*00002e50 */  0x01,0x01,0x04,0x01,0x02,0x1b,0x80,0x00,0x00,0x10,0x00,0x00,0x00,0x38,0x00,0x00, /* .............8.. */
/*00002e60 */  0x01,0x01,0x04,0x01,0x02,0x3f,0x80,0x00,0x00,0x20,0x00,0x00,0x00,0x20,0x00,0x00, /* .....?... ... .. */
/*00002e70 */  0x01,0x01,0x04,0x01,0x02,0x41,0x80,0x00,0x00,0x20,0x00,0x00,0x00,0x70,0x00,0x00, /* .....A... ...p.. */
/*00002e80 */  0x01,0x01,0x04,0x01,0x02,0x2a,0x80,0x00,0x00,0x38,0x00,0x00,0x00,0x10,0x00,0x00, /* .........8...... */
/*00002e90 */  0x01,0x01,0x04,0x01,0x02,0x2d,0x80,0x00,0x00,0x70,0x00,0x00,0x00,0x20,0x00,0x00, /* .....-...p... .. */
/*00002ea0 */  0x01,0x01,0x04,0x01,0x02,0x2d,0x80,0x00,0x00,0x80,0x00,0x00,0x00,0x10,0x00,0x00, /* .....-.......... */
/*00002eb0 */  0x01,0x01,0x04,0x01,0x02,0x2b,0x00,0x01,0x00,0x04,0x00,0x00,0x00,0x10,0x00,0x00, /* .....+.......... */
/*00002ec0 */  0x01,0x01,0x04,0x01,0x02,0x31,0x00,0x01,0x00,0x04,0x00,0x00,0x00,0x20,0x00,0x00, /* .....1....... .. */
/*00002ed0 */  0x01,0x01,0x04,0x01,0x02,0x28,0x00,0x01,0x00,0x0a,0x00,0x00,0x00,0x08,0x00,0x00, /* .....(.......... */
/*00002ee0 */  0x01,0x01,0x04,0x01,0x02,0x1c,0x00,0x01,0x00,0x0a,0x00,0x00,0x00,0x28,0x00,0x00, /* .............(.. */
/*00002ef0 */  0x01,0x01,0x04,0x01,0x02,0x34,0x00,0x01,0x00,0x10,0x00,0x00,0x00,0x10,0x00,0x00, /* .....4.......... */
/*00002f00 */  0x01,0x01,0x04,0x01,0x02,0x36,0x00,0x01,0x00,0x10,0x00,0x00,0x00,0x38,0x00,0x00, /* .....6.......8.. */
/*00002f10 */  0x01,0x01,0x04,0x01,0x02,0x24,0x00,0x01,0x00,0x20,0x00,0x00,0x00,0x20,0x00,0x00, /* .....$... ... .. */
/*00002f20 */  0x01,0x01,0x04,0x01,0x02,0x2b,0x00,0x01,0x00,0x20,0x00,0x00,0x00,0x70,0x00,0x00, /* .....+... ...p.. */
/*00002f30 */  0x01,0x01,0x04,0x01,0x02,0x2a,0x00,0x01,0x00,0x38,0x00,0x00,0x00,0x10,0x00,0x00, /* .........8...... */
/*00002f40 */  0x01,0x01,0x04,0x01,0x02,0x2f,0x00,0x01,0x00,0x70,0x00,0x00,0x00,0x20,0x00,0x00, /* .........p... .. */
/*00002f50 */  0x01,0x01,0x04,0x01,0x02,0x24,0x00,0x01,0x00,0x80,0x00,0x00,0x00,0x10,0x00,0x00, /* .....$.......... */
/*00002f60 */  0x01,0x01,0x04,0x01,0x02,0x35,0x00,0x02,0x00,0x04,0x00,0x00,0x00,0x10,0x00,0x00, /* .....5.......... */
/*00002f70 */  0x01,0x01,0x04,0x01,0x02,0x33,0x00,0x02,0x00,0x04,0x00,0x00,0x00,0x20,0x00,0x00, /* .....3....... .. */
/*00002f80 */  0x01,0x01,0x04,0x01,0x02,0x41,0x00,0x02,0x00,0x0a,0x00,0x00,0x00,0x08,0x00,0x00, /* .....A.......... */
/*00002f90 */  0x01,0x01,0x04,0x01,0x02,0x2e,0x00,0x02,0x00,0x0a,0x00,0x00,0x00,0x28,0x00,0x00, /* .............(.. */
/*00002fa0 */  0x01,0x01,0x04,0x01,0x02,0x31,0x00,0x02,0x00,0x10,0x00,0x00,0x00,0x10,0x00,0x00, /* .....1.......... */
/*00002fb0 */  0x01,0x01,0x04,0x01,0x02,0x2d,0x00,0x02,0x00,0x10,0x00,0x00,0x00,0x38,0x00,0x00, /* .....-.......8.. */
/*00002fc0 */  0x01,0x01,0x04,0x01,0x02,0x2d,0x00,0x02,0x00,0x20,0x00,0x00,0x00,0x20,0x00,0x00, /* .....-... ... .. */
/*00002fd0 */  0x01,0x01,0x04,0x01,0x02,0x2b,0x00,0x02,0x00,0x20,0x00,0x00,0x00,0x70,0x00,0x00, /* .....+... ...p.. */
/*00002fe0 */  0x01,0x01,0x04,0x01,0x02,0x24,0x00,0x02,0x00,0x38,0x00,0x00,0x00,0x10,0x00,0x00, /* .....$...8...... */
/*00002ff0 */  0x01,0x01,0x04,0x01,0x02,0x2a,0x00,0x02,0x00,0x70,0x00,0x00,0x00,0x20,0x00,0x00, /* .........p... .. */
/*00003000 */  0x01,0x01,0x04,0x01,0x02,0x35,0x00,0x02,0x00,0x80,0x00,0x00,0x00,0x10,0x00,0x00, /* .....5.......... */
/*00003010 */  0x01,0x01,0x04,0x01,0x02,0x41,0x00,0x04,0x00,0x04,0x00,0x00,0x00,0x10,0x00,0x00, /* .....A.......... */
/*00003020 */  0x01,0x01,0x04,0x01,0x02,0x36,0x00,0x04,0x00,0x04,0x00,0x00,0x00,0x20,0x00,0x00, /* .....6....... .. */
/*00003030 */  0x01,0x01,0x04,0x01,0x02,0x3e,0x00,0x04,0x00,0x0a,0x00,0x00,0x00,0x08,0x00,0x00, /* .....>.......... */
/*00003040 */  0x01,0x01,0x04,0x01,0x02,0x34,0x00,0x04,0x00,0x0a,0x00,0x00,0x00,0x28,0x00,0x00, /* .....4.......(.. */
/*00003050 */  0x01,0x01,0x04,0x01,0x02,0x37,0x00,0x04,0x00,0x10,0x00,0x00,0x00,0x10,0x00,0x00, /* .....7.......... */
/*00003060 */  0x01,0x01,0x04,0x01,0x02,0x2b,0x00,0x04,0x00,0x10,0x00,0x00,0x00,0x38,0x00,0x00, /* .....+.......8.. */
/*00003070 */  0x01,0x01,0x04,0x01,0x02,0x2d,0x00,0x04,0x00,0x20,0x00,0x00,0x00,0x20,0x00,0x00, /* .....-... ... .. */
/*00003080 */  0x01,0x01,0x04,0x01,0x02,0x2b,0x00,0x04,0x00,0x20,0x00,0x00,0x00,0x70,0x00,0x00, /* .....+... ...p.. */
/*00003090 */  0x01,0x01,0x04,0x01,0x02,0x2f,0x00,0x04,0x00,0x38,0x00,0x00,0x00,0x10,0x00,0x00, /* .........8...... */
/*000030a0 */  0x01,0x01,0x04,0x01,0x02,0x35,0x00,0x04,0x00,0x70,0x00,0x00,0x00,0x20,0x00,0x00, /* .....5...p... .. */
/*000030b0 */  0x01,0x01,0x04,0x01,0x02,0x2b,0x00,0x04,0x00,0x80,0x00,0x00,0x00,0x10,0x00,0x00, /* .....+.......... */
/*000030c0 */  0x01,0x01,0x04,0x01,0x02,0x26,0x00,0x08,0x00,0x04,0x00,0x00,0x00,0x10,0x00,0x00, /* .....&.......... */
/*000030d0 */  0x01,0x01,0x04,0x01,0x02,0x41,0x00,0x08,0x00,0x04,0x00,0x00,0x00,0x20,0x00,0x00, /* .....A....... .. */
/*000030e0 */  0x01,0x01,0x04,0x01,0x02,0x3e,0x00,0x08,0x00,0x0a,0x00,0x00,0x00,0x08,0x00,0x00, /* .....>.......... */
/*000030f0 */  0x01,0x01,0x04,0x01,0x02,0x2b,0x00,0x08,0x00,0x0a,0x00,0x00,0x00,0x28,0x00,0x00, /* .....+.......(.. */
/*00003100 */  0x01,0x01,0x04,0x01,0x02,0x2d,0x00,0x08,0x00,0x10,0x00,0x00,0x00,0x10,0x00,0x00, /* .....-.......... */
/*00003110 */  0x01,0x01,0x04,0x01,0x02,0x2f,0x00,0x08,0x00,0x10,0x00,0x00,0x00,0x38,0x00,0x00, /* .............8.. */
/*00003120 */  0x01,0x01,0x04,0x01,0x02,0x2b,0x00,0x08,0x00,0x20,0x00,0x00,0x00,0x20,0x00,0x00, /* .....+... ... .. */
/*00003130 */  0x01,0x01,0x04,0x01,0x02,0x2b,0x00,0x08,0x00,0x20,0x00,0x00,0x00,0x70,0x00,0x00, /* .....+... ...p.. */
/*00003140 */  0x01,0x01,0x04,0x01,0x02,0x2d,0x00,0x08,0x00,0x38,0x00,0x00,0x00,0x10,0x00,0x00, /* .....-...8...... */
/*00003150 */  0x01,0x01,0x04,0x01,0x02,0x2b,0x00,0x08,0x00,0x70,0x00,0x00,0x00,0x20,0x00,0x00, /* .....+...p... .. */
/*00003160 */  0x01,0x01,0x04,0x01,0x02,0x2f,0x00,0x08,0x00,0x80,0x00,0x00,0x00,0x10,0x00,0x00, /* ................ */
/*00003170 */  0x01,0x01,0x04,0x01,0x02,0x2a,0x00,0x10,0x00,0x04,0x00,0x00,0x00,0x10,0x00,0x00, /* ................ */
/*00003180 */  0x01,0x01,0x04,0x01,0x02,0x24,0x00,0x10,0x00,0x04,0x00,0x00,0x00,0x20,0x00,0x00, /* .....$....... .. */
/*00003190 */  0x01,0x01,0x04,0x01,0x02,0x35,0x00,0x10,0x00,0x0a,0x00,0x00,0x00,0x08,0x00,0x00, /* .....5.......... */
/*000031a0 */  0x01,0x01,0x04,0x01,0x02,0x36,0x00,0x10,0x00,0x0a,0x00,0x00,0x00,0x28,0x00,0x00, /* .....6.......(.. */
/*000031b0 */  0x01,0x01,0x04,0x01,0x02,0x2f,0x00,0x10,0x00,0x10,0x00,0x00,0x00,0x10,0x00,0x00, /* ................ */
/*000031c0 */  0x01,0x01,0x04,0x01,0x02,0x2b,0x00,0x10,0x00,0x10,0x00,0x00,0x00,0x38,0x00,0x00, /* .....+.......8.. */
/*000031d0 */  0x01,0x01,0x04,0x01,0x02,0x2b,0x00,0x10,0x00,0x20,0x00,0x00,0x00,0x20,0x00,0x00, /* .....+... ... .. */
/*000031e0 */  0x01,0x01,0x04,0x01,0x02,0x2b,0x00,0x10,0x00,0x20,0x00,0x00,0x00,0x70,0x00,0x00, /* .....+... ...p.. */
/*000031f0 */  0x01,0x01,0x04,0x01,0x02,0x2f,0x00,0x10,0x00,0x38,0x00,0x00,0x00,0x10,0x00,0x00, /* .........8...... */
/*00003200 */  0x01,0x01,0x04,0x01,0x02,0x2b,0x00,0x10,0x00,0x70,0x00,0x00,0x00,0x20,0x00,0x00, /* .....+...p... .. */
/*00003210 */  0x01,0x01,0x04,0x01,0x02,0x2b,0x00,0x10,0x00,0x80,0x00,0x00,0x00,0x10,0x00,0x00, /* .....+.......... */
/*00003220 */  0x01,0x01,0x04,0x01,0x02,0x2f,0x00,0x20,0x00,0x04,0x00,0x00,0x00,0x10,0x00,0x00, /* ....... ........ */
/*00003230 */  0x01,0x01,0x04,0x01,0x02,0x35,0x00,0x20,0x00,0x04,0x00,0x00,0x00,0x20,0x00,0x00, /* .....5. ..... .. */
/*00003240 */  0x01,0x01,0x04,0x01,0x02,0x2b,0x00,0x20,0x00,0x0a,0x00,0x00,0x00,0x08,0x00,0x00, /* .....+. ........ */
/*00003250 */  0x01,0x01,0x04,0x01,0x02,0x2b,0x00,0x20,0x00,0x0a,0x00,0x00,0x00,0x28,0x00,0x00, /* .....+. .....(.. */
/*00003260 */  0x01,0x01,0x04,0x01,0x02,0x2f,0x00,0x20,0x00,0x10,0x00,0x00,0x00,0x10,0x00,0x00, /* ....... ........ */
/*00003270 */  0x01,0x01,0x04,0x01,0x02,0x2b,0x00,0x20,0x00,0x10,0x00,0x00,0x00,0x38,0x00,0x00, /* .....+. .....8.. */
/*00003280 */  0x01,0x01,0x04,0x01,0x02,0x2b,0x00,0x20,0x00,0x20,0x00,0x00,0x00,0x20,0x00,0x00, /* .....+. . ... .. */
/*00003290 */  0x01,0x01,0x04,0x01,0x02,0x2b,0x00,0x20,0x00,0x20,0x00,0x00,0x00,0x70,0x00,0x00, /* .....+. . ...p.. */
/*000032a0 */  0x01,0x01,0x04,0x01,0x02,0x2f,0x00,0x20,0x00,0x38,0x00,0x00,0x00,0x10,0x00,0x00, /* ....... .8...... */
/*000032b0 */  0x01,0x01,0x04,0x01,0x02,0x2b,0x00,0x20,0x00,0x70,0x00,0x00,0x00,0x20,0x00,0x00, /* .....+. .p... .. */
/*000032c0 */  0x01,0x01,0x04,0x01,0x02,0x2b,0x00,0x20,0x00,0x80,0x00,0x00,0x00,0x10,0x00,0x00, /* .....+. ........ */
/*000032d0 */  0x01,0x01,0x04,0x01,0x02,0x2f,0x00,0x40,0x00,0x04,0x00,0x00,0x00,0x10,0x00,0x00, /* .......@........ */
/*000032e0 */  0x01,0x01,0x04,0x01,0x02,0x35,0x00,0x40,0x00,0x04,0x00,0x00,0x00,0x20,0x00,0x00, /* .....5.@..... .. */
/*000032f0 */  0x01,0x01,0x04,0x01,0x02,0x2f,0x00,0x40,0x00,0x0a,0x00,0x00,0x00,0x08,0x00,0x00, /* .......@........ */
/*00003300 */  0x01,0x01,0x04,0x01,0x02,0x2b,0x00,0x40,0x00,0x0a,0x00,0x00,0x00,0x28,0x00,0x00, /* .....+.@.....(.. */
/*00003310 */  0x01,0x01,0x04,0x01,0x02,0x2f,0x00,0x40,0x00,0x10,0x00,0x00,0x00,0x10,0x00,0x00, /* .......@........ */
/*00003320 */  0x01,0x01,0x04,0x01,0x02,0x2b,0x00,0x40,0x00,0x10,0x00,0x00,0x00,0x38,0x00,0x00, /* .....+.@.....8.. */
/*00003330 */  0x01,0x01,0x04,0x01,0x02,0x2b,0x00,0x40,0x00,0x20,0x00,0x00,0x00,0x20,0x00,0x00, /* .....+.@. ... .. */
/*00003340 */  0x01,0x01,0x04,0x01,0x02,0x2b,0x00,0x40,0x00,0x20,0x00,0x00,0x00,0x70,0x00,0x00, /* .....+.@. ...p.. */
/*00003350 */  0x01,0x01,0x04,0x01,0x02,0x2f,0x00,0x40,0x00,0x38,0x00,0x00,0x00,0x10,0x00,0x00, /* .......@.8...... */
/*00003360 */  0x01,0x01,0x04,0x01,0x02,0x2b,0x00,0x40,0x00,0x70,0x00,0x00,0x00,0x20,0x00,0x00, /* .....+.@.p... .. */
/*00003370 */  0x01,0x01,0x04,0x01,0x02,0x2b,0x00,0x40,0x00,0x80,0x00,0x00,0x00,0x10,0x00,0x00, /* .....+.@........ */
/*00003380 */  0x01,0x01,0x02,0x02,0x01,0x44,0x08,0x00,0x80,0x00,0x00,0x00,0x00,0x0b,0x00,0x00, /* .....D.......... */
/*00003390 */  0x01,0x01,0x02,0x02,0x01,0x45,0x08,0x00,0x00,0x01,0x00,0x00,0x00,0x06,0x00,0x00, /* .....E.......... */
/*000033a0 */  0x01,0x01,0x02,0x02,0x01,0x1d,0x08,0x00,0x00,0x01,0x00,0x00,0x00,0x0a,0x00,0x00, /* ................ */
/*000033b0 */  0x01,0x01,0x02,0x02,0x01,0x44,0x08,0x00,0x00,0x02,0x00,0x00,0x00,0x06,0x00,0x00, /* .....D.......... */
/*000033c0 */  0x01,0x01,0x02,0x02,0x01,0x46,0x08,0x00,0x00,0x02,0x00,0x00,0x00,0x0a,0x00,0x00, /* .....F.......... */
/*000033d0 */  0x01,0x01,0x02,0x02,0x01,0x25,0x08,0x00,0x00,0x02,0x00,0x00,0x00,0x0f,0x00,0x00, /* .....%.......... */
/*000033e0 */  0x01,0x01,0x02,0x02,0x01,0x44,0x08,0x00,0x00,0x03,0x00,0x00,0x00,0x03,0x00,0x00, /* .....D.......... */
/*000033f0 */  0x01,0x01,0x02,0x02,0x01,0x1b,0x08,0x00,0x00,0x03,0x00,0x00,0x00,0x0c,0x00,0x00, /* ................ */
/*00003400 */  0x01,0x01,0x02,0x02,0x01,0x1d,0x08,0x00,0x00,0x04,0x00,0x00,0x00,0x04,0x00,0x00, /* ................ */
/*00003410 */  0x01,0x01,0x02,0x02,0x01,0x1f,0x08,0x00,0x00,0x04,0x00,0x00,0x00,0x0a,0x00,0x00, /* ................ */
/*00003420 */  0x01,0x01,0x02,0x02,0x01,0x22,0x08,0x00,0x00,0x04,0x00,0x00,0x00,0x0b,0x00,0x00, /* .....".......... */
/*00003430 */  0x01,0x01,0x02,0x02,0x01,0x1d,0x08,0x00,0x00,0x04,0x00,0x00,0x00,0x10,0x00,0x00, /* ................ */
/*00003440 */  0x01,0x01,0x02,0x02,0x01,0x1d,0x08,0x00,0x80,0x04,0x00,0x00,0x00,0x03,0x00,0x00, /* ................ */
/*00003450 */  0x01,0x01,0x02,0x02,0x01,0x1f,0x08,0x00,0x80,0x04,0x00,0x00,0x80,0x04,0x00,0x00, /* ................ */
/*00003460 */  0x01,0x01,0x02,0x02,0x01,0x1c,0x08,0x00,0x80,0x04,0x00,0x00,0xe0,0x10,0x00,0x00, /* ................ */
/*00003470 */  0x01,0x01,0x02,0x02,0x01,0x1b,0x08,0x00,0x00,0x06,0x00,0x00,0x00,0x01,0x00,0x00, /* ................ */
/*00003480 */  0x01,0x01,0x02,0x02,0x01,0x1c,0x08,0x00,0x00,0x06,0x00,0x00,0x00,0x03,0x00,0x00, /* ................ */
/*00003490 */  0x01,0x01,0x02,0x02,0x01,0x1f,0x08,0x00,0x00,0x06,0x00,0x00,0x00,0x04,0x00,0x00, /* ................ */
/*000034a0 */  0x01,0x01,0x02,0x02,0x01,0x25,0x08,0x00,0x00,0x06,0x00,0x00,0x00,0x06,0x00,0x00, /* .....%.......... */
/*000034b0 */  0x01,0x01,0x02,0x02,0x01,0x20,0x08,0x00,0x00,0x06,0x00,0x00,0x00,0x08,0x00,0x00, /* ..... .......... */
/*000034c0 */  0x01,0x01,0x02,0x02,0x01,0x1f,0x08,0x00,0x00,0x06,0x00,0x00,0x00,0x10,0x00,0x00, /* ................ */
/*000034d0 */  0x01,0x01,0x02,0x02,0x01,0x1e,0x08,0x00,0x00,0x06,0x00,0x00,0x00,0x18,0x00,0x00, /* ................ */
/*000034e0 */  0x01,0x01,0x02,0x02,0x01,0x1f,0x08,0x00,0x00,0x06,0x00,0x00,0x00,0x30,0x00,0x00, /* .............0.. */
/*000034f0 */  0x01,0x01,0x02,0x02,0x01,0x1d,0x08,0x00,0x00,0x08,0x00,0x00,0x00,0x04,0x00,0x00, /* ................ */
/*00003500 */  0x01,0x01,0x02,0x02,0x01,0x1b,0x08,0x00,0x00,0x08,0x00,0x00,0x00,0x06,0x00,0x00, /* ................ */
/*00003510 */  0x01,0x01,0x02,0x02,0x01,0x28,0x08,0x00,0x00,0x08,0x00,0x00,0x00,0x0a,0x00,0x00, /* .....(.......... */
/*00003520 */  0x01,0x01,0x02,0x02,0x01,0x1b,0x08,0x00,0x00,0x08,0x00,0x00,0x00,0x0b,0x00,0x00, /* ................ */
/*00003530 */  0x01,0x01,0x02,0x02,0x01,0x28,0x08,0x00,0x00,0x08,0x00,0x00,0x00,0x0f,0x00,0x00, /* .....(.......... */
/*00003540 */  0x01,0x01,0x02,0x02,0x01,0x28,0x08,0x00,0x40,0x08,0x00,0x00,0x00,0x0b,0x00,0x00, /* .....(..@....... */
/*00003550 */  0x01,0x01,0x02,0x02,0x01,0x2c,0x08,0x00,0x00,0x0a,0x00,0x00,0x00,0x01,0x00,0x00, /* .....,.......... */
/*00003560 */  0x01,0x01,0x02,0x02,0x01,0x29,0x08,0x00,0x00,0x0a,0x00,0x00,0x00,0x03,0x00,0x00, /* .....).......... */
/*00003570 */  0x01,0x01,0x02,0x02,0x01,0x21,0x08,0x00,0x00,0x0a,0x00,0x00,0x00,0x06,0x00,0x00, /* .....!.......... */
/*00003580 */  0x01,0x01,0x02,0x02,0x01,0x1f,0x08,0x00,0x00,0x0a,0x00,0x00,0x00,0x08,0x00,0x00, /* ................ */
/*00003590 */  0x01,0x01,0x02,0x02,0x01,0x25,0x08,0x00,0x00,0x0a,0x00,0x00,0x00,0x10,0x00,0x00, /* .....%.......... */
/*000035a0 */  0x01,0x01,0x02,0x02,0x01,0x1b,0x08,0x00,0x00,0x0a,0x00,0x00,0x00,0x28,0x00,0x00, /* .............(.. */
/*000035b0 */  0x01,0x01,0x02,0x02,0x01,0x1b,0x08,0x00,0x00,0x0b,0x00,0x00,0x80,0x04,0x00,0x00, /* ................ */
/*000035c0 */  0x01,0x01,0x02,0x02,0x01,0x25,0x08,0x00,0x00,0x0b,0x00,0x00,0x40,0x08,0x00,0x00, /* .....%......@... */
/*000035d0 */  0x01,0x01,0x02,0x02,0x01,0x1f,0x08,0x00,0x00,0x0b,0x00,0x00,0x00,0x10,0x00,0x00, /* ................ */
/*000035e0 */  0x01,0x01,0x02,0x02,0x01,0x25,0x08,0x00,0x00,0x0b,0x00,0x00,0x00,0x20,0x00,0x00, /* .....%....... .. */
/*000035f0 */  0x01,0x01,0x02,0x02,0x01,0x25,0x08,0x00,0x40,0x0b,0x00,0x00,0x00,0x10,0x00,0x00, /* .....%..@....... */
/*00003600 */  0x01,0x01,0x02,0x02,0x01,0x25,0x08,0x00,0x00,0x0c,0x00,0x00,0x00,0x03,0x00,0x00, /* .....%.......... */
/*00003610 */  0x01,0x01,0x02,0x02,0x01,0x1b,0x08,0x00,0x00,0x0f,0x00,0x00,0x00,0x10,0x00,0x00, /* ................ */
/*00003620 */  0x01,0x01,0x02,0x02,0x01,0x1f,0x08,0x00,0x00,0x0f,0x00,0x00,0x00,0x20,0x00,0x00, /* ............. .. */
/*00003630 */  0x01,0x01,0x02,0x02,0x01,0x21,0x08,0x00,0x00,0x0f,0x00,0x00,0x00,0x3c,0x00,0x00, /* .....!.......<.. */
/*00003640 */  0x01,0x01,0x02,0x02,0x01,0x1d,0x08,0x00,0x00,0x10,0x00,0x00,0x00,0x04,0x00,0x00, /* ................ */
/*00003650 */  0x01,0x01,0x02,0x02,0x01,0x1f,0x08,0x00,0x00,0x10,0x00,0x00,0x00,0x06,0x00,0x00, /* ................ */
/*00003660 */  0x01,0x01,0x02,0x02,0x01,0x1d,0x08,0x00,0x00,0x10,0x00,0x00,0x00,0x0a,0x00,0x00, /* ................ */
/*00003670 */  0x01,0x01,0x02,0x02,0x01,0x1d,0x08,0x00,0x00,0x10,0x00,0x00,0x00,0x0b,0x00,0x00, /* ................ */
/*00003680 */  0x01,0x01,0x02,0x02,0x01,0x1f,0x08,0x00,0x00,0x10,0x00,0x00,0x00,0x0f,0x00,0x00, /* ................ */
/*00003690 */  0x01,0x01,0x02,0x02,0x01,0x25,0x08,0x00,0xd0,0x10,0x00,0x00,0x80,0x04,0x00,0x00, /* .....%.......... */
/*000036a0 */  0x01,0x01,0x02,0x02,0x01,0x1b,0x08,0x00,0x00,0x14,0x00,0x00,0x40,0x0b,0x00,0x00, /* ............@... */
/*000036b0 */  0x01,0x01,0x02,0x02,0x01,0x21,0x08,0x00,0x00,0x18,0x00,0x00,0x00,0x06,0x00,0x00, /* .....!.......... */
/*000036c0 */  0x01,0x01,0x02,0x02,0x01,0x1c,0x08,0x00,0x00,0x20,0x00,0x00,0x00,0x0b,0x00,0x00, /* ......... ...... */
/*000036d0 */  0x01,0x01,0x02,0x02,0x01,0x1c,0x08,0x00,0x00,0x20,0x00,0x00,0x00,0x0f,0x00,0x00, /* ......... ...... */
/*000036e0 */  0x01,0x01,0x02,0x02,0x01,0x23,0x08,0x00,0x00,0x23,0x00,0x00,0x00,0x06,0x00,0x00, /* .....#...#...... */
/*000036f0 */  0x01,0x01,0x02,0x02,0x01,0x40,0x08,0x00,0x00,0x28,0x00,0x00,0x00,0x0a,0x00,0x00, /* .....@...(...... */
/*00003700 */  0x01,0x01,0x02,0x02,0x01,0x47,0x08,0x00,0x00,0x2a,0x00,0x00,0x00,0x0a,0x00,0x00, /* .....G.......... */
/*00003710 */  0x01,0x01,0x02,0x02,0x01,0x22,0x08,0x00,0x00,0x30,0x00,0x00,0x00,0x06,0x00,0x00, /* ....."...0...... */
/*00003720 */  0x01,0x01,0x02,0x02,0x01,0x40,0x08,0x00,0x00,0x3c,0x00,0x00,0x00,0x0f,0x00,0x00, /* .....@...<...... */
/*00003730 */  0x01,0x01,0x02,0x02,0x01,0x44,0x10,0x00,0x80,0x00,0x00,0x00,0x00,0x0b,0x00,0x00, /* .....D.......... */
/*00003740 */  0x01,0x01,0x02,0x02,0x01,0x44,0x10,0x00,0x00,0x01,0x00,0x00,0x00,0x06,0x00,0x00, /* .....D.......... */
/*00003750 */  0x01,0x01,0x02,0x02,0x01,0x1d,0x10,0x00,0x00,0x01,0x00,0x00,0x00,0x0a,0x00,0x00, /* ................ */
/*00003760 */  0x01,0x01,0x02,0x02,0x01,0x1e,0x10,0x00,0x00,0x02,0x00,0x00,0x00,0x06,0x00,0x00, /* ................ */
/*00003770 */  0x01,0x01,0x02,0x02,0x01,0x44,0x10,0x00,0x00,0x02,0x00,0x00,0x00,0x0a,0x00,0x00, /* .....D.......... */
/*00003780 */  0x01,0x01,0x02,0x02,0x01,0x1d,0x10,0x00,0x00,0x02,0x00,0x00,0x00,0x0f,0x00,0x00, /* ................ */
/*00003790 */  0x01,0x01,0x02,0x02,0x01,0x22,0x10,0x00,0x00,0x03,0x00,0x00,0x00,0x03,0x00,0x00, /* .....".......... */
/*000037a0 */  0x01,0x01,0x02,0x02,0x01,0x1f,0x10,0x00,0x00,0x03,0x00,0x00,0x00,0x0c,0x00,0x00, /* ................ */
/*000037b0 */  0x01,0x01,0x02,0x02,0x01,0x1c,0x10,0x00,0x00,0x04,0x00,0x00,0x00,0x04,0x00,0x00, /* ................ */
/*000037c0 */  0x01,0x01,0x02,0x02,0x01,0x1f,0x10,0x00,0x00,0x04,0x00,0x00,0x00,0x0a,0x00,0x00, /* ................ */
/*000037d0 */  0x01,0x01,0x02,0x02,0x01,0x1f,0x10,0x00,0x00,0x04,0x00,0x00,0x00,0x0b,0x00,0x00, /* ................ */
/*000037e0 */  0x01,0x01,0x02,0x02,0x01,0x1c,0x10,0x00,0x00,0x04,0x00,0x00,0x00,0x10,0x00,0x00, /* ................ */
/*000037f0 */  0x01,0x01,0x02,0x02,0x01,0x45,0x10,0x00,0x80,0x04,0x00,0x00,0x00,0x03,0x00,0x00, /* .....E.......... */
/*00003800 */  0x01,0x01,0x02,0x02,0x01,0x1b,0x10,0x00,0x80,0x04,0x00,0x00,0x80,0x04,0x00,0x00, /* ................ */
/*00003810 */  0x01,0x01,0x02,0x02,0x01,0x1f,0x10,0x00,0x80,0x04,0x00,0x00,0xe0,0x10,0x00,0x00, /* ................ */
/*00003820 */  0x01,0x01,0x02,0x02,0x01,0x1b,0x10,0x00,0x00,0x06,0x00,0x00,0x00,0x01,0x00,0x00, /* ................ */
/*00003830 */  0x01,0x01,0x02,0x02,0x01,0x28,0x10,0x00,0x00,0x06,0x00,0x00,0x00,0x03,0x00,0x00, /* .....(.......... */
/*00003840 */  0x01,0x01,0x02,0x02,0x01,0x1b,0x10,0x00,0x00,0x06,0x00,0x00,0x00,0x04,0x00,0x00, /* ................ */
/*00003850 */  0x01,0x01,0x02,0x02,0x01,0x28,0x10,0x00,0x00,0x06,0x00,0x00,0x00,0x06,0x00,0x00, /* .....(.......... */
/*00003860 */  0x01,0x01,0x02,0x02,0x01,0x1c,0x10,0x00,0x00,0x06,0x00,0x00,0x00,0x08,0x00,0x00, /* ................ */
/*00003870 */  0x01,0x01,0x02,0x02,0x01,0x25,0x10,0x00,0x00,0x06,0x00,0x00,0x00,0x10,0x00,0x00, /* .....%.......... */
/*00003880 */  0x01,0x01,0x02,0x02,0x01,0x25,0x10,0x00,0x00,0x06,0x00,0x00,0x00,0x18,0x00,0x00, /* .....%.......... */
/*00003890 */  0x01,0x01,0x02,0x02,0x01,0x25,0x10,0x00,0x00,0x06,0x00,0x00,0x00,0x30,0x00,0x00, /* .....%.......0.. */
/*000038a0 */  0x01,0x01,0x02,0x02,0x01,0x1d,0x10,0x00,0x00,0x08,0x00,0x00,0x00,0x04,0x00,0x00, /* ................ */
/*000038b0 */  0x01,0x01,0x02,0x02,0x01,0x25,0x10,0x00,0x00,0x08,0x00,0x00,0x00,0x06,0x00,0x00, /* .....%.......... */
/*000038c0 */  0x01,0x01,0x02,0x02,0x01,0x1b,0x10,0x00,0x00,0x08,0x00,0x00,0x00,0x0a,0x00,0x00, /* ................ */
/*000038d0 */  0x01,0x01,0x02,0x02,0x01,0x25,0x10,0x00,0x00,0x08,0x00,0x00,0x00,0x0b,0x00,0x00, /* .....%.......... */
/*000038e0 */  0x01,0x01,0x02,0x02,0x01,0x1d,0x10,0x00,0x00,0x08,0x00,0x00,0x00,0x0f,0x00,0x00, /* ................ */
/*000038f0 */  0x01,0x01,0x02,0x02,0x01,0x1b,0x10,0x00,0x40,0x08,0x00,0x00,0x00,0x0b,0x00,0x00, /* ........@....... */
/*00003900 */  0x01,0x01,0x02,0x02,0x01,0x47,0x10,0x00,0x00,0x0a,0x00,0x00,0x00,0x01,0x00,0x00, /* .....G.......... */
/*00003910 */  0x01,0x01,0x02,0x02,0x01,0x48,0x10,0x00,0x00,0x0a,0x00,0x00,0x00,0x03,0x00,0x00, /* .....H.......... */
/*00003920 */  0x01,0x01,0x02,0x02,0x01,0x29,0x10,0x00,0x00,0x0a,0x00,0x00,0x00,0x06,0x00,0x00, /* .....).......... */
/*00003930 */  0x01,0x01,0x02,0x02,0x01,0x1f,0x10,0x00,0x00,0x0a,0x00,0x00,0x00,0x08,0x00,0x00, /* ................ */
/*00003940 */  0x01,0x01,0x02,0x02,0x01,0x1f,0x10,0x00,0x00,0x0a,0x00,0x00,0x00,0x10,0x00,0x00, /* ................ */
/*00003950 */  0x01,0x01,0x02,0x02,0x01,0x1d,0x10,0x00,0x00,0x0a,0x00,0x00,0x00,0x28,0x00,0x00, /* .............(.. */
/*00003960 */  0x01,0x01,0x02,0x02,0x01,0x21,0x10,0x00,0x00,0x0b,0x00,0x00,0x80,0x04,0x00,0x00, /* .....!.......... */
/*00003970 */  0x01,0x01,0x02,0x02,0x01,0x25,0x10,0x00,0x00,0x0b,0x00,0x00,0x40,0x08,0x00,0x00, /* .....%......@... */
/*00003980 */  0x01,0x01,0x02,0x02,0x01,0x1f,0x10,0x00,0x00,0x0b,0x00,0x00,0x00,0x10,0x00,0x00, /* ................ */
/*00003990 */  0x01,0x01,0x02,0x02,0x01,0x1b,0x10,0x00,0x00,0x0b,0x00,0x00,0x00,0x20,0x00,0x00, /* ............. .. */
/*000039a0 */  0x01,0x01,0x02,0x02,0x01,0x1b,0x10,0x00,0x40,0x0b,0x00,0x00,0x00,0x10,0x00,0x00, /* ........@....... */
/*000039b0 */  0x01,0x01,0x02,0x02,0x01,0x1d,0x10,0x00,0x00,0x0c,0x00,0x00,0x00,0x03,0x00,0x00, /* ................ */
/*000039c0 */  0x01,0x01,0x02,0x02,0x01,0x1b,0x10,0x00,0x00,0x0f,0x00,0x00,0x00,0x10,0x00,0x00, /* ................ */
/*000039d0 */  0x01,0x01,0x02,0x02,0x01,0x1b,0x10,0x00,0x00,0x0f,0x00,0x00,0x00,0x20,0x00,0x00, /* ............. .. */
/*000039e0 */  0x01,0x01,0x02,0x02,0x01,0x1b,0x10,0x00,0x00,0x0f,0x00,0x00,0x00,0x3c,0x00,0x00, /* .............<.. */
/*000039f0 */  0x01,0x01,0x02,0x02,0x01,0x1d,0x10,0x00,0x00,0x10,0x00,0x00,0x00,0x04,0x00,0x00, /* ................ */
/*00003a00 */  0x01,0x01,0x02,0x02,0x01,0x21,0x10,0x00,0x00,0x10,0x00,0x00,0x00,0x06,0x00,0x00, /* .....!.......... */
/*00003a10 */  0x01,0x01,0x02,0x02,0x01,0x28,0x10,0x00,0x00,0x10,0x00,0x00,0x00,0x0a,0x00,0x00, /* .....(.......... */
/*00003a20 */  0x01,0x01,0x02,0x02,0x01,0x1f,0x10,0x00,0x00,0x10,0x00,0x00,0x00,0x0b,0x00,0x00, /* ................ */
/*00003a30 */  0x01,0x01,0x02,0x02,0x01,0x1f,0x10,0x00,0x00,0x10,0x00,0x00,0x00,0x0f,0x00,0x00, /* ................ */
/*00003a40 */  0x01,0x01,0x02,0x02,0x01,0x25,0x10,0x00,0xd0,0x10,0x00,0x00,0x80,0x04,0x00,0x00, /* .....%.......... */
/*00003a50 */  0x01,0x01,0x02,0x02,0x01,0x1d,0x10,0x00,0x00,0x14,0x00,0x00,0x40,0x0b,0x00,0x00, /* ............@... */
/*00003a60 */  0x01,0x01,0x02,0x02,0x01,0x1d,0x10,0x00,0x00,0x18,0x00,0x00,0x00,0x06,0x00,0x00, /* ................ */
/*00003a70 */  0x01,0x01,0x02,0x02,0x01,0x1c,0x10,0x00,0x00,0x20,0x00,0x00,0x00,0x0b,0x00,0x00, /* ......... ...... */
/*00003a80 */  0x01,0x01,0x02,0x02,0x01,0x22,0x10,0x00,0x00,0x20,0x00,0x00,0x00,0x0f,0x00,0x00, /* ....."... ...... */
/*00003a90 */  0x01,0x01,0x02,0x02,0x01,0x28,0x10,0x00,0x00,0x23,0x00,0x00,0x00,0x06,0x00,0x00, /* .....(...#...... */
/*00003aa0 */  0x01,0x01,0x02,0x02,0x01,0x2c,0x10,0x00,0x00,0x28,0x00,0x00,0x00,0x0a,0x00,0x00, /* .....,...(...... */
/*00003ab0 */  0x01,0x01,0x02,0x02,0x01,0x47,0x10,0x00,0x00,0x2a,0x00,0x00,0x00,0x0a,0x00,0x00, /* .....G.......... */
/*00003ac0 */  0x01,0x01,0x02,0x02,0x01,0x22,0x10,0x00,0x00,0x30,0x00,0x00,0x00,0x06,0x00,0x00, /* ....."...0...... */
/*00003ad0 */  0x01,0x01,0x02,0x02,0x01,0x40,0x10,0x00,0x00,0x3c,0x00,0x00,0x00,0x0f,0x00,0x00, /* .....@...<...... */
/*00003ae0 */  0x01,0x01,0x02,0x02,0x01,0x25,0x20,0x00,0x80,0x00,0x00,0x00,0x00,0x0b,0x00,0x00, /* .....% ......... */
/*00003af0 */  0x01,0x01,0x02,0x02,0x01,0x49,0x20,0x00,0x00,0x01,0x00,0x00,0x00,0x06,0x00,0x00, /* .....I ......... */
/*00003b00 */  0x01,0x01,0x02,0x02,0x01,0x25,0x20,0x00,0x00,0x01,0x00,0x00,0x00,0x0a,0x00,0x00, /* .....% ......... */
/*00003b10 */  0x01,0x01,0x02,0x02,0x01,0x29,0x20,0x00,0x00,0x02,0x00,0x00,0x00,0x06,0x00,0x00, /* .....) ......... */
/*00003b20 */  0x01,0x01,0x02,0x02,0x01,0x22,0x20,0x00,0x00,0x02,0x00,0x00,0x00,0x0a,0x00,0x00, /* ....." ......... */
/*00003b30 */  0x01,0x01,0x02,0x02,0x01,0x1b,0x20,0x00,0x00,0x02,0x00,0x00,0x00,0x0f,0x00,0x00, /* ...... ......... */
/*00003b40 */  0x01,0x01,0x02,0x02,0x01,0x1e,0x20,0x00,0x00,0x03,0x00,0x00,0x00,0x03,0x00,0x00, /* ...... ......... */
/*00003b50 */  0x01,0x01,0x02,0x02,0x01,0x25,0x20,0x00,0x00,0x03,0x00,0x00,0x00,0x0c,0x00,0x00, /* .....% ......... */
/*00003b60 */  0x01,0x01,0x02,0x02,0x01,0x1f,0x20,0x00,0x00,0x04,0x00,0x00,0x00,0x04,0x00,0x00, /* ...... ......... */
/*00003b70 */  0x01,0x01,0x02,0x02,0x01,0x1c,0x20,0x00,0x00,0x04,0x00,0x00,0x00,0x0a,0x00,0x00, /* ...... ......... */
/*00003b80 */  0x01,0x01,0x02,0x02,0x01,0x20,0x20,0x00,0x00,0x04,0x00,0x00,0x00,0x0b,0x00,0x00, /* .....  ......... */
/*00003b90 */  0x01,0x01,0x02,0x02,0x01,0x23,0x20,0x00,0x00,0x04,0x00,0x00,0x00,0x10,0x00,0x00, /* .....# ......... */
/*00003ba0 */  0x01,0x01,0x02,0x02,0x01,0x25,0x20,0x00,0x80,0x04,0x00,0x00,0x00,0x03,0x00,0x00, /* .....% ......... */
/*00003bb0 */  0x01,0x01,0x02,0x02,0x01,0x1f,0x20,0x00,0x80,0x04,0x00,0x00,0x80,0x04,0x00,0x00, /* ...... ......... */
/*00003bc0 */  0x01,0x01,0x02,0x02,0x01,0x23,0x20,0x00,0x80,0x04,0x00,0x00,0xe0,0x10,0x00,0x00, /* .....# ......... */
/*00003bd0 */  0x01,0x01,0x02,0x02,0x01,0x28,0x20,0x00,0x00,0x06,0x00,0x00,0x00,0x01,0x00,0x00, /* .....( ......... */
/*00003be0 */  0x01,0x01,0x02,0x02,0x01,0x26,0x20,0x00,0x00,0x06,0x00,0x00,0x00,0x03,0x00,0x00, /* .....& ......... */
/*00003bf0 */  0x01,0x01,0x02,0x02,0x01,0x1d,0x20,0x00,0x00,0x06,0x00,0x00,0x00,0x04,0x00,0x00, /* ...... ......... */
/*00003c00 */  0x01,0x01,0x02,0x02,0x01,0x20,0x20,0x00,0x00,0x06,0x00,0x00,0x00,0x06,0x00,0x00, /* .....  ......... */
/*00003c10 */  0x01,0x01,0x02,0x02,0x01,0x1d,0x20,0x00,0x00,0x06,0x00,0x00,0x00,0x08,0x00,0x00, /* ...... ......... */
/*00003c20 */  0x01,0x01,0x02,0x02,0x01,0x1d,0x20,0x00,0x00,0x06,0x00,0x00,0x00,0x10,0x00,0x00, /* ...... ......... */
/*00003c30 */  0x01,0x01,0x02,0x02,0x01,0x1b,0x20,0x00,0x00,0x06,0x00,0x00,0x00,0x18,0x00,0x00, /* ...... ......... */
/*00003c40 */  0x01,0x01,0x02,0x02,0x01,0x1b,0x20,0x00,0x00,0x06,0x00,0x00,0x00,0x30,0x00,0x00, /* ...... ......0.. */
/*00003c50 */  0x01,0x01,0x02,0x02,0x01,0x28,0x20,0x00,0x00,0x08,0x00,0x00,0x00,0x04,0x00,0x00, /* .....( ......... */
/*00003c60 */  0x01,0x01,0x02,0x02,0x01,0x1b,0x20,0x00,0x00,0x08,0x00,0x00,0x00,0x06,0x00,0x00, /* ...... ......... */
/*00003c70 */  0x01,0x01,0x02,0x02,0x01,0x1d,0x20,0x00,0x00,0x08,0x00,0x00,0x00,0x0a,0x00,0x00, /* ...... ......... */
/*00003c80 */  0x01,0x01,0x02,0x02,0x01,0x1d,0x20,0x00,0x00,0x08,0x00,0x00,0x00,0x0b,0x00,0x00, /* ...... ......... */
/*00003c90 */  0x01,0x01,0x02,0x02,0x01,0x1d,0x20,0x00,0x00,0x08,0x00,0x00,0x00,0x0f,0x00,0x00, /* ...... ......... */
/*00003ca0 */  0x01,0x01,0x02,0x02,0x01,0x25,0x20,0x00,0x40,0x08,0x00,0x00,0x00,0x0b,0x00,0x00, /* .....% .@....... */
/*00003cb0 */  0x01,0x01,0x02,0x02,0x01,0x21,0x20,0x00,0x00,0x0a,0x00,0x00,0x00,0x01,0x00,0x00, /* .....! ......... */
/*00003cc0 */  0x01,0x01,0x02,0x02,0x01,0x1f,0x20,0x00,0x00,0x0a,0x00,0x00,0x00,0x03,0x00,0x00, /* ...... ......... */
/*00003cd0 */  0x01,0x01,0x02,0x02,0x01,0x1b,0x20,0x00,0x00,0x0a,0x00,0x00,0x00,0x06,0x00,0x00, /* ...... ......... */
/*00003ce0 */  0x01,0x01,0x02,0x02,0x01,0x1f,0x20,0x00,0x00,0x0a,0x00,0x00,0x00,0x08,0x00,0x00, /* ...... ......... */
/*00003cf0 */  0x01,0x01,0x02,0x02,0x01,0x25,0x20,0x00,0x00,0x0a,0x00,0x00,0x00,0x10,0x00,0x00, /* .....% ......... */
/*00003d00 */  0x01,0x01,0x02,0x02,0x01,0x1b,0x20,0x00,0x00,0x0a,0x00,0x00,0x00,0x28,0x00,0x00, /* ...... ......(.. */
/*00003d10 */  0x01,0x01,0x02,0x02,0x01,0x25,0x20,0x00,0x00,0x0b,0x00,0x00,0x80,0x04,0x00,0x00, /* .....% ......... */
/*00003d20 */  0x01,0x01,0x02,0x02,0x01,0x25,0x20,0x00,0x00,0x0b,0x00,0x00,0x40,0x08,0x00,0x00, /* .....% .....@... */
/*00003d30 */  0x01,0x01,0x02,0x02,0x01,0x25,0x20,0x00,0x00,0x0b,0x00,0x00,0x00,0x10,0x00,0x00, /* .....% ......... */
/*00003d40 */  0x01,0x01,0x02,0x02,0x01,0x28,0x20,0x00,0x00,0x0b,0x00,0x00,0x00,0x20,0x00,0x00, /* .....( ...... .. */
/*00003d50 */  0x01,0x01,0x02,0x02,0x01,0x25,0x20,0x00,0x40,0x0b,0x00,0x00,0x00,0x10,0x00,0x00, /* .....% .@....... */
/*00003d60 */  0x01,0x01,0x02,0x02,0x01,0x1f,0x20,0x00,0x00,0x0c,0x00,0x00,0x00,0x03,0x00,0x00, /* ...... ......... */
/*00003d70 */  0x01,0x01,0x02,0x02,0x01,0x1b,0x20,0x00,0x00,0x0f,0x00,0x00,0x00,0x10,0x00,0x00, /* ...... ......... */
/*00003d80 */  0x01,0x01,0x02,0x02,0x01,0x2d,0x20,0x00,0x00,0x0f,0x00,0x00,0x00,0x20,0x00,0x00, /* .....- ...... .. */
/*00003d90 */  0x01,0x01,0x02,0x02,0x01,0x1d,0x20,0x00,0x00,0x0f,0x00,0x00,0x00,0x3c,0x00,0x00, /* ...... ......<.. */
/*00003da0 */  0x01,0x01,0x02,0x02,0x01,0x25,0x20,0x00,0x00,0x10,0x00,0x00,0x00,0x04,0x00,0x00, /* .....% ......... */
/*00003db0 */  0x01,0x01,0x02,0x02,0x01,0x25,0x20,0x00,0x00,0x10,0x00,0x00,0x00,0x06,0x00,0x00, /* .....% ......... */
/*00003dc0 */  0x01,0x01,0x02,0x02,0x01,0x1c,0x20,0x00,0x00,0x10,0x00,0x00,0x00,0x0a,0x00,0x00, /* ...... ......... */
/*00003dd0 */  0x01,0x01,0x02,0x02,0x01,0x1f,0x20,0x00,0x00,0x10,0x00,0x00,0x00,0x0b,0x00,0x00, /* ...... ......... */
/*00003de0 */  0x01,0x01,0x02,0x02,0x01,0x1f,0x20,0x00,0x00,0x10,0x00,0x00,0x00,0x0f,0x00,0x00, /* ...... ......... */
/*00003df0 */  0x01,0x01,0x02,0x02,0x01,0x1f,0x20,0x00,0xd0,0x10,0x00,0x00,0x80,0x04,0x00,0x00, /* ...... ......... */
/*00003e00 */  0x01,0x01,0x02,0x02,0x01,0x1f,0x20,0x00,0x00,0x14,0x00,0x00,0x40,0x0b,0x00,0x00, /* ...... .....@... */
/*00003e10 */  0x01,0x01,0x02,0x02,0x01,0x1f,0x20,0x00,0x00,0x18,0x00,0x00,0x00,0x06,0x00,0x00, /* ...... ......... */
/*00003e20 */  0x01,0x01,0x02,0x02,0x01,0x20,0x20,0x00,0x00,0x20,0x00,0x00,0x00,0x0b,0x00,0x00, /* .....  .. ...... */
/*00003e30 */  0x01,0x01,0x02,0x02,0x01,0x1e,0x20,0x00,0x00,0x20,0x00,0x00,0x00,0x0f,0x00,0x00, /* ...... .. ...... */
/*00003e40 */  0x01,0x01,0x02,0x02,0x01,0x1b,0x20,0x00,0x00,0x23,0x00,0x00,0x00,0x06,0x00,0x00, /* ...... ..#...... */
/*00003e50 */  0x01,0x01,0x02,0x02,0x01,0x31,0x20,0x00,0x00,0x28,0x00,0x00,0x00,0x0a,0x00,0x00, /* .....1 ..(...... */
/*00003e60 */  0x01,0x01,0x02,0x02,0x01,0x2c,0x20,0x00,0x00,0x2a,0x00,0x00,0x00,0x0a,0x00,0x00, /* ....., ......... */
/*00003e70 */  0x01,0x01,0x02,0x02,0x01,0x22,0x20,0x00,0x00,0x30,0x00,0x00,0x00,0x06,0x00,0x00, /* ....." ..0...... */
/*00003e80 */  0x01,0x01,0x02,0x02,0x01,0x47,0x20,0x00,0x00,0x3c,0x00,0x00,0x00,0x0f,0x00,0x00, /* .....G ..<...... */
/*00003e90 */  0x01,0x01,0x02,0x02,0x01,0x46,0x40,0x00,0x80,0x00,0x00,0x00,0x00,0x0b,0x00,0x00, /* .....F@......... */
/*00003ea0 */  0x01,0x01,0x02,0x02,0x01,0x44,0x40,0x00,0x00,0x01,0x00,0x00,0x00,0x06,0x00,0x00, /* .....D@......... */
/*00003eb0 */  0x01,0x01,0x02,0x02,0x01,0x25,0x40,0x00,0x00,0x01,0x00,0x00,0x00,0x0a,0x00,0x00, /* .....%@......... */
/*00003ec0 */  0x01,0x01,0x02,0x02,0x01,0x49,0x40,0x00,0x00,0x02,0x00,0x00,0x00,0x06,0x00,0x00, /* .....I@......... */
/*00003ed0 */  0x01,0x01,0x02,0x02,0x01,0x46,0x40,0x00,0x00,0x02,0x00,0x00,0x00,0x0a,0x00,0x00, /* .....F@......... */
/*00003ee0 */  0x01,0x01,0x02,0x02,0x01,0x1d,0x40,0x00,0x00,0x02,0x00,0x00,0x00,0x0f,0x00,0x00, /* ......@......... */
/*00003ef0 */  0x01,0x01,0x02,0x02,0x01,0x44,0x40,0x00,0x00,0x03,0x00,0x00,0x00,0x03,0x00,0x00, /* .....D@......... */
/*00003f00 */  0x01,0x01,0x02,0x02,0x01,0x1d,0x40,0x00,0x00,0x03,0x00,0x00,0x00,0x0c,0x00,0x00, /* ......@......... */
/*00003f10 */  0x01,0x01,0x02,0x02,0x01,0x1b,0x40,0x00,0x00,0x04,0x00,0x00,0x00,0x04,0x00,0x00, /* ......@......... */
/*00003f20 */  0x01,0x01,0x02,0x02,0x01,0x1d,0x40,0x00,0x00,0x04,0x00,0x00,0x00,0x0a,0x00,0x00, /* ......@......... */
/*00003f30 */  0x01,0x01,0x02,0x02,0x01,0x1b,0x40,0x00,0x00,0x04,0x00,0x00,0x00,0x0b,0x00,0x00, /* ......@......... */
/*00003f40 */  0x01,0x01,0x02,0x02,0x01,0x1f,0x40,0x00,0x00,0x04,0x00,0x00,0x00,0x10,0x00,0x00, /* ......@......... */
/*00003f50 */  0x01,0x01,0x02,0x02,0x01,0x25,0x40,0x00,0x80,0x04,0x00,0x00,0x00,0x03,0x00,0x00, /* .....%@......... */
/*00003f60 */  0x01,0x01,0x02,0x02,0x01,0x25,0x40,0x00,0x80,0x04,0x00,0x00,0x80,0x04,0x00,0x00, /* .....%@......... */
/*00003f70 */  0x01,0x01,0x02,0x02,0x01,0x25,0x40,0x00,0x80,0x04,0x00,0x00,0xe0,0x10,0x00,0x00, /* .....%@......... */
/*00003f80 */  0x01,0x01,0x02,0x02,0x01,0x1d,0x40,0x00,0x00,0x06,0x00,0x00,0x00,0x01,0x00,0x00, /* ......@......... */
/*00003f90 */  0x01,0x01,0x02,0x02,0x01,0x21,0x40,0x00,0x00,0x06,0x00,0x00,0x00,0x03,0x00,0x00, /* .....!@......... */
/*00003fa0 */  0x01,0x01,0x02,0x02,0x01,0x1f,0x40,0x00,0x00,0x06,0x00,0x00,0x00,0x04,0x00,0x00, /* ......@......... */
/*00003fb0 */  0x01,0x01,0x02,0x02,0x01,0x1d,0x40,0x00,0x00,0x06,0x00,0x00,0x00,0x06,0x00,0x00, /* ......@......... */
/*00003fc0 */  0x01,0x01,0x02,0x02,0x01,0x1b,0x40,0x00,0x00,0x06,0x00,0x00,0x00,0x08,0x00,0x00, /* ......@......... */
/*00003fd0 */  0x01,0x01,0x02,0x02,0x01,0x1d,0x40,0x00,0x00,0x06,0x00,0x00,0x00,0x10,0x00,0x00, /* ......@......... */
/*00003fe0 */  0x01,0x01,0x02,0x02,0x01,0x1b,0x40,0x00,0x00,0x06,0x00,0x00,0x00,0x18,0x00,0x00, /* ......@......... */
/*00003ff0 */  0x01,0x01,0x02,0x02,0x01,0x25,0x40,0x00,0x00,0x06,0x00,0x00,0x00,0x30,0x00,0x00, /* .....%@......0.. */
/*00004000 */  0x01,0x01,0x02,0x02,0x01,0x1d,0x40,0x00,0x00,0x08,0x00,0x00,0x00,0x04,0x00,0x00, /* ......@......... */
/*00004010 */  0x01,0x01,0x02,0x02,0x01,0x25,0x40,0x00,0x00,0x08,0x00,0x00,0x00,0x06,0x00,0x00, /* .....%@......... */
/*00004020 */  0x01,0x01,0x02,0x02,0x01,0x25,0x40,0x00,0x00,0x08,0x00,0x00,0x00,0x0a,0x00,0x00, /* .....%@......... */
/*00004030 */  0x01,0x01,0x02,0x02,0x01,0x25,0x40,0x00,0x00,0x08,0x00,0x00,0x00,0x0b,0x00,0x00, /* .....%@......... */
/*00004040 */  0x01,0x01,0x02,0x02,0x01,0x1d,0x40,0x00,0x00,0x08,0x00,0x00,0x00,0x0f,0x00,0x00, /* ......@......... */
/*00004050 */  0x01,0x01,0x02,0x02,0x01,0x25,0x40,0x00,0x40,0x08,0x00,0x00,0x00,0x0b,0x00,0x00, /* .....%@.@....... */
/*00004060 */  0x01,0x01,0x02,0x02,0x01,0x1b,0x40,0x00,0x00,0x0a,0x00,0x00,0x00,0x01,0x00,0x00, /* ......@......... */
/*00004070 */  0x01,0x01,0x02,0x02,0x01,0x1d,0x40,0x00,0x00,0x0a,0x00,0x00,0x00,0x03,0x00,0x00, /* ......@......... */
/*00004080 */  0x01,0x01,0x02,0x02,0x01,0x1d,0x40,0x00,0x00,0x0a,0x00,0x00,0x00,0x06,0x00,0x00, /* ......@......... */
/*00004090 */  0x01,0x01,0x02,0x02,0x01,0x25,0x40,0x00,0x00,0x0a,0x00,0x00,0x00,0x08,0x00,0x00, /* .....%@......... */
/*000040a0 */  0x01,0x01,0x02,0x02,0x01,0x25,0x40,0x00,0x00,0x0a,0x00,0x00,0x00,0x10,0x00,0x00, /* .....%@......... */
/*000040b0 */  0x01,0x01,0x02,0x02,0x01,0x1b,0x40,0x00,0x00,0x0a,0x00,0x00,0x00,0x28,0x00,0x00, /* ......@......(.. */
/*000040c0 */  0x01,0x01,0x02,0x02,0x01,0x25,0x40,0x00,0x00,0x0b,0x00,0x00,0x80,0x04,0x00,0x00, /* .....%@......... */
/*000040d0 */  0x01,0x01,0x02,0x02,0x01,0x25,0x40,0x00,0x00,0x0b,0x00,0x00,0x40,0x08,0x00,0x00, /* .....%@.....@... */
/*000040e0 */  0x01,0x01,0x02,0x02,0x01,0x1f,0x40,0x00,0x00,0x0b,0x00,0x00,0x00,0x10,0x00,0x00, /* ......@......... */
/*000040f0 */  0x01,0x01,0x02,0x02,0x01,0x25,0x40,0x00,0x00,0x0b,0x00,0x00,0x00,0x20,0x00,0x00, /* .....%@...... .. */
/*00004100 */  0x01,0x01,0x02,0x02,0x01,0x25,0x40,0x00,0x40,0x0b,0x00,0x00,0x00,0x10,0x00,0x00, /* .....%@.@....... */
/*00004110 */  0x01,0x01,0x02,0x02,0x01,0x1d,0x40,0x00,0x00,0x0c,0x00,0x00,0x00,0x03,0x00,0x00, /* ......@......... */
/*00004120 */  0x01,0x01,0x02,0x02,0x01,0x37,0x40,0x00,0x00,0x0f,0x00,0x00,0x00,0x10,0x00,0x00, /* .....7@......... */
/*00004130 */  0x01,0x01,0x02,0x02,0x01,0x2c,0x40,0x00,0x00,0x0f,0x00,0x00,0x00,0x20,0x00,0x00, /* .....,@...... .. */
/*00004140 */  0x01,0x01,0x02,0x02,0x01,0x25,0x40,0x00,0x00,0x0f,0x00,0x00,0x00,0x3c,0x00,0x00, /* .....%@......<.. */
/*00004150 */  0x01,0x01,0x02,0x02,0x01,0x1b,0x40,0x00,0x00,0x10,0x00,0x00,0x00,0x04,0x00,0x00, /* ......@......... */
/*00004160 */  0x01,0x01,0x02,0x02,0x01,0x25,0x40,0x00,0x00,0x10,0x00,0x00,0x00,0x06,0x00,0x00, /* .....%@......... */
/*00004170 */  0x01,0x01,0x02,0x02,0x01,0x1f,0x40,0x00,0x00,0x10,0x00,0x00,0x00,0x0a,0x00,0x00, /* ......@......... */
/*00004180 */  0x01,0x01,0x02,0x02,0x01,0x1d,0x40,0x00,0x00,0x10,0x00,0x00,0x00,0x0b,0x00,0x00, /* ......@......... */
/*00004190 */  0x01,0x01,0x02,0x02,0x01,0x1b,0x40,0x00,0x00,0x10,0x00,0x00,0x00,0x0f,0x00,0x00, /* ......@......... */
/*000041a0 */  0x01,0x01,0x02,0x02,0x01,0x1b,0x40,0x00,0xd0,0x10,0x00,0x00,0x80,0x04,0x00,0x00, /* ......@......... */
/*000041b0 */  0x01,0x01,0x02,0x02,0x01,0x25,0x40,0x00,0x00,0x14,0x00,0x00,0x40,0x0b,0x00,0x00, /* .....%@.....@... */
/*000041c0 */  0x01,0x01,0x02,0x02,0x01,0x1d,0x40,0x00,0x00,0x18,0x00,0x00,0x00,0x06,0x00,0x00, /* ......@......... */
/*000041d0 */  0x01,0x01,0x02,0x02,0x01,0x1b,0x40,0x00,0x00,0x20,0x00,0x00,0x00,0x0b,0x00,0x00, /* ......@.. ...... */
/*000041e0 */  0x01,0x01,0x02,0x02,0x01,0x1e,0x40,0x00,0x00,0x20,0x00,0x00,0x00,0x0f,0x00,0x00, /* ......@.. ...... */
/*000041f0 */  0x01,0x01,0x02,0x02,0x01,0x1f,0x40,0x00,0x00,0x23,0x00,0x00,0x00,0x06,0x00,0x00, /* ......@..#...... */
/*00004200 */  0x01,0x01,0x02,0x02,0x01,0x40,0x40,0x00,0x00,0x28,0x00,0x00,0x00,0x0a,0x00,0x00, /* .....@@..(...... */
/*00004210 */  0x01,0x01,0x02,0x02,0x01,0x31,0x40,0x00,0x00,0x2a,0x00,0x00,0x00,0x0a,0x00,0x00, /* .....1@......... */
/*00004220 */  0x01,0x01,0x02,0x02,0x01,0x2d,0x40,0x00,0x00,0x30,0x00,0x00,0x00,0x06,0x00,0x00, /* .....-@..0...... */
/*00004230 */  0x01,0x01,0x02,0x02,0x01,0x47,0x40,0x00,0x00,0x3c,0x00,0x00,0x00,0x0f,0x00,0x00, /* .....G@..<...... */
/*00004240 */  0x01,0x01,0x02,0x02,0x01,0x49,0x80,0x00,0x80,0x00,0x00,0x00,0x00,0x0b,0x00,0x00, /* .....I.......... */
/*00004250 */  0x01,0x01,0x02,0x02,0x01,0x46,0x80,0x00,0x00,0x01,0x00,0x00,0x00,0x06,0x00,0x00, /* .....F.......... */
/*00004260 */  0x01,0x01,0x02,0x02,0x01,0x49,0x80,0x00,0x00,0x01,0x00,0x00,0x00,0x0a,0x00,0x00, /* .....I.......... */
/*00004270 */  0x01,0x01,0x02,0x02,0x01,0x44,0x80,0x00,0x00,0x02,0x00,0x00,0x00,0x06,0x00,0x00, /* .....D.......... */
/*00004280 */  0x01,0x01,0x02,0x02,0x01,0x1d,0x80,0x00,0x00,0x02,0x00,0x00,0x00,0x0a,0x00,0x00, /* ................ */
/*00004290 */  0x01,0x01,0x02,0x02,0x01,0x1f,0x80,0x00,0x00,0x02,0x00,0x00,0x00,0x0f,0x00,0x00, /* ................ */
/*000042a0 */  0x01,0x01,0x02,0x02,0x01,0x25,0x80,0x00,0x00,0x03,0x00,0x00,0x00,0x03,0x00,0x00, /* .....%.......... */
/*000042b0 */  0x01,0x01,0x02,0x02,0x01,0x1d,0x80,0x00,0x00,0x03,0x00,0x00,0x00,0x0c,0x00,0x00, /* ................ */
/*000042c0 */  0x01,0x01,0x02,0x02,0x01,0x22,0x80,0x00,0x00,0x04,0x00,0x00,0x00,0x04,0x00,0x00, /* .....".......... */
/*000042d0 */  0x01,0x01,0x02,0x02,0x01,0x1b,0x80,0x00,0x00,0x04,0x00,0x00,0x00,0x0a,0x00,0x00, /* ................ */
/*000042e0 */  0x01,0x01,0x02,0x02,0x01,0x23,0x80,0x00,0x00,0x04,0x00,0x00,0x00,0x0b,0x00,0x00, /* .....#.......... */
/*000042f0 */  0x01,0x01,0x02,0x02,0x01,0x1b,0x80,0x00,0x00,0x04,0x00,0x00,0x00,0x10,0x00,0x00, /* ................ */
/*00004300 */  0x01,0x01,0x02,0x02,0x01,0x29,0x80,0x00,0x80,0x04,0x00,0x00,0x00,0x03,0x00,0x00, /* .....).......... */
/*00004310 */  0x01,0x01,0x02,0x02,0x01,0x1d,0x80,0x00,0x80,0x04,0x00,0x00,0x80,0x04,0x00,0x00, /* ................ */
/*00004320 */  0x01,0x01,0x02,0x02,0x01,0x22,0x80,0x00,0x80,0x04,0x00,0x00,0xe0,0x10,0x00,0x00, /* .....".......... */
/*00004330 */  0x01,0x01,0x02,0x02,0x01,0x1e,0x80,0x00,0x00,0x06,0x00,0x00,0x00,0x01,0x00,0x00, /* ................ */
/*00004340 */  0x01,0x01,0x02,0x02,0x01,0x1f,0x80,0x00,0x00,0x06,0x00,0x00,0x00,0x03,0x00,0x00, /* ................ */
/*00004350 */  0x01,0x01,0x02,0x02,0x01,0x29,0x80,0x00,0x00,0x06,0x00,0x00,0x00,0x04,0x00,0x00, /* .....).......... */
/*00004360 */  0x01,0x01,0x02,0x02,0x01,0x1b,0x80,0x00,0x00,0x06,0x00,0x00,0x00,0x06,0x00,0x00, /* ................ */
/*00004370 */  0x01,0x01,0x02,0x02,0x01,0x1b,0x80,0x00,0x00,0x06,0x00,0x00,0x00,0x08,0x00,0x00, /* ................ */
/*00004380 */  0x01,0x01,0x02,0x02,0x01,0x1b,0x80,0x00,0x00,0x06,0x00,0x00,0x00,0x10,0x00,0x00, /* ................ */
/*00004390 */  0x01,0x01,0x02,0x02,0x01,0x1b,0x80,0x00,0x00,0x06,0x00,0x00,0x00,0x18,0x00,0x00, /* ................ */
/*000043a0 */  0x01,0x01,0x02,0x02,0x01,0x1b,0x80,0x00,0x00,0x06,0x00,0x00,0x00,0x30,0x00,0x00, /* .............0.. */
/*000043b0 */  0x01,0x01,0x02,0x02,0x01,0x1c,0x80,0x00,0x00,0x08,0x00,0x00,0x00,0x04,0x00,0x00, /* ................ */
/*000043c0 */  0x01,0x01,0x02,0x02,0x01,0x23,0x80,0x00,0x00,0x08,0x00,0x00,0x00,0x06,0x00,0x00, /* .....#.......... */
/*000043d0 */  0x01,0x01,0x02,0x02,0x01,0x22,0x80,0x00,0x00,0x08,0x00,0x00,0x00,0x0a,0x00,0x00, /* .....".......... */
/*000043e0 */  0x01,0x01,0x02,0x02,0x01,0x29,0x80,0x00,0x00,0x08,0x00,0x00,0x00,0x0b,0x00,0x00, /* .....).......... */
/*000043f0 */  0x01,0x01,0x02,0x02,0x01,0x1c,0x80,0x00,0x00,0x08,0x00,0x00,0x00,0x0f,0x00,0x00, /* ................ */
/*00004400 */  0x01,0x01,0x02,0x02,0x01,0x4a,0x80,0x00,0x40,0x08,0x00,0x00,0x00,0x0b,0x00,0x00, /* .....J..@....... */
/*00004410 */  0x01,0x01,0x02,0x02,0x01,0x21,0x80,0x00,0x00,0x0a,0x00,0x00,0x00,0x01,0x00,0x00, /* .....!.......... */
/*00004420 */  0x01,0x01,0x02,0x02,0x01,0x1f,0x80,0x00,0x00,0x0a,0x00,0x00,0x00,0x03,0x00,0x00, /* ................ */
/*00004430 */  0x01,0x01,0x02,0x02,0x01,0x22,0x80,0x00,0x00,0x0a,0x00,0x00,0x00,0x06,0x00,0x00, /* .....".......... */
/*00004440 */  0x01,0x01,0x02,0x02,0x01,0x23,0x80,0x00,0x00,0x0a,0x00,0x00,0x00,0x08,0x00,0x00, /* .....#.......... */
/*00004450 */  0x01,0x01,0x02,0x02,0x01,0x22,0x80,0x00,0x00,0x0a,0x00,0x00,0x00,0x10,0x00,0x00, /* .....".......... */
/*00004460 */  0x01,0x01,0x02,0x02,0x01,0x1c,0x80,0x00,0x00,0x0a,0x00,0x00,0x00,0x28,0x00,0x00, /* .............(.. */
/*00004470 */  0x01,0x01,0x02,0x02,0x01,0x1b,0x80,0x00,0x00,0x0b,0x00,0x00,0x80,0x04,0x00,0x00, /* ................ */
/*00004480 */  0x01,0x01,0x02,0x02,0x01,0x1b,0x80,0x00,0x00,0x0b,0x00,0x00,0x40,0x08,0x00,0x00, /* ............@... */
/*00004490 */  0x01,0x01,0x02,0x02,0x01,0x29,0x80,0x00,0x00,0x0b,0x00,0x00,0x00,0x10,0x00,0x00, /* .....).......... */
/*000044a0 */  0x01,0x01,0x02,0x02,0x01,0x22,0x80,0x00,0x00,0x0b,0x00,0x00,0x00,0x20,0x00,0x00, /* ....."....... .. */
/*000044b0 */  0x01,0x01,0x02,0x02,0x01,0x29,0x80,0x00,0x40,0x0b,0x00,0x00,0x00,0x10,0x00,0x00, /* .....)..@....... */
/*000044c0 */  0x01,0x01,0x02,0x02,0x01,0x2a,0x80,0x00,0x00,0x0c,0x00,0x00,0x00,0x03,0x00,0x00, /* ................ */
/*000044d0 */  0x01,0x01,0x02,0x02,0x01,0x26,0x80,0x00,0x00,0x0f,0x00,0x00,0x00,0x10,0x00,0x00, /* .....&.......... */
/*000044e0 */  0x01,0x01,0x02,0x02,0x01,0x2d,0x80,0x00,0x00,0x0f,0x00,0x00,0x00,0x20,0x00,0x00, /* .....-....... .. */
/*000044f0 */  0x01,0x01,0x02,0x02,0x01,0x1c,0x80,0x00,0x00,0x0f,0x00,0x00,0x00,0x3c,0x00,0x00, /* .............<.. */
/*00004500 */  0x01,0x01,0x02,0x02,0x01,0x2c,0x80,0x00,0x00,0x10,0x00,0x00,0x00,0x04,0x00,0x00, /* .....,.......... */
/*00004510 */  0x01,0x01,0x02,0x02,0x01,0x1b,0x80,0x00,0x00,0x10,0x00,0x00,0x00,0x06,0x00,0x00, /* ................ */
/*00004520 */  0x01,0x01,0x02,0x02,0x01,0x2d,0x80,0x00,0x00,0x10,0x00,0x00,0x00,0x0a,0x00,0x00, /* .....-.......... */
/*00004530 */  0x01,0x01,0x02,0x02,0x01,0x37,0x80,0x00,0x00,0x10,0x00,0x00,0x00,0x0b,0x00,0x00, /* .....7.......... */
/*00004540 */  0x01,0x01,0x02,0x02,0x01,0x2d,0x80,0x00,0x00,0x10,0x00,0x00,0x00,0x0f,0x00,0x00, /* .....-.......... */
/*00004550 */  0x01,0x01,0x02,0x02,0x01,0x1f,0x80,0x00,0xd0,0x10,0x00,0x00,0x80,0x04,0x00,0x00, /* ................ */
/*00004560 */  0x01,0x01,0x02,0x02,0x01,0x2d,0x80,0x00,0x00,0x14,0x00,0x00,0x40,0x0b,0x00,0x00, /* .....-......@... */
/*00004570 */  0x01,0x01,0x02,0x02,0x01,0x26,0x80,0x00,0x00,0x18,0x00,0x00,0x00,0x06,0x00,0x00, /* .....&.......... */
/*00004580 */  0x01,0x01,0x02,0x02,0x01,0x29,0x80,0x00,0x00,0x20,0x00,0x00,0x00,0x0b,0x00,0x00, /* .....)... ...... */
/*00004590 */  0x01,0x01,0x02,0x02,0x01,0x41,0x80,0x00,0x00,0x20,0x00,0x00,0x00,0x0f,0x00,0x00, /* .....A... ...... */
/*000045a0 */  0x01,0x01,0x02,0x02,0x01,0x36,0x80,0x00,0x00,0x23,0x00,0x00,0x00,0x06,0x00,0x00, /* .....6...#...... */
/*000045b0 */  0x01,0x01,0x02,0x02,0x01,0x1c,0x80,0x00,0x00,0x28,0x00,0x00,0x00,0x0a,0x00,0x00, /* .........(...... */
/*000045c0 */  0x01,0x01,0x02,0x02,0x01,0x22,0x80,0x00,0x00,0x2a,0x00,0x00,0x00,0x0a,0x00,0x00, /* .....".......... */
/*000045d0 */  0x01,0x01,0x02,0x02,0x01,0x1c,0x80,0x00,0x00,0x30,0x00,0x00,0x00,0x06,0x00,0x00, /* .........0...... */
/*000045e0 */  0x01,0x01,0x02,0x02,0x01,0x1c,0x80,0x00,0x00,0x3c,0x00,0x00,0x00,0x0f,0x00,0x00, /* .........<...... */
/*000045f0 */  0x01,0x01,0x02,0x02,0x01,0x45,0x00,0x01,0x80,0x00,0x00,0x00,0x00,0x0b,0x00,0x00, /* .....E.......... */
/*00004600 */  0x01,0x01,0x02,0x02,0x01,0x1d,0x00,0x01,0x00,0x01,0x00,0x00,0x00,0x06,0x00,0x00, /* ................ */
/*00004610 */  0x01,0x01,0x02,0x02,0x01,0x1b,0x00,0x01,0x00,0x01,0x00,0x00,0x00,0x0a,0x00,0x00, /* ................ */
/*00004620 */  0x01,0x01,0x02,0x02,0x01,0x29,0x00,0x01,0x00,0x02,0x00,0x00,0x00,0x06,0x00,0x00, /* .....).......... */
/*00004630 */  0x01,0x01,0x02,0x02,0x01,0x1b,0x00,0x01,0x00,0x02,0x00,0x00,0x00,0x0a,0x00,0x00, /* ................ */
/*00004640 */  0x01,0x01,0x02,0x02,0x01,0x1b,0x00,0x01,0x00,0x02,0x00,0x00,0x00,0x0f,0x00,0x00, /* ................ */
/*00004650 */  0x01,0x01,0x02,0x02,0x01,0x1c,0x00,0x01,0x00,0x03,0x00,0x00,0x00,0x03,0x00,0x00, /* ................ */
/*00004660 */  0x01,0x01,0x02,0x02,0x01,0x1c,0x00,0x01,0x00,0x03,0x00,0x00,0x00,0x0c,0x00,0x00, /* ................ */
/*00004670 */  0x01,0x01,0x02,0x02,0x01,0x23,0x00,0x01,0x00,0x04,0x00,0x00,0x00,0x04,0x00,0x00, /* .....#.......... */
/*00004680 */  0x01,0x01,0x02,0x02,0x01,0x1c,0x00,0x01,0x00,0x04,0x00,0x00,0x00,0x0a,0x00,0x00, /* ................ */
/*00004690 */  0x01,0x01,0x02,0x02,0x01,0x1c,0x00,0x01,0x00,0x04,0x00,0x00,0x00,0x0b,0x00,0x00, /* ................ */
/*000046a0 */  0x01,0x01,0x02,0x02,0x01,0x1c,0x00,0x01,0x00,0x04,0x00,0x00,0x00,0x10,0x00,0x00, /* ................ */
/*000046b0 */  0x01,0x01,0x02,0x02,0x01,0x23,0x00,0x01,0x80,0x04,0x00,0x00,0x00,0x03,0x00,0x00, /* .....#.......... */
/*000046c0 */  0x01,0x01,0x02,0x02,0x01,0x23,0x00,0x01,0x80,0x04,0x00,0x00,0x80,0x04,0x00,0x00, /* .....#.......... */
/*000046d0 */  0x01,0x01,0x02,0x02,0x01,0x1c,0x00,0x01,0x80,0x04,0x00,0x00,0xe0,0x10,0x00,0x00, /* ................ */
/*000046e0 */  0x01,0x01,0x02,0x02,0x01,0x2f,0x00,0x01,0x00,0x06,0x00,0x00,0x00,0x01,0x00,0x00, /* ................ */
/*000046f0 */  0x01,0x01,0x02,0x02,0x01,0x1b,0x00,0x01,0x00,0x06,0x00,0x00,0x00,0x03,0x00,0x00, /* ................ */
/*00004700 */  0x01,0x01,0x02,0x02,0x01,0x29,0x00,0x01,0x00,0x06,0x00,0x00,0x00,0x04,0x00,0x00, /* .....).......... */
/*00004710 */  0x01,0x01,0x02,0x02,0x01,0x23,0x00,0x01,0x00,0x06,0x00,0x00,0x00,0x06,0x00,0x00, /* .....#.......... */
/*00004720 */  0x01,0x01,0x02,0x02,0x01,0x1c,0x00,0x01,0x00,0x06,0x00,0x00,0x00,0x08,0x00,0x00, /* ................ */
/*00004730 */  0x01,0x01,0x02,0x02,0x01,0x1c,0x00,0x01,0x00,0x06,0x00,0x00,0x00,0x10,0x00,0x00, /* ................ */
/*00004740 */  0x01,0x01,0x02,0x02,0x01,0x22,0x00,0x01,0x00,0x06,0x00,0x00,0x00,0x18,0x00,0x00, /* .....".......... */
/*00004750 */  0x01,0x01,0x02,0x02,0x01,0x1c,0x00,0x01,0x00,0x06,0x00,0x00,0x00,0x30,0x00,0x00, /* .............0.. */
/*00004760 */  0x01,0x01,0x02,0x02,0x01,0x2a,0x00,0x01,0x00,0x08,0x00,0x00,0x00,0x04,0x00,0x00, /* ................ */
/*00004770 */  0x01,0x01,0x02,0x02,0x01,0x37,0x00,0x01,0x00,0x08,0x00,0x00,0x00,0x06,0x00,0x00, /* .....7.......... */
/*00004780 */  0x01,0x01,0x02,0x02,0x01,0x26,0x00,0x01,0x00,0x08,0x00,0x00,0x00,0x0a,0x00,0x00, /* .....&.......... */
/*00004790 */  0x01,0x01,0x02,0x02,0x01,0x2d,0x00,0x01,0x00,0x08,0x00,0x00,0x00,0x0b,0x00,0x00, /* .....-.......... */
/*000047a0 */  0x01,0x01,0x02,0x02,0x01,0x4b,0x00,0x01,0x00,0x08,0x00,0x00,0x00,0x0f,0x00,0x00, /* .....K.......... */
/*000047b0 */  0x01,0x01,0x02,0x02,0x01,0x2d,0x00,0x01,0x40,0x08,0x00,0x00,0x00,0x0b,0x00,0x00, /* .....-..@....... */
/*000047c0 */  0x01,0x01,0x02,0x02,0x01,0x1b,0x00,0x01,0x00,0x0a,0x00,0x00,0x00,0x01,0x00,0x00, /* ................ */
/*000047d0 */  0x01,0x01,0x02,0x02,0x01,0x3e,0x00,0x01,0x00,0x0a,0x00,0x00,0x00,0x03,0x00,0x00, /* .....>.......... */
/*000047e0 */  0x01,0x01,0x02,0x02,0x01,0x1b,0x00,0x01,0x00,0x0a,0x00,0x00,0x00,0x06,0x00,0x00, /* ................ */
/*000047f0 */  0x01,0x01,0x02,0x02,0x01,0x31,0x00,0x01,0x00,0x0a,0x00,0x00,0x00,0x08,0x00,0x00, /* .....1.......... */
/*00004800 */  0x01,0x01,0x02,0x02,0x01,0x2b,0x00,0x01,0x00,0x0a,0x00,0x00,0x00,0x10,0x00,0x00, /* .....+.......... */
/*00004810 */  0x01,0x01,0x02,0x02,0x01,0x31,0x00,0x01,0x00,0x0a,0x00,0x00,0x00,0x28,0x00,0x00, /* .....1.......(.. */
/*00004820 */  0x01,0x01,0x02,0x02,0x01,0x1b,0x00,0x01,0x00,0x0b,0x00,0x00,0x80,0x04,0x00,0x00, /* ................ */
/*00004830 */  0x01,0x01,0x02,0x02,0x01,0x35,0x00,0x01,0x00,0x0b,0x00,0x00,0x40,0x08,0x00,0x00, /* .....5......@... */
/*00004840 */  0x01,0x01,0x02,0x02,0x01,0x3e,0x00,0x01,0x00,0x0b,0x00,0x00,0x00,0x10,0x00,0x00, /* .....>.......... */
/*00004850 */  0x01,0x01,0x02,0x02,0x01,0x32,0x00,0x01,0x00,0x0b,0x00,0x00,0x00,0x20,0x00,0x00, /* .....2....... .. */
/*00004860 */  0x01,0x01,0x02,0x02,0x01,0x4c,0x00,0x01,0x40,0x0b,0x00,0x00,0x00,0x10,0x00,0x00, /* .....L..@....... */
/*00004870 */  0x01,0x01,0x02,0x02,0x01,0x1b,0x00,0x01,0x00,0x0c,0x00,0x00,0x00,0x03,0x00,0x00, /* ................ */
/*00004880 */  0x01,0x01,0x02,0x02,0x01,0x3e,0x00,0x01,0x00,0x0f,0x00,0x00,0x00,0x10,0x00,0x00, /* .....>.......... */
/*00004890 */  0x01,0x01,0x02,0x02,0x01,0x32,0x00,0x01,0x00,0x0f,0x00,0x00,0x00,0x20,0x00,0x00, /* .....2....... .. */
/*000048a0 */  0x01,0x01,0x02,0x02,0x01,0x37,0x00,0x01,0x00,0x0f,0x00,0x00,0x00,0x3c,0x00,0x00, /* .....7.......<.. */
/*000048b0 */  0x01,0x01,0x02,0x02,0x01,0x3f,0x00,0x01,0x00,0x10,0x00,0x00,0x00,0x04,0x00,0x00, /* .....?.......... */
/*000048c0 */  0x01,0x01,0x02,0x02,0x01,0x3f,0x00,0x01,0x00,0x10,0x00,0x00,0x00,0x06,0x00,0x00, /* .....?.......... */
/*000048d0 */  0x01,0x01,0x02,0x02,0x01,0x3f,0x00,0x01,0x00,0x10,0x00,0x00,0x00,0x0a,0x00,0x00, /* .....?.......... */
/*000048e0 */  0x01,0x01,0x02,0x02,0x01,0x3e,0x00,0x01,0x00,0x10,0x00,0x00,0x00,0x0b,0x00,0x00, /* .....>.......... */
/*000048f0 */  0x01,0x01,0x02,0x02,0x01,0x33,0x00,0x01,0x00,0x10,0x00,0x00,0x00,0x0f,0x00,0x00, /* .....3.......... */
/*00004900 */  0x01,0x01,0x02,0x02,0x01,0x1e,0x00,0x01,0xd0,0x10,0x00,0x00,0x80,0x04,0x00,0x00, /* ................ */
/*00004910 */  0x01,0x01,0x02,0x02,0x01,0x34,0x00,0x01,0x00,0x14,0x00,0x00,0x40,0x0b,0x00,0x00, /* .....4......@... */
/*00004920 */  0x01,0x01,0x02,0x02,0x01,0x24,0x00,0x01,0x00,0x18,0x00,0x00,0x00,0x06,0x00,0x00, /* .....$.......... */
/*00004930 */  0x01,0x01,0x02,0x02,0x01,0x24,0x00,0x01,0x00,0x20,0x00,0x00,0x00,0x0b,0x00,0x00, /* .....$... ...... */
/*00004940 */  0x01,0x01,0x02,0x02,0x01,0x34,0x00,0x01,0x00,0x20,0x00,0x00,0x00,0x0f,0x00,0x00, /* .....4... ...... */
/*00004950 */  0x01,0x01,0x02,0x02,0x01,0x2d,0x00,0x01,0x00,0x23,0x00,0x00,0x00,0x06,0x00,0x00, /* .....-...#...... */
/*00004960 */  0x01,0x01,0x02,0x02,0x01,0x3e,0x00,0x01,0x00,0x28,0x00,0x00,0x00,0x0a,0x00,0x00, /* .....>...(...... */
/*00004970 */  0x01,0x01,0x02,0x02,0x01,0x2d,0x00,0x01,0x00,0x2a,0x00,0x00,0x00,0x0a,0x00,0x00, /* .....-.......... */
/*00004980 */  0x01,0x01,0x02,0x02,0x01,0x2d,0x00,0x01,0x00,0x30,0x00,0x00,0x00,0x06,0x00,0x00, /* .....-...0...... */
/*00004990 */  0x01,0x01,0x02,0x02,0x01,0x32,0x00,0x01,0x00,0x3c,0x00,0x00,0x00,0x0f,0x00,0x00, /* .....2...<...... */
/*000049a0 */  0x01,0x01,0x02,0x02,0x01,0x49,0x00,0x02,0x80,0x00,0x00,0x00,0x00,0x0b,0x00,0x00, /* .....I.......... */
/*000049b0 */  0x01,0x01,0x02,0x02,0x01,0x22,0x00,0x02,0x00,0x01,0x00,0x00,0x00,0x06,0x00,0x00, /* .....".......... */
/*000049c0 */  0x01,0x01,0x02,0x02,0x01,0x1f,0x00,0x02,0x00,0x01,0x00,0x00,0x00,0x0a,0x00,0x00, /* ................ */
/*000049d0 */  0x01,0x01,0x02,0x02,0x01,0x23,0x00,0x02,0x00,0x02,0x00,0x00,0x00,0x06,0x00,0x00, /* .....#.......... */
/*000049e0 */  0x01,0x01,0x02,0x02,0x01,0x1d,0x00,0x02,0x00,0x02,0x00,0x00,0x00,0x0a,0x00,0x00, /* ................ */
/*000049f0 */  0x01,0x01,0x02,0x02,0x01,0x22,0x00,0x02,0x00,0x02,0x00,0x00,0x00,0x0f,0x00,0x00, /* .....".......... */
/*00004a00 */  0x01,0x01,0x02,0x02,0x01,0x1b,0x00,0x02,0x00,0x03,0x00,0x00,0x00,0x03,0x00,0x00, /* ................ */
/*00004a10 */  0x01,0x01,0x02,0x02,0x01,0x23,0x00,0x02,0x00,0x03,0x00,0x00,0x00,0x0c,0x00,0x00, /* .....#.......... */
/*00004a20 */  0x01,0x01,0x02,0x02,0x01,0x4d,0x00,0x02,0x00,0x04,0x00,0x00,0x00,0x04,0x00,0x00, /* .....M.......... */
/*00004a30 */  0x01,0x01,0x02,0x02,0x01,0x30,0x00,0x02,0x00,0x04,0x00,0x00,0x00,0x0a,0x00,0x00, /* .....0.......... */
/*00004a40 */  0x01,0x01,0x02,0x02,0x01,0x3f,0x00,0x02,0x00,0x04,0x00,0x00,0x00,0x0b,0x00,0x00, /* .....?.......... */
/*00004a50 */  0x01,0x01,0x02,0x02,0x01,0x24,0x00,0x02,0x00,0x04,0x00,0x00,0x00,0x10,0x00,0x00, /* .....$.......... */
/*00004a60 */  0x01,0x01,0x02,0x02,0x01,0x40,0x00,0x02,0x80,0x04,0x00,0x00,0x00,0x03,0x00,0x00, /* .....@.......... */
/*00004a70 */  0x01,0x01,0x02,0x02,0x01,0x2b,0x00,0x02,0x80,0x04,0x00,0x00,0x80,0x04,0x00,0x00, /* .....+.......... */
/*00004a80 */  0x01,0x01,0x02,0x02,0x01,0x2a,0x00,0x02,0x80,0x04,0x00,0x00,0xe0,0x10,0x00,0x00, /* ................ */
/*00004a90 */  0x01,0x01,0x02,0x02,0x01,0x25,0x00,0x02,0x00,0x06,0x00,0x00,0x00,0x01,0x00,0x00, /* .....%.......... */
/*00004aa0 */  0x01,0x01,0x02,0x02,0x01,0x26,0x00,0x02,0x00,0x06,0x00,0x00,0x00,0x03,0x00,0x00, /* .....&.......... */
/*00004ab0 */  0x01,0x01,0x02,0x02,0x01,0x35,0x00,0x02,0x00,0x06,0x00,0x00,0x00,0x04,0x00,0x00, /* .....5.......... */
/*00004ac0 */  0x01,0x01,0x02,0x02,0x01,0x2b,0x00,0x02,0x00,0x06,0x00,0x00,0x00,0x06,0x00,0x00, /* .....+.......... */
/*00004ad0 */  0x01,0x01,0x02,0x02,0x01,0x24,0x00,0x02,0x00,0x06,0x00,0x00,0x00,0x08,0x00,0x00, /* .....$.......... */
/*00004ae0 */  0x01,0x01,0x02,0x02,0x01,0x34,0x00,0x02,0x00,0x06,0x00,0x00,0x00,0x10,0x00,0x00, /* .....4.......... */
/*00004af0 */  0x01,0x01,0x02,0x02,0x01,0x24,0x00,0x02,0x00,0x06,0x00,0x00,0x00,0x18,0x00,0x00, /* .....$.......... */
/*00004b00 */  0x01,0x01,0x02,0x02,0x01,0x34,0x00,0x02,0x00,0x06,0x00,0x00,0x00,0x30,0x00,0x00, /* .....4.......0.. */
/*00004b10 */  0x01,0x01,0x02,0x02,0x01,0x34,0x00,0x02,0x00,0x08,0x00,0x00,0x00,0x04,0x00,0x00, /* .....4.......... */
/*00004b20 */  0x01,0x01,0x02,0x02,0x01,0x32,0x00,0x02,0x00,0x08,0x00,0x00,0x00,0x06,0x00,0x00, /* .....2.......... */
/*00004b30 */  0x01,0x01,0x02,0x02,0x01,0x3e,0x00,0x02,0x00,0x08,0x00,0x00,0x00,0x0a,0x00,0x00, /* .....>.......... */
/*00004b40 */  0x01,0x01,0x02,0x02,0x01,0x32,0x00,0x02,0x00,0x08,0x00,0x00,0x00,0x0b,0x00,0x00, /* .....2.......... */
/*00004b50 */  0x01,0x01,0x02,0x02,0x01,0x34,0x00,0x02,0x00,0x08,0x00,0x00,0x00,0x0f,0x00,0x00, /* .....4.......... */
/*00004b60 */  0x01,0x01,0x02,0x02,0x01,0x36,0x00,0x02,0x40,0x08,0x00,0x00,0x00,0x0b,0x00,0x00, /* .....6..@....... */
/*00004b70 */  0x01,0x01,0x02,0x02,0x01,0x41,0x00,0x02,0x00,0x0a,0x00,0x00,0x00,0x01,0x00,0x00, /* .....A.......... */
/*00004b80 */  0x01,0x01,0x02,0x02,0x01,0x36,0x00,0x02,0x00,0x0a,0x00,0x00,0x00,0x03,0x00,0x00, /* .....6.......... */
/*00004b90 */  0x01,0x01,0x02,0x02,0x01,0x2e,0x00,0x02,0x00,0x0a,0x00,0x00,0x00,0x06,0x00,0x00, /* ................ */
/*00004ba0 */  0x01,0x01,0x02,0x02,0x01,0x3e,0x00,0x02,0x00,0x0a,0x00,0x00,0x00,0x08,0x00,0x00, /* .....>.......... */
/*00004bb0 */  0x01,0x01,0x02,0x02,0x01,0x4e,0x00,0x02,0x00,0x0a,0x00,0x00,0x00,0x10,0x00,0x00, /* .....N.......... */
/*00004bc0 */  0x01,0x01,0x02,0x02,0x01,0x3e,0x00,0x02,0x00,0x0a,0x00,0x00,0x00,0x28,0x00,0x00, /* .....>.......(.. */
/*00004bd0 */  0x01,0x01,0x02,0x02,0x01,0x24,0x00,0x02,0x00,0x0b,0x00,0x00,0x80,0x04,0x00,0x00, /* .....$.......... */
/*00004be0 */  0x01,0x01,0x02,0x02,0x01,0x24,0x00,0x02,0x00,0x0b,0x00,0x00,0x40,0x08,0x00,0x00, /* .....$......@... */
/*00004bf0 */  0x01,0x01,0x02,0x02,0x01,0x4f,0x00,0x02,0x00,0x0b,0x00,0x00,0x00,0x10,0x00,0x00, /* .....O.......... */
/*00004c00 */  0x01,0x01,0x02,0x02,0x01,0x2c,0x00,0x02,0x00,0x0b,0x00,0x00,0x00,0x20,0x00,0x00, /* .....,....... .. */
/*00004c10 */  0x01,0x01,0x02,0x02,0x01,0x4f,0x00,0x02,0x40,0x0b,0x00,0x00,0x00,0x10,0x00,0x00, /* .....O..@....... */
/*00004c20 */  0x01,0x01,0x02,0x02,0x01,0x2d,0x00,0x02,0x00,0x0c,0x00,0x00,0x00,0x03,0x00,0x00, /* .....-.......... */
/*00004c30 */  0x01,0x01,0x02,0x02,0x01,0x35,0x00,0x02,0x00,0x0f,0x00,0x00,0x00,0x10,0x00,0x00, /* .....5.......... */
/*00004c40 */  0x01,0x01,0x02,0x02,0x01,0x2c,0x00,0x02,0x00,0x0f,0x00,0x00,0x00,0x20,0x00,0x00, /* .....,....... .. */
/*00004c50 */  0x01,0x01,0x02,0x02,0x01,0x24,0x00,0x02,0x00,0x0f,0x00,0x00,0x00,0x3c,0x00,0x00, /* .....$.......<.. */
/*00004c60 */  0x01,0x01,0x02,0x02,0x01,0x3e,0x00,0x02,0x00,0x10,0x00,0x00,0x00,0x04,0x00,0x00, /* .....>.......... */
/*00004c70 */  0x01,0x01,0x02,0x02,0x01,0x24,0x00,0x02,0x00,0x10,0x00,0x00,0x00,0x06,0x00,0x00, /* .....$.......... */
/*00004c80 */  0x01,0x01,0x02,0x02,0x01,0x2d,0x00,0x02,0x00,0x10,0x00,0x00,0x00,0x0a,0x00,0x00, /* .....-.......... */
/*00004c90 */  0x01,0x01,0x02,0x02,0x01,0x42,0x00,0x02,0x00,0x10,0x00,0x00,0x00,0x0b,0x00,0x00, /* .....B.......... */
/*00004ca0 */  0x01,0x01,0x02,0x02,0x01,0x50,0x00,0x02,0x00,0x10,0x00,0x00,0x00,0x0f,0x00,0x00, /* .....P.......... */
/*00004cb0 */  0x01,0x01,0x02,0x02,0x01,0x2d,0x00,0x02,0xd0,0x10,0x00,0x00,0x80,0x04,0x00,0x00, /* .....-.......... */
/*00004cc0 */  0x01,0x01,0x02,0x02,0x01,0x32,0x00,0x02,0x00,0x14,0x00,0x00,0x40,0x0b,0x00,0x00, /* .....2......@... */
/*00004cd0 */  0x01,0x01,0x02,0x02,0x01,0x2d,0x00,0x02,0x00,0x18,0x00,0x00,0x00,0x06,0x00,0x00, /* .....-.......... */
/*00004ce0 */  0x01,0x01,0x02,0x02,0x01,0x2d,0x00,0x02,0x00,0x20,0x00,0x00,0x00,0x0b,0x00,0x00, /* .....-... ...... */
/*00004cf0 */  0x01,0x01,0x02,0x02,0x01,0x2d,0x00,0x02,0x00,0x20,0x00,0x00,0x00,0x0f,0x00,0x00, /* .....-... ...... */
/*00004d00 */  0x01,0x01,0x02,0x02,0x01,0x2d,0x00,0x02,0x00,0x23,0x00,0x00,0x00,0x06,0x00,0x00, /* .....-...#...... */
/*00004d10 */  0x01,0x01,0x02,0x02,0x01,0x41,0x00,0x02,0x00,0x28,0x00,0x00,0x00,0x0a,0x00,0x00, /* .....A...(...... */
/*00004d20 */  0x01,0x01,0x02,0x02,0x01,0x37,0x00,0x02,0x00,0x2a,0x00,0x00,0x00,0x0a,0x00,0x00, /* .....7.......... */
/*00004d30 */  0x01,0x01,0x02,0x02,0x01,0x34,0x00,0x02,0x00,0x30,0x00,0x00,0x00,0x06,0x00,0x00, /* .....4...0...... */
/*00004d40 */  0x01,0x01,0x02,0x02,0x01,0x33,0x00,0x02,0x00,0x3c,0x00,0x00,0x00,0x0f,0x00,0x00, /* .....3...<...... */
/*00004d50 */  0x01,0x01,0x02,0x02,0x01,0x1d,0x00,0x04,0x80,0x00,0x00,0x00,0x00,0x0b,0x00,0x00, /* ................ */
/*00004d60 */  0x01,0x01,0x02,0x02,0x01,0x51,0x00,0x04,0x00,0x01,0x00,0x00,0x00,0x06,0x00,0x00, /* .....Q.......... */
/*00004d70 */  0x01,0x01,0x02,0x02,0x01,0x33,0x00,0x04,0x00,0x01,0x00,0x00,0x00,0x0a,0x00,0x00, /* .....3.......... */
/*00004d80 */  0x01,0x01,0x02,0x02,0x01,0x20,0x00,0x04,0x00,0x02,0x00,0x00,0x00,0x06,0x00,0x00, /* ..... .......... */
/*00004d90 */  0x01,0x01,0x02,0x02,0x01,0x41,0x00,0x04,0x00,0x02,0x00,0x00,0x00,0x0a,0x00,0x00, /* .....A.......... */
/*00004da0 */  0x01,0x01,0x02,0x02,0x01,0x1f,0x00,0x04,0x00,0x02,0x00,0x00,0x00,0x0f,0x00,0x00, /* ................ */
/*00004db0 */  0x01,0x01,0x02,0x02,0x01,0x20,0x00,0x04,0x00,0x03,0x00,0x00,0x00,0x03,0x00,0x00, /* ..... .......... */
/*00004dc0 */  0x01,0x01,0x02,0x02,0x01,0x37,0x00,0x04,0x00,0x03,0x00,0x00,0x00,0x0c,0x00,0x00, /* .....7.......... */
/*00004dd0 */  0x01,0x01,0x02,0x02,0x01,0x2e,0x00,0x04,0x00,0x04,0x00,0x00,0x00,0x04,0x00,0x00, /* ................ */
/*00004de0 */  0x01,0x01,0x02,0x02,0x01,0x3f,0x00,0x04,0x00,0x04,0x00,0x00,0x00,0x0a,0x00,0x00, /* .....?.......... */
/*00004df0 */  0x01,0x01,0x02,0x02,0x01,0x3e,0x00,0x04,0x00,0x04,0x00,0x00,0x00,0x0b,0x00,0x00, /* .....>.......... */
/*00004e00 */  0x01,0x01,0x02,0x02,0x01,0x32,0x00,0x04,0x00,0x04,0x00,0x00,0x00,0x10,0x00,0x00, /* .....2.......... */
/*00004e10 */  0x01,0x01,0x02,0x02,0x01,0x34,0x00,0x04,0x80,0x04,0x00,0x00,0x00,0x03,0x00,0x00, /* .....4.......... */
/*00004e20 */  0x01,0x01,0x02,0x02,0x01,0x33,0x00,0x04,0x80,0x04,0x00,0x00,0x80,0x04,0x00,0x00, /* .....3.......... */
/*00004e30 */  0x01,0x01,0x02,0x02,0x01,0x3e,0x00,0x04,0x80,0x04,0x00,0x00,0xe0,0x10,0x00,0x00, /* .....>.......... */
/*00004e40 */  0x01,0x01,0x02,0x02,0x01,0x25,0x00,0x04,0x00,0x06,0x00,0x00,0x00,0x01,0x00,0x00, /* .....%.......... */
/*00004e50 */  0x01,0x01,0x02,0x02,0x01,0x52,0x00,0x04,0x00,0x06,0x00,0x00,0x00,0x03,0x00,0x00, /* .....R.......... */
/*00004e60 */  0x01,0x01,0x02,0x02,0x01,0x2b,0x00,0x04,0x00,0x06,0x00,0x00,0x00,0x04,0x00,0x00, /* .....+.......... */
/*00004e70 */  0x01,0x01,0x02,0x02,0x01,0x24,0x00,0x04,0x00,0x06,0x00,0x00,0x00,0x06,0x00,0x00, /* .....$.......... */
/*00004e80 */  0x01,0x01,0x02,0x02,0x01,0x24,0x00,0x04,0x00,0x06,0x00,0x00,0x00,0x08,0x00,0x00, /* .....$.......... */
/*00004e90 */  0x01,0x01,0x02,0x02,0x01,0x39,0x00,0x04,0x00,0x06,0x00,0x00,0x00,0x10,0x00,0x00, /* .....9.......... */
/*00004ea0 */  0x01,0x01,0x02,0x02,0x01,0x39,0x00,0x04,0x00,0x06,0x00,0x00,0x00,0x18,0x00,0x00, /* .....9.......... */
/*00004eb0 */  0x01,0x01,0x02,0x02,0x01,0x2d,0x00,0x04,0x00,0x06,0x00,0x00,0x00,0x30,0x00,0x00, /* .....-.......0.. */
/*00004ec0 */  0x01,0x01,0x02,0x02,0x01,0x24,0x00,0x04,0x00,0x08,0x00,0x00,0x00,0x04,0x00,0x00, /* .....$.......... */
/*00004ed0 */  0x01,0x01,0x02,0x02,0x01,0x26,0x00,0x04,0x00,0x08,0x00,0x00,0x00,0x06,0x00,0x00, /* .....&.......... */
/*00004ee0 */  0x01,0x01,0x02,0x02,0x01,0x2d,0x00,0x04,0x00,0x08,0x00,0x00,0x00,0x0a,0x00,0x00, /* .....-.......... */
/*00004ef0 */  0x01,0x01,0x02,0x02,0x01,0x53,0x00,0x04,0x00,0x08,0x00,0x00,0x00,0x0b,0x00,0x00, /* .....S.......... */
/*00004f00 */  0x01,0x01,0x02,0x02,0x01,0x39,0x00,0x04,0x00,0x08,0x00,0x00,0x00,0x0f,0x00,0x00, /* .....9.......... */
/*00004f10 */  0x01,0x01,0x02,0x02,0x01,0x4c,0x00,0x04,0x40,0x08,0x00,0x00,0x00,0x0b,0x00,0x00, /* .....L..@....... */
/*00004f20 */  0x01,0x01,0x02,0x02,0x01,0x3e,0x00,0x04,0x00,0x0a,0x00,0x00,0x00,0x01,0x00,0x00, /* .....>.......... */
/*00004f30 */  0x01,0x01,0x02,0x02,0x01,0x3d,0x00,0x04,0x00,0x0a,0x00,0x00,0x00,0x03,0x00,0x00, /* .....=.......... */
/*00004f40 */  0x01,0x01,0x02,0x02,0x01,0x3c,0x00,0x04,0x00,0x0a,0x00,0x00,0x00,0x06,0x00,0x00, /* .....<.......... */
/*00004f50 */  0x01,0x01,0x02,0x02,0x01,0x3c,0x00,0x04,0x00,0x0a,0x00,0x00,0x00,0x08,0x00,0x00, /* .....<.......... */
/*00004f60 */  0x01,0x01,0x02,0x02,0x01,0x43,0x00,0x04,0x00,0x0a,0x00,0x00,0x00,0x10,0x00,0x00, /* .....C.......... */
/*00004f70 */  0x01,0x01,0x02,0x02,0x01,0x34,0x00,0x04,0x00,0x0a,0x00,0x00,0x00,0x28,0x00,0x00, /* .....4.......(.. */
/*00004f80 */  0x01,0x01,0x02,0x02,0x01,0x2d,0x00,0x04,0x00,0x0b,0x00,0x00,0x80,0x04,0x00,0x00, /* .....-.......... */
/*00004f90 */  0x01,0x01,0x02,0x02,0x01,0x2d,0x00,0x04,0x00,0x0b,0x00,0x00,0x40,0x08,0x00,0x00, /* .....-......@... */
/*00004fa0 */  0x01,0x01,0x02,0x02,0x01,0x50,0x00,0x04,0x00,0x0b,0x00,0x00,0x00,0x10,0x00,0x00, /* .....P.......... */
/*00004fb0 */  0x01,0x01,0x02,0x02,0x01,0x2a,0x00,0x04,0x00,0x0b,0x00,0x00,0x00,0x20,0x00,0x00, /* ............. .. */
/*00004fc0 */  0x01,0x01,0x02,0x02,0x01,0x2c,0x00,0x04,0x40,0x0b,0x00,0x00,0x00,0x10,0x00,0x00, /* .....,..@....... */
/*00004fd0 */  0x01,0x01,0x02,0x02,0x01,0x24,0x00,0x04,0x00,0x0c,0x00,0x00,0x00,0x03,0x00,0x00, /* .....$.......... */
/*00004fe0 */  0x01,0x01,0x02,0x02,0x01,0x34,0x00,0x04,0x00,0x0f,0x00,0x00,0x00,0x10,0x00,0x00, /* .....4.......... */
/*00004ff0 */  0x01,0x01,0x02,0x02,0x01,0x34,0x00,0x04,0x00,0x0f,0x00,0x00,0x00,0x20,0x00,0x00, /* .....4....... .. */
/*00005000 */  0x01,0x01,0x02,0x02,0x01,0x41,0x00,0x04,0x00,0x0f,0x00,0x00,0x00,0x3c,0x00,0x00, /* .....A.......<.. */
/*00005010 */  0x01,0x01,0x02,0x02,0x01,0x3c,0x00,0x04,0x00,0x10,0x00,0x00,0x00,0x04,0x00,0x00, /* .....<.......... */
/*00005020 */  0x01,0x01,0x02,0x02,0x01,0x24,0x00,0x04,0x00,0x10,0x00,0x00,0x00,0x06,0x00,0x00, /* .....$.......... */
/*00005030 */  0x01,0x01,0x02,0x02,0x01,0x2d,0x00,0x04,0x00,0x10,0x00,0x00,0x00,0x0a,0x00,0x00, /* .....-.......... */
/*00005040 */  0x01,0x01,0x02,0x02,0x01,0x42,0x00,0x04,0x00,0x10,0x00,0x00,0x00,0x0b,0x00,0x00, /* .....B.......... */
/*00005050 */  0x01,0x01,0x02,0x02,0x01,0x48,0x00,0x04,0x00,0x10,0x00,0x00,0x00,0x0f,0x00,0x00, /* .....H.......... */
/*00005060 */  0x01,0x01,0x02,0x02,0x01,0x2d,0x00,0x04,0xd0,0x10,0x00,0x00,0x80,0x04,0x00,0x00, /* .....-.......... */
/*00005070 */  0x01,0x01,0x02,0x02,0x01,0x3f,0x00,0x04,0x00,0x14,0x00,0x00,0x40,0x0b,0x00,0x00, /* .....?......@... */
/*00005080 */  0x01,0x01,0x02,0x02,0x01,0x3c,0x00,0x04,0x00,0x18,0x00,0x00,0x00,0x06,0x00,0x00, /* .....<.......... */
/*00005090 */  0x01,0x01,0x02,0x02,0x01,0x24,0x00,0x04,0x00,0x20,0x00,0x00,0x00,0x0b,0x00,0x00, /* .....$... ...... */
/*000050a0 */  0x01,0x01,0x02,0x02,0x01,0x34,0x00,0x04,0x00,0x20,0x00,0x00,0x00,0x0f,0x00,0x00, /* .....4... ...... */
/*000050b0 */  0x01,0x01,0x02,0x02,0x01,0x32,0x00,0x04,0x00,0x23,0x00,0x00,0x00,0x06,0x00,0x00, /* .....2...#...... */
/*000050c0 */  0x01,0x01,0x02,0x02,0x01,0x41,0x00,0x04,0x00,0x28,0x00,0x00,0x00,0x0a,0x00,0x00, /* .....A...(...... */
/*000050d0 */  0x01,0x01,0x02,0x02,0x01,0x2d,0x00,0x04,0x00,0x2a,0x00,0x00,0x00,0x0a,0x00,0x00, /* .....-.......... */
/*000050e0 */  0x01,0x01,0x02,0x02,0x01,0x2f,0x00,0x04,0x00,0x30,0x00,0x00,0x00,0x06,0x00,0x00, /* .........0...... */
/*000050f0 */  0x01,0x01,0x02,0x02,0x01,0x41,0x00,0x04,0x00,0x3c,0x00,0x00,0x00,0x0f,0x00,0x00, /* .....A...<...... */
/*00005100 */  0x01,0x01,0x02,0x02,0x01,0x22,0x00,0x08,0x80,0x00,0x00,0x00,0x00,0x0b,0x00,0x00, /* .....".......... */
/*00005110 */  0x01,0x01,0x02,0x02,0x01,0x37,0x00,0x08,0x00,0x01,0x00,0x00,0x00,0x06,0x00,0x00, /* .....7.......... */
/*00005120 */  0x01,0x01,0x02,0x02,0x01,0x2f,0x00,0x08,0x00,0x01,0x00,0x00,0x00,0x0a,0x00,0x00, /* ................ */
/*00005130 */  0x01,0x01,0x02,0x02,0x01,0x33,0x00,0x08,0x00,0x02,0x00,0x00,0x00,0x06,0x00,0x00, /* .....3.......... */
/*00005140 */  0x01,0x01,0x02,0x02,0x01,0x36,0x00,0x08,0x00,0x02,0x00,0x00,0x00,0x0a,0x00,0x00, /* .....6.......... */
/*00005150 */  0x01,0x01,0x02,0x02,0x01,0x1e,0x00,0x08,0x00,0x02,0x00,0x00,0x00,0x0f,0x00,0x00, /* ................ */
/*00005160 */  0x01,0x01,0x02,0x02,0x01,0x50,0x00,0x08,0x00,0x03,0x00,0x00,0x00,0x03,0x00,0x00, /* .....P.......... */
/*00005170 */  0x01,0x01,0x02,0x02,0x01,0x39,0x00,0x08,0x00,0x03,0x00,0x00,0x00,0x0c,0x00,0x00, /* .....9.......... */
/*00005180 */  0x01,0x01,0x02,0x02,0x01,0x2e,0x00,0x08,0x00,0x04,0x00,0x00,0x00,0x04,0x00,0x00, /* ................ */
/*00005190 */  0x01,0x01,0x02,0x02,0x01,0x39,0x00,0x08,0x00,0x04,0x00,0x00,0x00,0x0a,0x00,0x00, /* .....9.......... */
/*000051a0 */  0x01,0x01,0x02,0x02,0x01,0x39,0x00,0x08,0x00,0x04,0x00,0x00,0x00,0x0b,0x00,0x00, /* .....9.......... */
/*000051b0 */  0x01,0x01,0x02,0x02,0x01,0x39,0x00,0x08,0x00,0x04,0x00,0x00,0x00,0x10,0x00,0x00, /* .....9.......... */
/*000051c0 */  0x01,0x01,0x02,0x02,0x01,0x3c,0x00,0x08,0x80,0x04,0x00,0x00,0x00,0x03,0x00,0x00, /* .....<.......... */
/*000051d0 */  0x01,0x01,0x02,0x02,0x01,0x3c,0x00,0x08,0x80,0x04,0x00,0x00,0x80,0x04,0x00,0x00, /* .....<.......... */
/*000051e0 */  0x01,0x01,0x02,0x02,0x01,0x53,0x00,0x08,0x80,0x04,0x00,0x00,0xe0,0x10,0x00,0x00, /* .....S.......... */
/*000051f0 */  0x01,0x01,0x02,0x02,0x01,0x26,0x00,0x08,0x00,0x06,0x00,0x00,0x00,0x01,0x00,0x00, /* .....&.......... */
/*00005200 */  0x01,0x01,0x02,0x02,0x01,0x2d,0x00,0x08,0x00,0x06,0x00,0x00,0x00,0x03,0x00,0x00, /* .....-.......... */
/*00005210 */  0x01,0x01,0x02,0x02,0x01,0x26,0x00,0x08,0x00,0x06,0x00,0x00,0x00,0x04,0x00,0x00, /* .....&.......... */
/*00005220 */  0x01,0x01,0x02,0x02,0x01,0x39,0x00,0x08,0x00,0x06,0x00,0x00,0x00,0x06,0x00,0x00, /* .....9.......... */
/*00005230 */  0x01,0x01,0x02,0x02,0x01,0x39,0x00,0x08,0x00,0x06,0x00,0x00,0x00,0x08,0x00,0x00, /* .....9.......... */
/*00005240 */  0x01,0x01,0x02,0x02,0x01,0x39,0x00,0x08,0x00,0x06,0x00,0x00,0x00,0x10,0x00,0x00, /* .....9.......... */
/*00005250 */  0x01,0x01,0x02,0x02,0x01,0x2d,0x00,0x08,0x00,0x06,0x00,0x00,0x00,0x18,0x00,0x00, /* .....-.......... */
/*00005260 */  0x01,0x01,0x02,0x02,0x01,0x47,0x00,0x08,0x00,0x06,0x00,0x00,0x00,0x30,0x00,0x00, /* .....G.......0.. */
/*00005270 */  0x01,0x01,0x02,0x02,0x01,0x26,0x00,0x08,0x00,0x08,0x00,0x00,0x00,0x04,0x00,0x00, /* .....&.......... */
/*00005280 */  0x01,0x01,0x02,0x02,0x01,0x2d,0x00,0x08,0x00,0x08,0x00,0x00,0x00,0x06,0x00,0x00, /* .....-.......... */
/*00005290 */  0x01,0x01,0x02,0x02,0x01,0x2d,0x00,0x08,0x00,0x08,0x00,0x00,0x00,0x0a,0x00,0x00, /* .....-.......... */
/*000052a0 */  0x01,0x01,0x02,0x02,0x01,0x53,0x00,0x08,0x00,0x08,0x00,0x00,0x00,0x0b,0x00,0x00, /* .....S.......... */
/*000052b0 */  0x01,0x01,0x02,0x02,0x01,0x42,0x00,0x08,0x00,0x08,0x00,0x00,0x00,0x0f,0x00,0x00, /* .....B.......... */
/*000052c0 */  0x01,0x01,0x02,0x02,0x01,0x4f,0x00,0x08,0x40,0x08,0x00,0x00,0x00,0x0b,0x00,0x00, /* .....O..@....... */
/*000052d0 */  0x01,0x01,0x02,0x02,0x01,0x24,0x00,0x08,0x00,0x0a,0x00,0x00,0x00,0x01,0x00,0x00, /* .....$.......... */
/*000052e0 */  0x01,0x01,0x02,0x02,0x01,0x3c,0x00,0x08,0x00,0x0a,0x00,0x00,0x00,0x03,0x00,0x00, /* .....<.......... */
/*000052f0 */  0x01,0x01,0x02,0x02,0x01,0x3c,0x00,0x08,0x00,0x0a,0x00,0x00,0x00,0x06,0x00,0x00, /* .....<.......... */
/*00005300 */  0x01,0x01,0x02,0x02,0x01,0x3c,0x00,0x08,0x00,0x0a,0x00,0x00,0x00,0x08,0x00,0x00, /* .....<.......... */
/*00005310 */  0x01,0x01,0x02,0x02,0x01,0x34,0x00,0x08,0x00,0x0a,0x00,0x00,0x00,0x10,0x00,0x00, /* .....4.......... */
/*00005320 */  0x01,0x01,0x02,0x02,0x01,0x3e,0x00,0x08,0x00,0x0a,0x00,0x00,0x00,0x28,0x00,0x00, /* .....>.......(.. */
/*00005330 */  0x01,0x01,0x02,0x02,0x01,0x50,0x00,0x08,0x00,0x0b,0x00,0x00,0x80,0x04,0x00,0x00, /* .....P.......... */
/*00005340 */  0x01,0x01,0x02,0x02,0x01,0x50,0x00,0x08,0x00,0x0b,0x00,0x00,0x40,0x08,0x00,0x00, /* .....P......@... */
/*00005350 */  0x01,0x01,0x02,0x02,0x01,0x48,0x00,0x08,0x00,0x0b,0x00,0x00,0x00,0x10,0x00,0x00, /* .....H.......... */
/*00005360 */  0x01,0x01,0x02,0x02,0x01,0x2d,0x00,0x08,0x00,0x0b,0x00,0x00,0x00,0x20,0x00,0x00, /* .....-....... .. */
/*00005370 */  0x01,0x01,0x02,0x02,0x01,0x22,0x00,0x08,0x40,0x0b,0x00,0x00,0x00,0x10,0x00,0x00, /* ....."..@....... */
/*00005380 */  0x01,0x01,0x02,0x02,0x01,0x3d,0x00,0x08,0x00,0x0c,0x00,0x00,0x00,0x03,0x00,0x00, /* .....=.......... */
/*00005390 */  0x01,0x01,0x02,0x02,0x01,0x34,0x00,0x08,0x00,0x0f,0x00,0x00,0x00,0x10,0x00,0x00, /* .....4.......... */
/*000053a0 */  0x01,0x01,0x02,0x02,0x01,0x2a,0x00,0x08,0x00,0x0f,0x00,0x00,0x00,0x20,0x00,0x00, /* ............. .. */
/*000053b0 */  0x01,0x01,0x02,0x02,0x01,0x54,0x00,0x08,0x00,0x0f,0x00,0x00,0x00,0x3c,0x00,0x00, /* .....T.......<.. */
/*000053c0 */  0x01,0x01,0x02,0x02,0x01,0x3c,0x00,0x08,0x00,0x10,0x00,0x00,0x00,0x04,0x00,0x00, /* .....<.......... */
/*000053d0 */  0x01,0x01,0x02,0x02,0x01,0x3c,0x00,0x08,0x00,0x10,0x00,0x00,0x00,0x06,0x00,0x00, /* .....<.......... */
/*000053e0 */  0x01,0x01,0x02,0x02,0x01,0x3c,0x00,0x08,0x00,0x10,0x00,0x00,0x00,0x0a,0x00,0x00, /* .....<.......... */
/*000053f0 */  0x01,0x01,0x02,0x02,0x01,0x3c,0x00,0x08,0x00,0x10,0x00,0x00,0x00,0x0b,0x00,0x00, /* .....<.......... */
/*00005400 */  0x01,0x01,0x02,0x02,0x01,0x3c,0x00,0x08,0x00,0x10,0x00,0x00,0x00,0x0f,0x00,0x00, /* .....<.......... */
/*00005410 */  0x01,0x01,0x02,0x02,0x01,0x2d,0x00,0x08,0xd0,0x10,0x00,0x00,0x80,0x04,0x00,0x00, /* .....-.......... */
/*00005420 */  0x01,0x01,0x02,0x02,0x01,0x3d,0x00,0x08,0x00,0x14,0x00,0x00,0x40,0x0b,0x00,0x00, /* .....=......@... */
/*00005430 */  0x01,0x01,0x02,0x02,0x01,0x35,0x00,0x08,0x00,0x18,0x00,0x00,0x00,0x06,0x00,0x00, /* .....5.......... */
/*00005440 */  0x01,0x01,0x02,0x02,0x01,0x54,0x00,0x08,0x00,0x20,0x00,0x00,0x00,0x0b,0x00,0x00, /* .....T... ...... */
/*00005450 */  0x01,0x01,0x02,0x02,0x01,0x54,0x00,0x08,0x00,0x20,0x00,0x00,0x00,0x0f,0x00,0x00, /* .....T... ...... */
/*00005460 */  0x01,0x01,0x02,0x02,0x01,0x3c,0x00,0x08,0x00,0x23,0x00,0x00,0x00,0x06,0x00,0x00, /* .....<...#...... */
/*00005470 */  0x01,0x01,0x02,0x02,0x01,0x3c,0x00,0x08,0x00,0x28,0x00,0x00,0x00,0x0a,0x00,0x00, /* .....<...(...... */
/*00005480 */  0x01,0x01,0x02,0x02,0x01,0x54,0x00,0x08,0x00,0x2a,0x00,0x00,0x00,0x0a,0x00,0x00, /* .....T.......... */
/*00005490 */  0x01,0x01,0x02,0x02,0x01,0x2f,0x00,0x08,0x00,0x30,0x00,0x00,0x00,0x06,0x00,0x00, /* .........0...... */
/*000054a0 */  0x01,0x01,0x02,0x02,0x01,0x54,0x00,0x08,0x00,0x3c,0x00,0x00,0x00,0x0f,0x00,0x00, /* .....T...<...... */
/*000054b0 */  0x01,0x01,0x02,0x02,0x01,0x37,0x00,0x10,0x80,0x00,0x00,0x00,0x00,0x0b,0x00,0x00, /* .....7.......... */
/*000054c0 */  0x01,0x01,0x02,0x02,0x01,0x36,0x00,0x10,0x00,0x01,0x00,0x00,0x00,0x06,0x00,0x00, /* .....6.......... */
/*000054d0 */  0x01,0x01,0x02,0x02,0x01,0x41,0x00,0x10,0x00,0x01,0x00,0x00,0x00,0x0a,0x00,0x00, /* .....A.......... */
/*000054e0 */  0x01,0x01,0x02,0x02,0x01,0x2d,0x00,0x10,0x00,0x02,0x00,0x00,0x00,0x06,0x00,0x00, /* .....-.......... */
/*000054f0 */  0x01,0x01,0x02,0x02,0x01,0x39,0x00,0x10,0x00,0x02,0x00,0x00,0x00,0x0a,0x00,0x00, /* .....9.......... */
/*00005500 */  0x01,0x01,0x02,0x02,0x01,0x48,0x00,0x10,0x00,0x02,0x00,0x00,0x00,0x0f,0x00,0x00, /* .....H.......... */
/*00005510 */  0x01,0x01,0x02,0x02,0x01,0x2d,0x00,0x10,0x00,0x03,0x00,0x00,0x00,0x03,0x00,0x00, /* .....-.......... */
/*00005520 */  0x01,0x01,0x02,0x02,0x01,0x39,0x00,0x10,0x00,0x03,0x00,0x00,0x00,0x0c,0x00,0x00, /* .....9.......... */
/*00005530 */  0x01,0x01,0x02,0x02,0x01,0x26,0x00,0x10,0x00,0x04,0x00,0x00,0x00,0x04,0x00,0x00, /* .....&.......... */
/*00005540 */  0x01,0x01,0x02,0x02,0x01,0x2d,0x00,0x10,0x00,0x04,0x00,0x00,0x00,0x0a,0x00,0x00, /* .....-.......... */
/*00005550 */  0x01,0x01,0x02,0x02,0x01,0x42,0x00,0x10,0x00,0x04,0x00,0x00,0x00,0x0b,0x00,0x00, /* .....B.......... */
/*00005560 */  0x01,0x01,0x02,0x02,0x01,0x43,0x00,0x10,0x00,0x04,0x00,0x00,0x00,0x10,0x00,0x00, /* .....C.......... */
/*00005570 */  0x01,0x01,0x02,0x02,0x01,0x50,0x00,0x10,0x80,0x04,0x00,0x00,0x00,0x03,0x00,0x00, /* .....P.......... */
/*00005580 */  0x01,0x01,0x02,0x02,0x01,0x54,0x00,0x10,0x80,0x04,0x00,0x00,0x80,0x04,0x00,0x00, /* .....T.......... */
/*00005590 */  0x01,0x01,0x02,0x02,0x01,0x3c,0x00,0x10,0x80,0x04,0x00,0x00,0xe0,0x10,0x00,0x00, /* .....<.......... */
/*000055a0 */  0x01,0x01,0x02,0x02,0x01,0x37,0x00,0x10,0x00,0x06,0x00,0x00,0x00,0x01,0x00,0x00, /* .....7.......... */
/*000055b0 */  0x01,0x01,0x02,0x02,0x01,0x24,0x00,0x10,0x00,0x06,0x00,0x00,0x00,0x03,0x00,0x00, /* .....$.......... */
/*000055c0 */  0x01,0x01,0x02,0x02,0x01,0x3d,0x00,0x10,0x00,0x06,0x00,0x00,0x00,0x04,0x00,0x00, /* .....=.......... */
/*000055d0 */  0x01,0x01,0x02,0x02,0x01,0x3d,0x00,0x10,0x00,0x06,0x00,0x00,0x00,0x06,0x00,0x00, /* .....=.......... */
/*000055e0 */  0x01,0x01,0x02,0x02,0x01,0x3d,0x00,0x10,0x00,0x06,0x00,0x00,0x00,0x08,0x00,0x00, /* .....=.......... */
/*000055f0 */  0x01,0x01,0x02,0x02,0x01,0x55,0x00,0x10,0x00,0x06,0x00,0x00,0x00,0x10,0x00,0x00, /* .....U.......... */
/*00005600 */  0x01,0x01,0x02,0x02,0x01,0x56,0x00,0x10,0x00,0x06,0x00,0x00,0x00,0x18,0x00,0x00, /* .....V.......... */
/*00005610 */  0x01,0x01,0x02,0x02,0x01,0x36,0x00,0x10,0x00,0x06,0x00,0x00,0x00,0x30,0x00,0x00, /* .....6.......0.. */
/*00005620 */  0x01,0x01,0x02,0x02,0x01,0x3d,0x00,0x10,0x00,0x08,0x00,0x00,0x00,0x04,0x00,0x00, /* .....=.......... */
/*00005630 */  0x01,0x01,0x02,0x02,0x01,0x3c,0x00,0x10,0x00,0x08,0x00,0x00,0x00,0x06,0x00,0x00, /* .....<.......... */
/*00005640 */  0x01,0x01,0x02,0x02,0x01,0x3d,0x00,0x10,0x00,0x08,0x00,0x00,0x00,0x0a,0x00,0x00, /* .....=.......... */
/*00005650 */  0x01,0x01,0x02,0x02,0x01,0x52,0x00,0x10,0x00,0x08,0x00,0x00,0x00,0x0b,0x00,0x00, /* .....R.......... */
/*00005660 */  0x01,0x01,0x02,0x02,0x01,0x3c,0x00,0x10,0x00,0x08,0x00,0x00,0x00,0x0f,0x00,0x00, /* .....<.......... */
/*00005670 */  0x01,0x01,0x02,0x02,0x01,0x57,0x00,0x10,0x40,0x08,0x00,0x00,0x00,0x0b,0x00,0x00, /* .....W..@....... */
/*00005680 */  0x01,0x01,0x02,0x02,0x01,0x37,0x00,0x10,0x00,0x0a,0x00,0x00,0x00,0x01,0x00,0x00, /* .....7.......... */
/*00005690 */  0x01,0x01,0x02,0x02,0x01,0x4e,0x00,0x10,0x00,0x0a,0x00,0x00,0x00,0x03,0x00,0x00, /* .....N.......... */
/*000056a0 */  0x01,0x01,0x02,0x02,0x01,0x3d,0x00,0x10,0x00,0x0a,0x00,0x00,0x00,0x06,0x00,0x00, /* .....=.......... */
/*000056b0 */  0x01,0x01,0x02,0x02,0x01,0x33,0x00,0x10,0x00,0x0a,0x00,0x00,0x00,0x08,0x00,0x00, /* .....3.......... */
/*000056c0 */  0x01,0x01,0x02,0x02,0x01,0x55,0x00,0x10,0x00,0x0a,0x00,0x00,0x00,0x10,0x00,0x00, /* .....U.......... */
/*000056d0 */  0x01,0x01,0x02,0x02,0x01,0x3e,0x00,0x10,0x00,0x0a,0x00,0x00,0x00,0x28,0x00,0x00, /* .....>.......(.. */
/*000056e0 */  0x01,0x01,0x02,0x02,0x01,0x4e,0x00,0x10,0x00,0x0b,0x00,0x00,0x80,0x04,0x00,0x00, /* .....N.......... */
/*000056f0 */  0x01,0x01,0x02,0x02,0x01,0x3d,0x00,0x10,0x00,0x0b,0x00,0x00,0x40,0x08,0x00,0x00, /* .....=......@... */
/*00005700 */  0x01,0x01,0x02,0x02,0x01,0x48,0x00,0x10,0x00,0x0b,0x00,0x00,0x00,0x10,0x00,0x00, /* .....H.......... */
/*00005710 */  0x01,0x01,0x02,0x02,0x01,0x43,0x00,0x10,0x00,0x0b,0x00,0x00,0x00,0x20,0x00,0x00, /* .....C....... .. */
/*00005720 */  0x01,0x01,0x02,0x02,0x01,0x2d,0x00,0x10,0x40,0x0b,0x00,0x00,0x00,0x10,0x00,0x00, /* .....-..@....... */
/*00005730 */  0x01,0x01,0x02,0x02,0x01,0x50,0x00,0x10,0x00,0x0c,0x00,0x00,0x00,0x03,0x00,0x00, /* .....P.......... */
/*00005740 */  0x01,0x01,0x02,0x02,0x01,0x48,0x00,0x10,0x00,0x0f,0x00,0x00,0x00,0x10,0x00,0x00, /* .....H.......... */
/*00005750 */  0x01,0x01,0x02,0x02,0x01,0x43,0x00,0x10,0x00,0x0f,0x00,0x00,0x00,0x20,0x00,0x00, /* .....C....... .. */
/*00005760 */  0x01,0x01,0x02,0x02,0x01,0x3f,0x00,0x10,0x00,0x0f,0x00,0x00,0x00,0x3c,0x00,0x00, /* .....?.......<.. */
/*00005770 */  0x01,0x01,0x02,0x02,0x01,0x2f,0x00,0x10,0x00,0x10,0x00,0x00,0x00,0x04,0x00,0x00, /* ................ */
/*00005780 */  0x01,0x01,0x02,0x02,0x01,0x50,0x00,0x10,0x00,0x10,0x00,0x00,0x00,0x06,0x00,0x00, /* .....P.......... */
/*00005790 */  0x01,0x01,0x02,0x02,0x01,0x3c,0x00,0x10,0x00,0x10,0x00,0x00,0x00,0x0a,0x00,0x00, /* .....<.......... */
/*000057a0 */  0x01,0x01,0x02,0x02,0x01,0x3c,0x00,0x10,0x00,0x10,0x00,0x00,0x00,0x0b,0x00,0x00, /* .....<.......... */
/*000057b0 */  0x01,0x01,0x02,0x02,0x01,0x3c,0x00,0x10,0x00,0x10,0x00,0x00,0x00,0x0f,0x00,0x00, /* .....<.......... */
/*000057c0 */  0x01,0x01,0x02,0x02,0x01,0x2d,0x00,0x10,0xd0,0x10,0x00,0x00,0x80,0x04,0x00,0x00, /* .....-.......... */
/*000057d0 */  0x01,0x01,0x02,0x02,0x01,0x3c,0x00,0x10,0x00,0x14,0x00,0x00,0x40,0x0b,0x00,0x00, /* .....<......@... */
/*000057e0 */  0x01,0x01,0x02,0x02,0x01,0x50,0x00,0x10,0x00,0x18,0x00,0x00,0x00,0x06,0x00,0x00, /* .....P.......... */
/*000057f0 */  0x01,0x01,0x02,0x02,0x01,0x3c,0x00,0x10,0x00,0x20,0x00,0x00,0x00,0x0b,0x00,0x00, /* .....<... ...... */
/*00005800 */  0x01,0x01,0x02,0x02,0x01,0x54,0x00,0x10,0x00,0x20,0x00,0x00,0x00,0x0f,0x00,0x00, /* .....T... ...... */
/*00005810 */  0x01,0x01,0x02,0x02,0x01,0x3c,0x00,0x10,0x00,0x23,0x00,0x00,0x00,0x06,0x00,0x00, /* .....<...#...... */
/*00005820 */  0x01,0x01,0x02,0x02,0x01,0x3c,0x00,0x10,0x00,0x28,0x00,0x00,0x00,0x0a,0x00,0x00, /* .....<...(...... */
/*00005830 */  0x01,0x01,0x02,0x02,0x01,0x4e,0x00,0x10,0x00,0x2a,0x00,0x00,0x00,0x0a,0x00,0x00, /* .....N.......... */
/*00005840 */  0x01,0x01,0x02,0x02,0x01,0x3c,0x00,0x10,0x00,0x30,0x00,0x00,0x00,0x06,0x00,0x00, /* .....<...0...... */
/*00005850 */  0x01,0x01,0x02,0x02,0x01,0x54,0x00,0x10,0x00,0x3c,0x00,0x00,0x00,0x0f,0x00,0x00, /* .....T...<...... */
/*00005860 */  0x01,0x01,0x02,0x02,0x01,0x3e,0x00,0x20,0x80,0x00,0x00,0x00,0x00,0x0b,0x00,0x00, /* .....>. ........ */
/*00005870 */  0x01,0x01,0x02,0x02,0x01,0x42,0x00,0x20,0x00,0x01,0x00,0x00,0x00,0x06,0x00,0x00, /* .....B. ........ */
/*00005880 */  0x01,0x01,0x02,0x02,0x01,0x43,0x00,0x20,0x00,0x01,0x00,0x00,0x00,0x0a,0x00,0x00, /* .....C. ........ */
/*00005890 */  0x01,0x01,0x02,0x02,0x01,0x50,0x00,0x20,0x00,0x02,0x00,0x00,0x00,0x06,0x00,0x00, /* .....P. ........ */
/*000058a0 */  0x01,0x01,0x02,0x02,0x01,0x39,0x00,0x20,0x00,0x02,0x00,0x00,0x00,0x0a,0x00,0x00, /* .....9. ........ */
/*000058b0 */  0x01,0x01,0x02,0x02,0x01,0x53,0x00,0x20,0x00,0x02,0x00,0x00,0x00,0x0f,0x00,0x00, /* .....S. ........ */
/*000058c0 */  0x01,0x01,0x02,0x02,0x01,0x4e,0x00,0x20,0x00,0x03,0x00,0x00,0x00,0x03,0x00,0x00, /* .....N. ........ */
/*000058d0 */  0x01,0x01,0x02,0x02,0x01,0x57,0x00,0x20,0x00,0x03,0x00,0x00,0x00,0x0c,0x00,0x00, /* .....W. ........ */
/*000058e0 */  0x01,0x01,0x02,0x02,0x01,0x50,0x00,0x20,0x00,0x04,0x00,0x00,0x00,0x04,0x00,0x00, /* .....P. ........ */
/*000058f0 */  0x01,0x01,0x02,0x02,0x01,0x39,0x00,0x20,0x00,0x04,0x00,0x00,0x00,0x0a,0x00,0x00, /* .....9. ........ */
/*00005900 */  0x01,0x01,0x02,0x02,0x01,0x39,0x00,0x20,0x00,0x04,0x00,0x00,0x00,0x0b,0x00,0x00, /* .....9. ........ */
/*00005910 */  0x01,0x01,0x02,0x02,0x01,0x56,0x00,0x20,0x00,0x04,0x00,0x00,0x00,0x10,0x00,0x00, /* .....V. ........ */
/*00005920 */  0x01,0x01,0x02,0x02,0x01,0x50,0x00,0x20,0x80,0x04,0x00,0x00,0x00,0x03,0x00,0x00, /* .....P. ........ */
/*00005930 */  0x01,0x01,0x02,0x02,0x01,0x50,0x00,0x20,0x80,0x04,0x00,0x00,0x80,0x04,0x00,0x00, /* .....P. ........ */
/*00005940 */  0x01,0x01,0x02,0x02,0x01,0x50,0x00,0x20,0x80,0x04,0x00,0x00,0xe0,0x10,0x00,0x00, /* .....P. ........ */
/*00005950 */  0x01,0x01,0x02,0x02,0x01,0x42,0x00,0x20,0x00,0x06,0x00,0x00,0x00,0x01,0x00,0x00, /* .....B. ........ */
/*00005960 */  0x01,0x01,0x02,0x02,0x01,0x3d,0x00,0x20,0x00,0x06,0x00,0x00,0x00,0x03,0x00,0x00, /* .....=. ........ */
/*00005970 */  0x01,0x01,0x02,0x02,0x01,0x54,0x00,0x20,0x00,0x06,0x00,0x00,0x00,0x04,0x00,0x00, /* .....T. ........ */
/*00005980 */  0x01,0x01,0x02,0x02,0x01,0x3d,0x00,0x20,0x00,0x06,0x00,0x00,0x00,0x06,0x00,0x00, /* .....=. ........ */
/*00005990 */  0x01,0x01,0x02,0x02,0x01,0x55,0x00,0x20,0x00,0x06,0x00,0x00,0x00,0x08,0x00,0x00, /* .....U. ........ */
/*000059a0 */  0x01,0x01,0x02,0x02,0x01,0x56,0x00,0x20,0x00,0x06,0x00,0x00,0x00,0x10,0x00,0x00, /* .....V. ........ */
/*000059b0 */  0x01,0x01,0x02,0x02,0x01,0x3d,0x00,0x20,0x00,0x06,0x00,0x00,0x00,0x18,0x00,0x00, /* .....=. ........ */
/*000059c0 */  0x01,0x01,0x02,0x02,0x01,0x32,0x00,0x20,0x00,0x06,0x00,0x00,0x00,0x30,0x00,0x00, /* .....2. .....0.. */
/*000059d0 */  0x01,0x01,0x02,0x02,0x01,0x24,0x00,0x20,0x00,0x08,0x00,0x00,0x00,0x04,0x00,0x00, /* .....$. ........ */
/*000059e0 */  0x01,0x01,0x02,0x02,0x01,0x3d,0x00,0x20,0x00,0x08,0x00,0x00,0x00,0x06,0x00,0x00, /* .....=. ........ */
/*000059f0 */  0x01,0x01,0x02,0x02,0x01,0x3d,0x00,0x20,0x00,0x08,0x00,0x00,0x00,0x0a,0x00,0x00, /* .....=. ........ */
/*00005a00 */  0x01,0x01,0x02,0x02,0x01,0x3d,0x00,0x20,0x00,0x08,0x00,0x00,0x00,0x0b,0x00,0x00, /* .....=. ........ */
/*00005a10 */  0x01,0x01,0x02,0x02,0x01,0x3c,0x00,0x20,0x00,0x08,0x00,0x00,0x00,0x0f,0x00,0x00, /* .....<. ........ */
/*00005a20 */  0x01,0x01,0x02,0x02,0x01,0x2d,0x00,0x20,0x40,0x08,0x00,0x00,0x00,0x0b,0x00,0x00, /* .....-. @....... */
/*00005a30 */  0x01,0x01,0x02,0x02,0x01,0x2d,0x00,0x20,0x00,0x0a,0x00,0x00,0x00,0x01,0x00,0x00, /* .....-. ........ */
/*00005a40 */  0x01,0x01,0x02,0x02,0x01,0x3c,0x00,0x20,0x00,0x0a,0x00,0x00,0x00,0x03,0x00,0x00, /* .....<. ........ */
/*00005a50 */  0x01,0x01,0x02,0x02,0x01,0x3c,0x00,0x20,0x00,0x0a,0x00,0x00,0x00,0x06,0x00,0x00, /* .....<. ........ */
/*00005a60 */  0x01,0x01,0x02,0x02,0x01,0x55,0x00,0x20,0x00,0x0a,0x00,0x00,0x00,0x08,0x00,0x00, /* .....U. ........ */
/*00005a70 */  0x01,0x01,0x02,0x02,0x01,0x55,0x00,0x20,0x00,0x0a,0x00,0x00,0x00,0x10,0x00,0x00, /* .....U. ........ */
/*00005a80 */  0x01,0x01,0x02,0x02,0x01,0x3e,0x00,0x20,0x00,0x0a,0x00,0x00,0x00,0x28,0x00,0x00, /* .....>. .....(.. */
/*00005a90 */  0x01,0x01,0x02,0x02,0x01,0x4e,0x00,0x20,0x00,0x0b,0x00,0x00,0x80,0x04,0x00,0x00, /* .....N. ........ */
/*00005aa0 */  0x01,0x01,0x02,0x02,0x01,0x50,0x00,0x20,0x00,0x0b,0x00,0x00,0x40,0x08,0x00,0x00, /* .....P. ....@... */
/*00005ab0 */  0x01,0x01,0x02,0x02,0x01,0x50,0x00,0x20,0x00,0x0b,0x00,0x00,0x00,0x10,0x00,0x00, /* .....P. ........ */
/*00005ac0 */  0x01,0x01,0x02,0x02,0x01,0x43,0x00,0x20,0x00,0x0b,0x00,0x00,0x00,0x20,0x00,0x00, /* .....C. ..... .. */
/*00005ad0 */  0x01,0x01,0x02,0x02,0x01,0x50,0x00,0x20,0x40,0x0b,0x00,0x00,0x00,0x10,0x00,0x00, /* .....P. @....... */
/*00005ae0 */  0x01,0x01,0x02,0x02,0x01,0x3c,0x00,0x20,0x00,0x0c,0x00,0x00,0x00,0x03,0x00,0x00, /* .....<. ........ */
/*00005af0 */  0x01,0x01,0x02,0x02,0x01,0x3c,0x00,0x20,0x00,0x0f,0x00,0x00,0x00,0x10,0x00,0x00, /* .....<. ........ */
/*00005b00 */  0x01,0x01,0x02,0x02,0x01,0x43,0x00,0x20,0x00,0x0f,0x00,0x00,0x00,0x20,0x00,0x00, /* .....C. ..... .. */
/*00005b10 */  0x01,0x01,0x02,0x02,0x01,0x3c,0x00,0x20,0x00,0x0f,0x00,0x00,0x00,0x3c,0x00,0x00, /* .....<. .....<.. */
/*00005b20 */  0x01,0x01,0x02,0x02,0x01,0x35,0x00,0x20,0x00,0x10,0x00,0x00,0x00,0x04,0x00,0x00, /* .....5. ........ */
/*00005b30 */  0x01,0x01,0x02,0x02,0x01,0x3c,0x00,0x20,0x00,0x10,0x00,0x00,0x00,0x06,0x00,0x00, /* .....<. ........ */
/*00005b40 */  0x01,0x01,0x02,0x02,0x01,0x3d,0x00,0x20,0x00,0x10,0x00,0x00,0x00,0x0a,0x00,0x00, /* .....=. ........ */
/*00005b50 */  0x01,0x01,0x02,0x02,0x01,0x3c,0x00,0x20,0x00,0x10,0x00,0x00,0x00,0x0b,0x00,0x00, /* .....<. ........ */
/*00005b60 */  0x01,0x01,0x02,0x02,0x01,0x3c,0x00,0x20,0x00,0x10,0x00,0x00,0x00,0x0f,0x00,0x00, /* .....<. ........ */
/*00005b70 */  0x01,0x01,0x02,0x02,0x01,0x2d,0x00,0x20,0xd0,0x10,0x00,0x00,0x80,0x04,0x00,0x00, /* .....-. ........ */
/*00005b80 */  0x01,0x01,0x02,0x02,0x01,0x4e,0x00,0x20,0x00,0x14,0x00,0x00,0x40,0x0b,0x00,0x00, /* .....N. ....@... */
/*00005b90 */  0x01,0x01,0x02,0x02,0x01,0x3c,0x00,0x20,0x00,0x18,0x00,0x00,0x00,0x06,0x00,0x00, /* .....<. ........ */
/*00005ba0 */  0x01,0x01,0x02,0x02,0x01,0x3c,0x00,0x20,0x00,0x20,0x00,0x00,0x00,0x0b,0x00,0x00, /* .....<. . ...... */
/*00005bb0 */  0x01,0x01,0x02,0x02,0x01,0x3c,0x00,0x20,0x00,0x20,0x00,0x00,0x00,0x0f,0x00,0x00, /* .....<. . ...... */
/*00005bc0 */  0x01,0x01,0x02,0x02,0x01,0x3c,0x00,0x20,0x00,0x23,0x00,0x00,0x00,0x06,0x00,0x00, /* .....<. .#...... */
/*00005bd0 */  0x01,0x01,0x02,0x02,0x01,0x3c,0x00,0x20,0x00,0x28,0x00,0x00,0x00,0x0a,0x00,0x00, /* .....<. .(...... */
/*00005be0 */  0x01,0x01,0x02,0x02,0x01,0x3c,0x00,0x20,0x00,0x2a,0x00,0x00,0x00,0x0a,0x00,0x00, /* .....<. ........ */
/*00005bf0 */  0x01,0x01,0x02,0x02,0x01,0x3c,0x00,0x20,0x00,0x30,0x00,0x00,0x00,0x06,0x00,0x00, /* .....<. .0...... */
/*00005c00 */  0x01,0x01,0x02,0x02,0x01,0x3c,0x00,0x20,0x00,0x3c,0x00,0x00,0x00,0x0f,0x00,0x00, /* .....<. .<...... */
/*00005c10 */  0x01,0x01,0x02,0x02,0x01,0x48,0x00,0x40,0x80,0x00,0x00,0x00,0x00,0x0b,0x00,0x00, /* .....H.@........ */
/*00005c20 */  0x01,0x01,0x02,0x02,0x01,0x43,0x00,0x40,0x00,0x01,0x00,0x00,0x00,0x06,0x00,0x00, /* .....C.@........ */
/*00005c30 */  0x01,0x01,0x02,0x02,0x01,0x42,0x00,0x40,0x00,0x01,0x00,0x00,0x00,0x0a,0x00,0x00, /* .....B.@........ */
/*00005c40 */  0x01,0x01,0x02,0x02,0x01,0x48,0x00,0x40,0x00,0x02,0x00,0x00,0x00,0x06,0x00,0x00, /* .....H.@........ */
/*00005c50 */  0x01,0x01,0x02,0x02,0x01,0x39,0x00,0x40,0x00,0x02,0x00,0x00,0x00,0x0a,0x00,0x00, /* .....9.@........ */
/*00005c60 */  0x01,0x01,0x02,0x02,0x01,0x3c,0x00,0x40,0x00,0x02,0x00,0x00,0x00,0x0f,0x00,0x00, /* .....<.@........ */
/*00005c70 */  0x01,0x01,0x02,0x02,0x01,0x50,0x00,0x40,0x00,0x03,0x00,0x00,0x00,0x03,0x00,0x00, /* .....P.@........ */
/*00005c80 */  0x01,0x01,0x02,0x02,0x01,0x3d,0x00,0x40,0x00,0x03,0x00,0x00,0x00,0x0c,0x00,0x00, /* .....=.@........ */
/*00005c90 */  0x01,0x01,0x02,0x02,0x01,0x48,0x00,0x40,0x00,0x04,0x00,0x00,0x00,0x04,0x00,0x00, /* .....H.@........ */
/*00005ca0 */  0x01,0x01,0x02,0x02,0x01,0x50,0x00,0x40,0x00,0x04,0x00,0x00,0x00,0x0a,0x00,0x00, /* .....P.@........ */
/*00005cb0 */  0x01,0x01,0x02,0x02,0x01,0x3d,0x00,0x40,0x00,0x04,0x00,0x00,0x00,0x0b,0x00,0x00, /* .....=.@........ */
/*00005cc0 */  0x01,0x01,0x02,0x02,0x01,0x3a,0x00,0x40,0x00,0x04,0x00,0x00,0x00,0x10,0x00,0x00, /* .....:.@........ */
/*00005cd0 */  0x01,0x01,0x02,0x02,0x01,0x3d,0x00,0x40,0x80,0x04,0x00,0x00,0x00,0x03,0x00,0x00, /* .....=.@........ */
/*00005ce0 */  0x01,0x01,0x02,0x02,0x01,0x50,0x00,0x40,0x80,0x04,0x00,0x00,0x80,0x04,0x00,0x00, /* .....P.@........ */
/*00005cf0 */  0x01,0x01,0x02,0x02,0x01,0x50,0x00,0x40,0x80,0x04,0x00,0x00,0xe0,0x10,0x00,0x00, /* .....P.@........ */
/*00005d00 */  0x01,0x01,0x02,0x02,0x01,0x51,0x00,0x40,0x00,0x06,0x00,0x00,0x00,0x01,0x00,0x00, /* .....Q.@........ */
/*00005d10 */  0x01,0x01,0x02,0x02,0x01,0x3d,0x00,0x40,0x00,0x06,0x00,0x00,0x00,0x03,0x00,0x00, /* .....=.@........ */
/*00005d20 */  0x01,0x01,0x02,0x02,0x01,0x3c,0x00,0x40,0x00,0x06,0x00,0x00,0x00,0x04,0x00,0x00, /* .....<.@........ */
/*00005d30 */  0x01,0x01,0x02,0x02,0x01,0x3d,0x00,0x40,0x00,0x06,0x00,0x00,0x00,0x06,0x00,0x00, /* .....=.@........ */
/*00005d40 */  0x01,0x01,0x02,0x02,0x01,0x56,0x00,0x40,0x00,0x06,0x00,0x00,0x00,0x08,0x00,0x00, /* .....V.@........ */
/*00005d50 */  0x01,0x01,0x02,0x02,0x01,0x3c,0x00,0x40,0x00,0x06,0x00,0x00,0x00,0x10,0x00,0x00, /* .....<.@........ */
/*00005d60 */  0x01,0x01,0x02,0x02,0x01,0x3d,0x00,0x40,0x00,0x06,0x00,0x00,0x00,0x18,0x00,0x00, /* .....=.@........ */
/*00005d70 */  0x01,0x01,0x02,0x02,0x01,0x39,0x00,0x40,0x00,0x06,0x00,0x00,0x00,0x30,0x00,0x00, /* .....9.@.....0.. */
/*00005d80 */  0x01,0x01,0x02,0x02,0x01,0x56,0x00,0x40,0x00,0x08,0x00,0x00,0x00,0x04,0x00,0x00, /* .....V.@........ */
/*00005d90 */  0x01,0x01,0x02,0x02,0x01,0x3d,0x00,0x40,0x00,0x08,0x00,0x00,0x00,0x06,0x00,0x00, /* .....=.@........ */
/*00005da0 */  0x01,0x01,0x02,0x02,0x01,0x3c,0x00,0x40,0x00,0x08,0x00,0x00,0x00,0x0a,0x00,0x00, /* .....<.@........ */
/*00005db0 */  0x01,0x01,0x02,0x02,0x01,0x3d,0x00,0x40,0x00,0x08,0x00,0x00,0x00,0x0b,0x00,0x00, /* .....=.@........ */
/*00005dc0 */  0x01,0x01,0x02,0x02,0x01,0x3d,0x00,0x40,0x00,0x08,0x00,0x00,0x00,0x0f,0x00,0x00, /* .....=.@........ */
/*00005dd0 */  0x01,0x01,0x02,0x02,0x01,0x2d,0x00,0x40,0x40,0x08,0x00,0x00,0x00,0x0b,0x00,0x00, /* .....-.@@....... */
/*00005de0 */  0x01,0x01,0x02,0x02,0x01,0x3d,0x00,0x40,0x00,0x0a,0x00,0x00,0x00,0x01,0x00,0x00, /* .....=.@........ */
/*00005df0 */  0x01,0x01,0x02,0x02,0x01,0x3c,0x00,0x40,0x00,0x0a,0x00,0x00,0x00,0x03,0x00,0x00, /* .....<.@........ */
/*00005e00 */  0x01,0x01,0x02,0x02,0x01,0x3c,0x00,0x40,0x00,0x0a,0x00,0x00,0x00,0x06,0x00,0x00, /* .....<.@........ */
/*00005e10 */  0x01,0x01,0x02,0x02,0x01,0x3a,0x00,0x40,0x00,0x0a,0x00,0x00,0x00,0x08,0x00,0x00, /* .....:.@........ */
/*00005e20 */  0x01,0x01,0x02,0x02,0x01,0x55,0x00,0x40,0x00,0x0a,0x00,0x00,0x00,0x10,0x00,0x00, /* .....U.@........ */
/*00005e30 */  0x01,0x01,0x02,0x02,0x01,0x42,0x00,0x40,0x00,0x0a,0x00,0x00,0x00,0x28,0x00,0x00, /* .....B.@.....(.. */
/*00005e40 */  0x01,0x01,0x02,0x02,0x01,0x4e,0x00,0x40,0x00,0x0b,0x00,0x00,0x80,0x04,0x00,0x00, /* .....N.@........ */
/*00005e50 */  0x01,0x01,0x02,0x02,0x01,0x3d,0x00,0x40,0x00,0x0b,0x00,0x00,0x40,0x08,0x00,0x00, /* .....=.@....@... */
/*00005e60 */  0x01,0x01,0x02,0x02,0x01,0x55,0x00,0x40,0x00,0x0b,0x00,0x00,0x00,0x10,0x00,0x00, /* .....U.@........ */
/*00005e70 */  0x01,0x01,0x02,0x02,0x01,0x43,0x00,0x40,0x00,0x0b,0x00,0x00,0x00,0x20,0x00,0x00, /* .....C.@..... .. */
/*00005e80 */  0x01,0x01,0x02,0x02,0x01,0x50,0x00,0x40,0x40,0x0b,0x00,0x00,0x00,0x10,0x00,0x00, /* .....P.@@....... */
/*00005e90 */  0x01,0x01,0x02,0x02,0x01,0x3c,0x00,0x40,0x00,0x0c,0x00,0x00,0x00,0x03,0x00,0x00, /* .....<.@........ */
/*00005ea0 */  0x01,0x01,0x02,0x02,0x01,0x3c,0x00,0x40,0x00,0x0f,0x00,0x00,0x00,0x10,0x00,0x00, /* .....<.@........ */
/*00005eb0 */  0x01,0x01,0x02,0x02,0x01,0x43,0x00,0x40,0x00,0x0f,0x00,0x00,0x00,0x20,0x00,0x00, /* .....C.@..... .. */
/*00005ec0 */  0x01,0x01,0x02,0x02,0x01,0x4e,0x00,0x40,0x00,0x0f,0x00,0x00,0x00,0x3c,0x00,0x00, /* .....N.@.....<.. */
/*00005ed0 */  0x01,0x01,0x02,0x02,0x01,0x3a,0x00,0x40,0x00,0x10,0x00,0x00,0x00,0x04,0x00,0x00, /* .....:.@........ */
/*00005ee0 */  0x01,0x01,0x02,0x02,0x01,0x3d,0x00,0x40,0x00,0x10,0x00,0x00,0x00,0x06,0x00,0x00, /* .....=.@........ */
/*00005ef0 */  0x01,0x01,0x02,0x02,0x01,0x3c,0x00,0x40,0x00,0x10,0x00,0x00,0x00,0x0a,0x00,0x00, /* .....<.@........ */
/*00005f00 */  0x01,0x01,0x02,0x02,0x01,0x4e,0x00,0x40,0x00,0x10,0x00,0x00,0x00,0x0b,0x00,0x00, /* .....N.@........ */
/*00005f10 */  0x01,0x01,0x02,0x02,0x01,0x3c,0x00,0x40,0x00,0x10,0x00,0x00,0x00,0x0f,0x00,0x00, /* .....<.@........ */
/*00005f20 */  0x01,0x01,0x02,0x02,0x01,0x37,0x00,0x40,0xd0,0x10,0x00,0x00,0x80,0x04,0x00,0x00, /* .....7.@........ */
/*00005f30 */  0x01,0x01,0x02,0x02,0x01,0x3d,0x00,0x40,0x00,0x14,0x00,0x00,0x40,0x0b,0x00,0x00, /* .....=.@....@... */
/*00005f40 */  0x01,0x01,0x02,0x02,0x01,0x3d,0x00,0x40,0x00,0x18,0x00,0x00,0x00,0x06,0x00,0x00, /* .....=.@........ */
/*00005f50 */  0x01,0x01,0x02,0x02,0x01,0x3c,0x00,0x40,0x00,0x20,0x00,0x00,0x00,0x0b,0x00,0x00, /* .....<.@. ...... */
/*00005f60 */  0x01,0x01,0x02,0x02,0x01,0x3c,0x00,0x40,0x00,0x20,0x00,0x00,0x00,0x0f,0x00,0x00, /* .....<.@. ...... */
/*00005f70 */  0x01,0x01,0x02,0x02,0x01,0x3c,0x00,0x40,0x00,0x23,0x00,0x00,0x00,0x06,0x00,0x00, /* .....<.@.#...... */
/*00005f80 */  0x01,0x01,0x02,0x02,0x01,0x3c,0x00,0x40,0x00,0x28,0x00,0x00,0x00,0x0a,0x00,0x00, /* .....<.@.(...... */
/*00005f90 */  0x01,0x01,0x02,0x02,0x01,0x3d,0x00,0x40,0x00,0x2a,0x00,0x00,0x00,0x0a,0x00,0x00, /* .....=.@........ */
/*00005fa0 */  0x01,0x01,0x02,0x02,0x01,0x3c,0x00,0x40,0x00,0x30,0x00,0x00,0x00,0x06,0x00,0x00, /* .....<.@.0...... */
/*00005fb0 */  0x01,0x01,0x02,0x02,0x01,0x3c,0x00,0x40,0x00,0x3c,0x00,0x00,0x00,0x0f,0x00,0x00, /* .....<.@.<...... */
/*00005fc0 */  0x01,0x01,0x02,0x02,0x02,0x1f,0x08,0x00,0x00,0x04,0x00,0x00,0x00,0x10,0x00,0x00, /* ................ */
/*00005fd0 */  0x01,0x01,0x02,0x02,0x02,0x1d,0x08,0x00,0x00,0x06,0x00,0x00,0x00,0x08,0x00,0x00, /* ................ */
/*00005fe0 */  0x01,0x01,0x02,0x02,0x02,0x1d,0x08,0x00,0x00,0x06,0x00,0x00,0x00,0x10,0x00,0x00, /* ................ */
/*00005ff0 */  0x01,0x01,0x02,0x02,0x02,0x1f,0x08,0x00,0x00,0x06,0x00,0x00,0x00,0x18,0x00,0x00, /* ................ */
/*00006000 */  0x01,0x01,0x02,0x02,0x02,0x1d,0x08,0x00,0x00,0x06,0x00,0x00,0x00,0x30,0x00,0x00, /* .............0.. */
/*00006010 */  0x01,0x01,0x02,0x02,0x02,0x1d,0x08,0x00,0x00,0x0a,0x00,0x00,0x00,0x08,0x00,0x00, /* ................ */
/*00006020 */  0x01,0x01,0x02,0x02,0x02,0x25,0x08,0x00,0x00,0x0a,0x00,0x00,0x00,0x10,0x00,0x00, /* .....%.......... */
/*00006030 */  0x01,0x01,0x02,0x02,0x02,0x1d,0x08,0x00,0x00,0x0a,0x00,0x00,0x00,0x28,0x00,0x00, /* .............(.. */
/*00006040 */  0x01,0x01,0x02,0x02,0x02,0x25,0x08,0x00,0x00,0x0b,0x00,0x00,0x00,0x10,0x00,0x00, /* .....%.......... */
/*00006050 */  0x01,0x01,0x02,0x02,0x02,0x28,0x08,0x00,0x00,0x0b,0x00,0x00,0x00,0x20,0x00,0x00, /* .....(....... .. */
/*00006060 */  0x01,0x01,0x02,0x02,0x02,0x25,0x08,0x00,0x40,0x0b,0x00,0x00,0x00,0x10,0x00,0x00, /* .....%..@....... */
/*00006070 */  0x01,0x01,0x02,0x02,0x02,0x25,0x08,0x00,0x00,0x0f,0x00,0x00,0x00,0x10,0x00,0x00, /* .....%.......... */
/*00006080 */  0x01,0x01,0x02,0x02,0x02,0x1f,0x08,0x00,0x00,0x0f,0x00,0x00,0x00,0x20,0x00,0x00, /* ............. .. */
/*00006090 */  0x01,0x01,0x02,0x02,0x02,0x1f,0x10,0x00,0x00,0x04,0x00,0x00,0x00,0x10,0x00,0x00, /* ................ */
/*000060a0 */  0x01,0x01,0x02,0x02,0x02,0x1b,0x10,0x00,0x00,0x06,0x00,0x00,0x00,0x08,0x00,0x00, /* ................ */
/*000060b0 */  0x01,0x01,0x02,0x02,0x02,0x1d,0x10,0x00,0x00,0x06,0x00,0x00,0x00,0x10,0x00,0x00, /* ................ */
/*000060c0 */  0x01,0x01,0x02,0x02,0x02,0x1b,0x10,0x00,0x00,0x06,0x00,0x00,0x00,0x18,0x00,0x00, /* ................ */
/*000060d0 */  0x01,0x01,0x02,0x02,0x02,0x25,0x10,0x00,0x00,0x06,0x00,0x00,0x00,0x30,0x00,0x00, /* .....%.......0.. */
/*000060e0 */  0x01,0x01,0x02,0x02,0x02,0x1d,0x10,0x00,0x00,0x0a,0x00,0x00,0x00,0x08,0x00,0x00, /* ................ */
/*000060f0 */  0x01,0x01,0x02,0x02,0x02,0x25,0x10,0x00,0x00,0x0a,0x00,0x00,0x00,0x10,0x00,0x00, /* .....%.......... */
/*00006100 */  0x01,0x01,0x02,0x02,0x02,0x1d,0x10,0x00,0x00,0x0a,0x00,0x00,0x00,0x28,0x00,0x00, /* .............(.. */
/*00006110 */  0x01,0x01,0x02,0x02,0x02,0x1d,0x10,0x00,0x00,0x0b,0x00,0x00,0x00,0x10,0x00,0x00, /* ................ */
/*00006120 */  0x01,0x01,0x02,0x02,0x02,0x1f,0x10,0x00,0x00,0x0b,0x00,0x00,0x00,0x20,0x00,0x00, /* ............. .. */
/*00006130 */  0x01,0x01,0x02,0x02,0x02,0x1b,0x10,0x00,0x40,0x0b,0x00,0x00,0x00,0x10,0x00,0x00, /* ........@....... */
/*00006140 */  0x01,0x01,0x02,0x02,0x02,0x1d,0x10,0x00,0x00,0x0f,0x00,0x00,0x00,0x10,0x00,0x00, /* ................ */
/*00006150 */  0x01,0x01,0x02,0x02,0x02,0x1d,0x10,0x00,0x00,0x0f,0x00,0x00,0x00,0x20,0x00,0x00, /* ............. .. */
/*00006160 */  0x01,0x01,0x02,0x02,0x02,0x1d,0x20,0x00,0x00,0x04,0x00,0x00,0x00,0x10,0x00,0x00, /* ...... ......... */
/*00006170 */  0x01,0x01,0x02,0x02,0x02,0x1b,0x20,0x00,0x00,0x06,0x00,0x00,0x00,0x08,0x00,0x00, /* ...... ......... */
/*00006180 */  0x01,0x01,0x02,0x02,0x02,0x1d,0x20,0x00,0x00,0x06,0x00,0x00,0x00,0x10,0x00,0x00, /* ...... ......... */
/*00006190 */  0x01,0x01,0x02,0x02,0x02,0x1f,0x20,0x00,0x00,0x06,0x00,0x00,0x00,0x18,0x00,0x00, /* ...... ......... */
/*000061a0 */  0x01,0x01,0x02,0x02,0x02,0x25,0x20,0x00,0x00,0x06,0x00,0x00,0x00,0x30,0x00,0x00, /* .....% ......0.. */
/*000061b0 */  0x01,0x01,0x02,0x02,0x02,0x25,0x20,0x00,0x00,0x0a,0x00,0x00,0x00,0x08,0x00,0x00, /* .....% ......... */
/*000061c0 */  0x01,0x01,0x02,0x02,0x02,0x1e,0x20,0x00,0x00,0x0a,0x00,0x00,0x00,0x10,0x00,0x00, /* ...... ......... */
/*000061d0 */  0x01,0x01,0x02,0x02,0x02,0x25,0x20,0x00,0x00,0x0a,0x00,0x00,0x00,0x28,0x00,0x00, /* .....% ......(.. */
/*000061e0 */  0x01,0x01,0x02,0x02,0x02,0x21,0x20,0x00,0x00,0x0b,0x00,0x00,0x00,0x10,0x00,0x00, /* .....! ......... */
/*000061f0 */  0x01,0x01,0x02,0x02,0x02,0x1d,0x20,0x00,0x00,0x0b,0x00,0x00,0x00,0x20,0x00,0x00, /* ...... ...... .. */
/*00006200 */  0x01,0x01,0x02,0x02,0x02,0x25,0x20,0x00,0x40,0x0b,0x00,0x00,0x00,0x10,0x00,0x00, /* .....% .@....... */
/*00006210 */  0x01,0x01,0x02,0x02,0x02,0x1f,0x20,0x00,0x00,0x0f,0x00,0x00,0x00,0x10,0x00,0x00, /* ...... ......... */
/*00006220 */  0x01,0x01,0x02,0x02,0x02,0x1f,0x20,0x00,0x00,0x0f,0x00,0x00,0x00,0x20,0x00,0x00, /* ...... ...... .. */
/*00006230 */  0x01,0x01,0x02,0x02,0x02,0x25,0x40,0x00,0x00,0x04,0x00,0x00,0x00,0x10,0x00,0x00, /* .....%@......... */
/*00006240 */  0x01,0x01,0x02,0x02,0x02,0x1f,0x40,0x00,0x00,0x06,0x00,0x00,0x00,0x08,0x00,0x00, /* ......@......... */
/*00006250 */  0x01,0x01,0x02,0x02,0x02,0x25,0x40,0x00,0x00,0x06,0x00,0x00,0x00,0x10,0x00,0x00, /* .....%@......... */
/*00006260 */  0x01,0x01,0x02,0x02,0x02,0x1b,0x40,0x00,0x00,0x06,0x00,0x00,0x00,0x18,0x00,0x00, /* ......@......... */
/*00006270 */  0x01,0x01,0x02,0x02,0x02,0x1b,0x40,0x00,0x00,0x06,0x00,0x00,0x00,0x30,0x00,0x00, /* ......@......0.. */
/*00006280 */  0x01,0x01,0x02,0x02,0x02,0x1b,0x40,0x00,0x00,0x0a,0x00,0x00,0x00,0x08,0x00,0x00, /* ......@......... */
/*00006290 */  0x01,0x01,0x02,0x02,0x02,0x1d,0x40,0x00,0x00,0x0a,0x00,0x00,0x00,0x10,0x00,0x00, /* ......@......... */
/*000062a0 */  0x01,0x01,0x02,0x02,0x02,0x1b,0x40,0x00,0x00,0x0a,0x00,0x00,0x00,0x28,0x00,0x00, /* ......@......(.. */
/*000062b0 */  0x01,0x01,0x02,0x02,0x02,0x25,0x40,0x00,0x00,0x0b,0x00,0x00,0x00,0x10,0x00,0x00, /* .....%@......... */
/*000062c0 */  0x01,0x01,0x02,0x02,0x02,0x1d,0x40,0x00,0x00,0x0b,0x00,0x00,0x00,0x20,0x00,0x00, /* ......@...... .. */
/*000062d0 */  0x01,0x01,0x02,0x02,0x02,0x25,0x40,0x00,0x40,0x0b,0x00,0x00,0x00,0x10,0x00,0x00, /* .....%@.@....... */
/*000062e0 */  0x01,0x01,0x02,0x02,0x02,0x1b,0x40,0x00,0x00,0x0f,0x00,0x00,0x00,0x10,0x00,0x00, /* ......@......... */
/*000062f0 */  0x01,0x01,0x02,0x02,0x02,0x1e,0x40,0x00,0x00,0x0f,0x00,0x00,0x00,0x20,0x00,0x00, /* ......@...... .. */
/*00006300 */  0x01,0x01,0x02,0x02,0x02,0x1b,0x80,0x00,0x00,0x04,0x00,0x00,0x00,0x10,0x00,0x00, /* ................ */
/*00006310 */  0x01,0x01,0x02,0x02,0x02,0x29,0x80,0x00,0x00,0x06,0x00,0x00,0x00,0x08,0x00,0x00, /* .....).......... */
/*00006320 */  0x01,0x01,0x02,0x02,0x02,0x22,0x80,0x00,0x00,0x06,0x00,0x00,0x00,0x10,0x00,0x00, /* .....".......... */
/*00006330 */  0x01,0x01,0x02,0x02,0x02,0x1b,0x80,0x00,0x00,0x06,0x00,0x00,0x00,0x18,0x00,0x00, /* ................ */
/*00006340 */  0x01,0x01,0x02,0x02,0x02,0x1b,0x80,0x00,0x00,0x06,0x00,0x00,0x00,0x30,0x00,0x00, /* .............0.. */
/*00006350 */  0x01,0x01,0x02,0x02,0x02,0x29,0x80,0x00,0x00,0x0a,0x00,0x00,0x00,0x08,0x00,0x00, /* .....).......... */
/*00006360 */  0x01,0x01,0x02,0x02,0x02,0x28,0x80,0x00,0x00,0x0a,0x00,0x00,0x00,0x10,0x00,0x00, /* .....(.......... */
/*00006370 */  0x01,0x01,0x02,0x02,0x02,0x22,0x80,0x00,0x00,0x0a,0x00,0x00,0x00,0x28,0x00,0x00, /* .....".......(.. */
/*00006380 */  0x01,0x01,0x02,0x02,0x02,0x29,0x80,0x00,0x00,0x0b,0x00,0x00,0x00,0x10,0x00,0x00, /* .....).......... */
/*00006390 */  0x01,0x01,0x02,0x02,0x02,0x22,0x80,0x00,0x00,0x0b,0x00,0x00,0x00,0x20,0x00,0x00, /* ....."....... .. */
/*000063a0 */  0x01,0x01,0x02,0x02,0x02,0x1c,0x80,0x00,0x40,0x0b,0x00,0x00,0x00,0x10,0x00,0x00, /* ........@....... */
/*000063b0 */  0x01,0x01,0x02,0x02,0x02,0x1c,0x80,0x00,0x00,0x0f,0x00,0x00,0x00,0x10,0x00,0x00, /* ................ */
/*000063c0 */  0x01,0x01,0x02,0x02,0x02,0x37,0x80,0x00,0x00,0x0f,0x00,0x00,0x00,0x20,0x00,0x00, /* .....7....... .. */
/*000063d0 */  0x01,0x01,0x02,0x02,0x02,0x26,0x00,0x01,0x00,0x04,0x00,0x00,0x00,0x10,0x00,0x00, /* .....&.......... */
/*000063e0 */  0x01,0x01,0x02,0x02,0x02,0x1c,0x00,0x01,0x00,0x06,0x00,0x00,0x00,0x08,0x00,0x00, /* ................ */
/*000063f0 */  0x01,0x01,0x02,0x02,0x02,0x22,0x00,0x01,0x00,0x06,0x00,0x00,0x00,0x10,0x00,0x00, /* .....".......... */
/*00006400 */  0x01,0x01,0x02,0x02,0x02,0x1c,0x00,0x01,0x00,0x06,0x00,0x00,0x00,0x18,0x00,0x00, /* ................ */
/*00006410 */  0x01,0x01,0x02,0x02,0x02,0x23,0x00,0x01,0x00,0x06,0x00,0x00,0x00,0x30,0x00,0x00, /* .....#.......0.. */
/*00006420 */  0x01,0x01,0x02,0x02,0x02,0x26,0x00,0x01,0x00,0x0a,0x00,0x00,0x00,0x08,0x00,0x00, /* .....&.......... */
/*00006430 */  0x01,0x01,0x02,0x02,0x02,0x31,0x00,0x01,0x00,0x0a,0x00,0x00,0x00,0x10,0x00,0x00, /* .....1.......... */
/*00006440 */  0x01,0x01,0x02,0x02,0x02,0x2c,0x00,0x01,0x00,0x0a,0x00,0x00,0x00,0x28,0x00,0x00, /* .....,.......(.. */
/*00006450 */  0x01,0x01,0x02,0x02,0x02,0x26,0x00,0x01,0x00,0x0b,0x00,0x00,0x00,0x10,0x00,0x00, /* .....&.......... */
/*00006460 */  0x01,0x01,0x02,0x02,0x02,0x2b,0x00,0x01,0x00,0x0b,0x00,0x00,0x00,0x20,0x00,0x00, /* .....+....... .. */
/*00006470 */  0x01,0x01,0x02,0x02,0x02,0x37,0x00,0x01,0x40,0x0b,0x00,0x00,0x00,0x10,0x00,0x00, /* .....7..@....... */
/*00006480 */  0x01,0x01,0x02,0x02,0x02,0x2a,0x00,0x01,0x00,0x0f,0x00,0x00,0x00,0x10,0x00,0x00, /* ................ */
/*00006490 */  0x01,0x01,0x02,0x02,0x02,0x33,0x00,0x01,0x00,0x0f,0x00,0x00,0x00,0x20,0x00,0x00, /* .....3....... .. */
/*000064a0 */  0x01,0x01,0x02,0x02,0x02,0x26,0x00,0x02,0x00,0x04,0x00,0x00,0x00,0x10,0x00,0x00, /* .....&.......... */
/*000064b0 */  0x01,0x01,0x02,0x02,0x02,0x35,0x00,0x02,0x00,0x06,0x00,0x00,0x00,0x08,0x00,0x00, /* .....5.......... */
/*000064c0 */  0x01,0x01,0x02,0x02,0x02,0x24,0x00,0x02,0x00,0x06,0x00,0x00,0x00,0x10,0x00,0x00, /* .....$.......... */
/*000064d0 */  0x01,0x01,0x02,0x02,0x02,0x24,0x00,0x02,0x00,0x06,0x00,0x00,0x00,0x18,0x00,0x00, /* .....$.......... */
/*000064e0 */  0x01,0x01,0x02,0x02,0x02,0x24,0x00,0x02,0x00,0x06,0x00,0x00,0x00,0x30,0x00,0x00, /* .....$.......0.. */
/*000064f0 */  0x01,0x01,0x02,0x02,0x02,0x41,0x00,0x02,0x00,0x0a,0x00,0x00,0x00,0x08,0x00,0x00, /* .....A.......... */
/*00006500 */  0x01,0x01,0x02,0x02,0x02,0x33,0x00,0x02,0x00,0x0a,0x00,0x00,0x00,0x10,0x00,0x00, /* .....3.......... */
/*00006510 */  0x01,0x01,0x02,0x02,0x02,0x2e,0x00,0x02,0x00,0x0a,0x00,0x00,0x00,0x28,0x00,0x00, /* .............(.. */
/*00006520 */  0x01,0x01,0x02,0x02,0x02,0x2b,0x00,0x02,0x00,0x0b,0x00,0x00,0x00,0x10,0x00,0x00, /* .....+.......... */
/*00006530 */  0x01,0x01,0x02,0x02,0x02,0x2c,0x00,0x02,0x00,0x0b,0x00,0x00,0x00,0x20,0x00,0x00, /* .....,....... .. */
/*00006540 */  0x01,0x01,0x02,0x02,0x02,0x37,0x00,0x02,0x40,0x0b,0x00,0x00,0x00,0x10,0x00,0x00, /* .....7..@....... */
/*00006550 */  0x01,0x01,0x02,0x02,0x02,0x2c,0x00,0x02,0x00,0x0f,0x00,0x00,0x00,0x10,0x00,0x00, /* .....,.......... */
/*00006560 */  0x01,0x01,0x02,0x02,0x02,0x58,0x00,0x02,0x00,0x0f,0x00,0x00,0x00,0x20,0x00,0x00, /* .....X....... .. */
/*00006570 */  0x01,0x01,0x02,0x02,0x02,0x41,0x00,0x04,0x00,0x04,0x00,0x00,0x00,0x10,0x00,0x00, /* .....A.......... */
/*00006580 */  0x01,0x01,0x02,0x02,0x02,0x35,0x00,0x04,0x00,0x06,0x00,0x00,0x00,0x08,0x00,0x00, /* .....5.......... */
/*00006590 */  0x01,0x01,0x02,0x02,0x02,0x24,0x00,0x04,0x00,0x06,0x00,0x00,0x00,0x10,0x00,0x00, /* .....$.......... */
/*000065a0 */  0x01,0x01,0x02,0x02,0x02,0x35,0x00,0x04,0x00,0x06,0x00,0x00,0x00,0x18,0x00,0x00, /* .....5.......... */
/*000065b0 */  0x01,0x01,0x02,0x02,0x02,0x24,0x00,0x04,0x00,0x06,0x00,0x00,0x00,0x30,0x00,0x00, /* .....$.......0.. */
/*000065c0 */  0x01,0x01,0x02,0x02,0x02,0x3f,0x00,0x04,0x00,0x0a,0x00,0x00,0x00,0x08,0x00,0x00, /* .....?.......... */
/*000065d0 */  0x01,0x01,0x02,0x02,0x02,0x41,0x00,0x04,0x00,0x0a,0x00,0x00,0x00,0x10,0x00,0x00, /* .....A.......... */
/*000065e0 */  0x01,0x01,0x02,0x02,0x02,0x41,0x00,0x04,0x00,0x0a,0x00,0x00,0x00,0x28,0x00,0x00, /* .....A.......(.. */
/*000065f0 */  0x01,0x01,0x02,0x02,0x02,0x35,0x00,0x04,0x00,0x0b,0x00,0x00,0x00,0x10,0x00,0x00, /* .....5.......... */
/*00006600 */  0x01,0x01,0x02,0x02,0x02,0x2a,0x00,0x04,0x00,0x0b,0x00,0x00,0x00,0x20,0x00,0x00, /* ............. .. */
/*00006610 */  0x01,0x01,0x02,0x02,0x02,0x24,0x00,0x04,0x40,0x0b,0x00,0x00,0x00,0x10,0x00,0x00, /* .....$..@....... */
/*00006620 */  0x01,0x01,0x02,0x02,0x02,0x41,0x00,0x04,0x00,0x0f,0x00,0x00,0x00,0x10,0x00,0x00, /* .....A.......... */
/*00006630 */  0x01,0x01,0x02,0x02,0x02,0x34,0x00,0x04,0x00,0x0f,0x00,0x00,0x00,0x20,0x00,0x00, /* .....4....... .. */
/*00006640 */  0x01,0x01,0x02,0x02,0x02,0x37,0x00,0x08,0x00,0x04,0x00,0x00,0x00,0x10,0x00,0x00, /* .....7.......... */
/*00006650 */  0x01,0x01,0x02,0x02,0x02,0x24,0x00,0x08,0x00,0x06,0x00,0x00,0x00,0x08,0x00,0x00, /* .....$.......... */
/*00006660 */  0x01,0x01,0x02,0x02,0x02,0x2d,0x00,0x08,0x00,0x06,0x00,0x00,0x00,0x10,0x00,0x00, /* .....-.......... */
/*00006670 */  0x01,0x01,0x02,0x02,0x02,0x24,0x00,0x08,0x00,0x06,0x00,0x00,0x00,0x18,0x00,0x00, /* .....$.......... */
/*00006680 */  0x01,0x01,0x02,0x02,0x02,0x37,0x00,0x08,0x00,0x06,0x00,0x00,0x00,0x30,0x00,0x00, /* .....7.......0.. */
/*00006690 */  0x01,0x01,0x02,0x02,0x02,0x3e,0x00,0x08,0x00,0x0a,0x00,0x00,0x00,0x08,0x00,0x00, /* .....>.......... */
/*000066a0 */  0x01,0x01,0x02,0x02,0x02,0x3e,0x00,0x08,0x00,0x0a,0x00,0x00,0x00,0x10,0x00,0x00, /* .....>.......... */
/*000066b0 */  0x01,0x01,0x02,0x02,0x02,0x2e,0x00,0x08,0x00,0x0a,0x00,0x00,0x00,0x28,0x00,0x00, /* .............(.. */
/*000066c0 */  0x01,0x01,0x02,0x02,0x02,0x24,0x00,0x08,0x00,0x0b,0x00,0x00,0x00,0x10,0x00,0x00, /* .....$.......... */
/*000066d0 */  0x01,0x01,0x02,0x02,0x02,0x2a,0x00,0x08,0x00,0x0b,0x00,0x00,0x00,0x20,0x00,0x00, /* ............. .. */
/*000066e0 */  0x01,0x01,0x02,0x02,0x02,0x24,0x00,0x08,0x40,0x0b,0x00,0x00,0x00,0x10,0x00,0x00, /* .....$..@....... */
/*000066f0 */  0x01,0x01,0x02,0x02,0x02,0x33,0x00,0x08,0x00,0x0f,0x00,0x00,0x00,0x10,0x00,0x00, /* .....3.......... */
/*00006700 */  0x01,0x01,0x02,0x02,0x02,0x2a,0x00,0x08,0x00,0x0f,0x00,0x00,0x00,0x20,0x00,0x00, /* ............. .. */
/*00006710 */  0x01,0x01,0x02,0x02,0x02,0x2d,0x00,0x10,0x00,0x04,0x00,0x00,0x00,0x10,0x00,0x00, /* .....-.......... */
/*00006720 */  0x01,0x01,0x02,0x02,0x02,0x36,0x00,0x10,0x00,0x06,0x00,0x00,0x00,0x08,0x00,0x00, /* .....6.......... */
/*00006730 */  0x01,0x01,0x02,0x02,0x02,0x3f,0x00,0x10,0x00,0x06,0x00,0x00,0x00,0x10,0x00,0x00, /* .....?.......... */
/*00006740 */  0x01,0x01,0x02,0x02,0x02,0x36,0x00,0x10,0x00,0x06,0x00,0x00,0x00,0x18,0x00,0x00, /* .....6.......... */
/*00006750 */  0x01,0x01,0x02,0x02,0x02,0x2f,0x00,0x10,0x00,0x06,0x00,0x00,0x00,0x30,0x00,0x00, /* .............0.. */
/*00006760 */  0x01,0x01,0x02,0x02,0x02,0x32,0x00,0x10,0x00,0x0a,0x00,0x00,0x00,0x08,0x00,0x00, /* .....2.......... */
/*00006770 */  0x01,0x01,0x02,0x02,0x02,0x2e,0x00,0x10,0x00,0x0a,0x00,0x00,0x00,0x10,0x00,0x00, /* ................ */
/*00006780 */  0x01,0x01,0x02,0x02,0x02,0x36,0x00,0x10,0x00,0x0a,0x00,0x00,0x00,0x28,0x00,0x00, /* .....6.......(.. */
/*00006790 */  0x01,0x01,0x02,0x02,0x02,0x36,0x00,0x10,0x00,0x0b,0x00,0x00,0x00,0x10,0x00,0x00, /* .....6.......... */
/*000067a0 */  0x01,0x01,0x02,0x02,0x02,0x3e,0x00,0x10,0x00,0x0b,0x00,0x00,0x00,0x20,0x00,0x00, /* .....>....... .. */
/*000067b0 */  0x01,0x01,0x02,0x02,0x02,0x2d,0x00,0x10,0x40,0x0b,0x00,0x00,0x00,0x10,0x00,0x00, /* .....-..@....... */
/*000067c0 */  0x01,0x01,0x02,0x02,0x02,0x3f,0x00,0x10,0x00,0x0f,0x00,0x00,0x00,0x10,0x00,0x00, /* .....?.......... */
/*000067d0 */  0x01,0x01,0x02,0x02,0x02,0x41,0x00,0x10,0x00,0x0f,0x00,0x00,0x00,0x20,0x00,0x00, /* .....A....... .. */
/*000067e0 */  0x01,0x01,0x02,0x02,0x02,0x41,0x00,0x20,0x00,0x04,0x00,0x00,0x00,0x10,0x00,0x00, /* .....A. ........ */
/*000067f0 */  0x01,0x01,0x02,0x02,0x02,0x37,0x00,0x20,0x00,0x06,0x00,0x00,0x00,0x08,0x00,0x00, /* .....7. ........ */
/*00006800 */  0x01,0x01,0x02,0x02,0x02,0x2b,0x00,0x20,0x00,0x06,0x00,0x00,0x00,0x10,0x00,0x00, /* .....+. ........ */
/*00006810 */  0x01,0x01,0x02,0x02,0x02,0x3f,0x00,0x20,0x00,0x06,0x00,0x00,0x00,0x18,0x00,0x00, /* .....?. ........ */
/*00006820 */  0x01,0x01,0x02,0x02,0x02,0x36,0x00,0x20,0x00,0x06,0x00,0x00,0x00,0x30,0x00,0x00, /* .....6. .....0.. */
/*00006830 */  0x01,0x01,0x02,0x02,0x02,0x37,0x00,0x20,0x00,0x0a,0x00,0x00,0x00,0x08,0x00,0x00, /* .....7. ........ */
/*00006840 */  0x01,0x01,0x02,0x02,0x02,0x36,0x00,0x20,0x00,0x0a,0x00,0x00,0x00,0x10,0x00,0x00, /* .....6. ........ */
/*00006850 */  0x01,0x01,0x02,0x02,0x02,0x36,0x00,0x20,0x00,0x0a,0x00,0x00,0x00,0x28,0x00,0x00, /* .....6. .....(.. */
/*00006860 */  0x01,0x01,0x02,0x02,0x02,0x36,0x00,0x20,0x00,0x0b,0x00,0x00,0x00,0x10,0x00,0x00, /* .....6. ........ */
/*00006870 */  0x01,0x01,0x02,0x02,0x02,0x41,0x00,0x20,0x00,0x0b,0x00,0x00,0x00,0x20,0x00,0x00, /* .....A. ..... .. */
/*00006880 */  0x01,0x01,0x02,0x02,0x02,0x37,0x00,0x20,0x40,0x0b,0x00,0x00,0x00,0x10,0x00,0x00, /* .....7. @....... */
/*00006890 */  0x01,0x01,0x02,0x02,0x02,0x3f,0x00,0x20,0x00,0x0f,0x00,0x00,0x00,0x10,0x00,0x00, /* .....?. ........ */
/*000068a0 */  0x01,0x01,0x02,0x02,0x02,0x41,0x00,0x20,0x00,0x0f,0x00,0x00,0x00,0x20,0x00,0x00, /* .....A. ..... .. */
/*000068b0 */  0x01,0x01,0x02,0x02,0x02,0x41,0x00,0x40,0x00,0x04,0x00,0x00,0x00,0x10,0x00,0x00, /* .....A.@........ */
/*000068c0 */  0x01,0x01,0x02,0x02,0x02,0x2b,0x00,0x40,0x00,0x06,0x00,0x00,0x00,0x08,0x00,0x00, /* .....+.@........ */
/*000068d0 */  0x01,0x01,0x02,0x02,0x02,0x3f,0x00,0x40,0x00,0x06,0x00,0x00,0x00,0x10,0x00,0x00, /* .....?.@........ */
/*000068e0 */  0x01,0x01,0x02,0x02,0x02,0x2e,0x00,0x40,0x00,0x06,0x00,0x00,0x00,0x18,0x00,0x00, /* .......@........ */
/*000068f0 */  0x01,0x01,0x02,0x02,0x02,0x36,0x00,0x40,0x00,0x06,0x00,0x00,0x00,0x30,0x00,0x00, /* .....6.@.....0.. */
/*00006900 */  0x01,0x01,0x02,0x02,0x02,0x2f,0x00,0x40,0x00,0x0a,0x00,0x00,0x00,0x08,0x00,0x00, /* .......@........ */
/*00006910 */  0x01,0x01,0x02,0x02,0x02,0x36,0x00,0x40,0x00,0x0a,0x00,0x00,0x00,0x10,0x00,0x00, /* .....6.@........ */
/*00006920 */  0x01,0x01,0x02,0x02,0x02,0x36,0x00,0x40,0x00,0x0a,0x00,0x00,0x00,0x28,0x00,0x00, /* .....6.@.....(.. */
/*00006930 */  0x01,0x01,0x02,0x02,0x02,0x3f,0x00,0x40,0x00,0x0b,0x00,0x00,0x00,0x10,0x00,0x00, /* .....?.@........ */
/*00006940 */  0x01,0x01,0x02,0x02,0x02,0x41,0x00,0x40,0x00,0x0b,0x00,0x00,0x00,0x20,0x00,0x00, /* .....A.@..... .. */
/*00006950 */  0x01,0x01,0x02,0x02,0x02,0x24,0x00,0x40,0x40,0x0b,0x00,0x00,0x00,0x10,0x00,0x00, /* .....$.@@....... */
/*00006960 */  0x01,0x01,0x02,0x02,0x02,0x3f,0x00,0x40,0x00,0x0f,0x00,0x00,0x00,0x10,0x00,0x00, /* .....?.@........ */
/*00006970 */  0x01,0x01,0x02,0x02,0x02,0x41,0x00,0x40,0x00,0x0f,0x00,0x00,0x00,0x20,0x00,0x00, /* .....A.@..... .. */
/*00006980 */  0x01,0x01,0x02,0x01,0x01,0x59,0x08,0x00,0x01,0x00,0x00,0x00,0x00,0x08,0x00,0x00, /* .....Y.......... */
/*00006990 */  0x01,0x01,0x02,0x01,0x01,0x59,0x08,0x00,0x20,0x00,0x00,0x00,0x00,0x08,0x00,0x00, /* .....Y.. ....... */
/*000069a0 */  0x01,0x01,0x02,0x01,0x01,0x1a,0x08,0x00,0x20,0x00,0x00,0x00,0x40,0x0b,0x00,0x00, /* ........ ...@... */
/*000069b0 */  0x01,0x01,0x02,0x01,0x01,0x1a,0x08,0x00,0x20,0x00,0x00,0x00,0x00,0x10,0x00,0x00, /* ........ ....... */
/*000069c0 */  0x01,0x01,0x02,0x01,0x01,0x59,0x08,0x00,0x30,0x00,0x00,0x00,0x00,0x14,0x00,0x00, /* .....Y..0....... */
/*000069d0 */  0x01,0x01,0x02,0x01,0x01,0x45,0x08,0x00,0x00,0x01,0x00,0x00,0x00,0x08,0x00,0x00, /* .....E.......... */
/*000069e0 */  0x01,0x01,0x02,0x01,0x01,0x1b,0x08,0x00,0x00,0x01,0x00,0x00,0x00,0x10,0x00,0x00, /* ................ */
/*000069f0 */  0x01,0x01,0x02,0x01,0x01,0x1f,0x08,0x00,0x00,0x02,0x00,0x00,0x00,0x08,0x00,0x00, /* ................ */
/*00006a00 */  0x01,0x01,0x02,0x01,0x01,0x1f,0x08,0x00,0x00,0x04,0x00,0x00,0x80,0x0a,0x00,0x00, /* ................ */
/*00006a10 */  0x01,0x01,0x02,0x01,0x01,0x22,0x08,0x00,0x00,0x04,0x00,0x00,0x00,0x10,0x00,0x00, /* .....".......... */
/*00006a20 */  0x01,0x01,0x02,0x01,0x01,0x21,0x08,0x00,0x00,0x04,0x00,0x00,0x00,0x14,0x00,0x00, /* .....!.......... */
/*00006a30 */  0x01,0x01,0x02,0x01,0x01,0x1b,0x08,0x00,0x00,0x05,0x00,0x00,0x00,0x14,0x00,0x00, /* ................ */
/*00006a40 */  0x01,0x01,0x02,0x01,0x01,0x25,0x08,0x00,0x00,0x08,0x00,0x00,0x00,0x02,0x00,0x00, /* .....%.......... */
/*00006a50 */  0x01,0x01,0x02,0x01,0x01,0x25,0x08,0x00,0x00,0x08,0x00,0x00,0x00,0x10,0x00,0x00, /* .....%.......... */
/*00006a60 */  0x01,0x01,0x02,0x01,0x01,0x20,0x08,0x00,0x80,0x0a,0x00,0x00,0x00,0x04,0x00,0x00, /* ..... .......... */
/*00006a70 */  0x01,0x01,0x02,0x01,0x01,0x1b,0x08,0x00,0x40,0x0b,0x00,0x00,0x00,0x10,0x00,0x00, /* ........@....... */
/*00006a80 */  0x01,0x01,0x02,0x01,0x01,0x1e,0x08,0x00,0x00,0x10,0x00,0x00,0x00,0x04,0x00,0x00, /* ................ */
/*00006a90 */  0x01,0x01,0x02,0x01,0x01,0x1b,0x08,0x00,0x00,0x10,0x00,0x00,0x00,0x08,0x00,0x00, /* ................ */
/*00006aa0 */  0x01,0x01,0x02,0x01,0x01,0x1f,0x08,0x00,0x00,0x10,0x00,0x00,0x00,0x10,0x00,0x00, /* ................ */
/*00006ab0 */  0x01,0x01,0x02,0x01,0x01,0x25,0x08,0x00,0x00,0x10,0x00,0x00,0x00,0x15,0x00,0x00, /* .....%.......... */
/*00006ac0 */  0x01,0x01,0x02,0x01,0x01,0x1f,0x08,0x00,0x00,0x10,0x00,0x00,0x00,0x20,0x00,0x00, /* ............. .. */
/*00006ad0 */  0x01,0x01,0x02,0x01,0x01,0x1f,0x08,0x00,0x00,0x10,0x00,0x00,0x00,0x30,0x00,0x00, /* .............0.. */
/*00006ae0 */  0x01,0x01,0x02,0x01,0x01,0x28,0x08,0x00,0x00,0x14,0x00,0x00,0x40,0x0b,0x00,0x00, /* .....(......@... */
/*00006af0 */  0x01,0x01,0x02,0x01,0x01,0x21,0x08,0x00,0x00,0x14,0x00,0x00,0x00,0x14,0x00,0x00, /* .....!.......... */
/*00006b00 */  0x01,0x01,0x02,0x01,0x01,0x25,0x08,0x00,0x00,0x14,0x00,0x00,0x00,0x18,0x00,0x00, /* .....%.......... */
/*00006b10 */  0x01,0x01,0x02,0x01,0x01,0x40,0x08,0x00,0x00,0x14,0x00,0x00,0x00,0x44,0x00,0x00, /* .....@.......D.. */
/*00006b20 */  0x01,0x01,0x02,0x01,0x01,0x1f,0x08,0x00,0x00,0x14,0x00,0x00,0x00,0x46,0x00,0x00, /* .............F.. */
/*00006b30 */  0x01,0x01,0x02,0x01,0x01,0x21,0x08,0x00,0x00,0x15,0x00,0x00,0x00,0x10,0x00,0x00, /* .....!.......... */
/*00006b40 */  0x01,0x01,0x02,0x01,0x01,0x1d,0x08,0x00,0x00,0x18,0x00,0x00,0x00,0x14,0x00,0x00, /* ................ */
/*00006b50 */  0x01,0x01,0x02,0x01,0x01,0x22,0x08,0x00,0x00,0x20,0x00,0x00,0x00,0x08,0x00,0x00, /* ....."... ...... */
/*00006b60 */  0x01,0x01,0x02,0x01,0x01,0x1c,0x08,0x00,0x00,0x20,0x00,0x00,0x00,0x10,0x00,0x00, /* ......... ...... */
/*00006b70 */  0x01,0x01,0x02,0x01,0x01,0x2c,0x08,0x00,0x00,0x28,0x00,0x00,0x00,0x14,0x00,0x00, /* .....,...(...... */
/*00006b80 */  0x01,0x01,0x02,0x01,0x01,0x1c,0x08,0x00,0x00,0x30,0x00,0x00,0x00,0x10,0x00,0x00, /* .........0...... */
/*00006b90 */  0x01,0x01,0x02,0x01,0x01,0x22,0x08,0x00,0x00,0x30,0x00,0x00,0x00,0x14,0x00,0x00, /* ....."...0...... */
/*00006ba0 */  0x01,0x01,0x02,0x01,0x01,0x22,0x08,0x00,0x00,0x44,0x00,0x00,0x00,0x14,0x00,0x00, /* ....."...D...... */
/*00006bb0 */  0x01,0x01,0x02,0x01,0x01,0x1c,0x08,0x00,0x00,0x46,0x00,0x00,0x00,0x14,0x00,0x00, /* .........F...... */
/*00006bc0 */  0x01,0x01,0x02,0x01,0x01,0x22,0x08,0x00,0x80,0x48,0x00,0x00,0x00,0x10,0x00,0x00, /* ....."...H...... */
/*00006bd0 */  0x01,0x01,0x02,0x01,0x01,0x1a,0x10,0x00,0x01,0x00,0x00,0x00,0x00,0x08,0x00,0x00, /* ................ */
/*00006be0 */  0x01,0x01,0x02,0x01,0x01,0x59,0x10,0x00,0x20,0x00,0x00,0x00,0x00,0x08,0x00,0x00, /* .....Y.. ....... */
/*00006bf0 */  0x01,0x01,0x02,0x01,0x01,0x1a,0x10,0x00,0x20,0x00,0x00,0x00,0x40,0x0b,0x00,0x00, /* ........ ...@... */
/*00006c00 */  0x01,0x01,0x02,0x01,0x01,0x1a,0x10,0x00,0x20,0x00,0x00,0x00,0x00,0x10,0x00,0x00, /* ........ ....... */
/*00006c10 */  0x01,0x01,0x02,0x01,0x01,0x59,0x10,0x00,0x30,0x00,0x00,0x00,0x00,0x14,0x00,0x00, /* .....Y..0....... */
/*00006c20 */  0x01,0x01,0x02,0x01,0x01,0x46,0x10,0x00,0x00,0x01,0x00,0x00,0x00,0x08,0x00,0x00, /* .....F.......... */
/*00006c30 */  0x01,0x01,0x02,0x01,0x01,0x1b,0x10,0x00,0x00,0x01,0x00,0x00,0x00,0x10,0x00,0x00, /* ................ */
/*00006c40 */  0x01,0x01,0x02,0x01,0x01,0x25,0x10,0x00,0x00,0x02,0x00,0x00,0x00,0x08,0x00,0x00, /* .....%.......... */
/*00006c50 */  0x01,0x01,0x02,0x01,0x01,0x1f,0x10,0x00,0x00,0x04,0x00,0x00,0x80,0x0a,0x00,0x00, /* ................ */
/*00006c60 */  0x01,0x01,0x02,0x01,0x01,0x1c,0x10,0x00,0x00,0x04,0x00,0x00,0x00,0x10,0x00,0x00, /* ................ */
/*00006c70 */  0x01,0x01,0x02,0x01,0x01,0x20,0x10,0x00,0x00,0x04,0x00,0x00,0x00,0x14,0x00,0x00, /* ..... .......... */
/*00006c80 */  0x01,0x01,0x02,0x01,0x01,0x22,0x10,0x00,0x00,0x05,0x00,0x00,0x00,0x14,0x00,0x00, /* .....".......... */
/*00006c90 */  0x01,0x01,0x02,0x01,0x01,0x1b,0x10,0x00,0x00,0x08,0x00,0x00,0x00,0x02,0x00,0x00, /* ................ */
/*00006ca0 */  0x01,0x01,0x02,0x01,0x01,0x1b,0x10,0x00,0x00,0x08,0x00,0x00,0x00,0x10,0x00,0x00, /* ................ */
/*00006cb0 */  0x01,0x01,0x02,0x01,0x01,0x1f,0x10,0x00,0x80,0x0a,0x00,0x00,0x00,0x04,0x00,0x00, /* ................ */
/*00006cc0 */  0x01,0x01,0x02,0x01,0x01,0x25,0x10,0x00,0x40,0x0b,0x00,0x00,0x00,0x10,0x00,0x00, /* .....%..@....... */
/*00006cd0 */  0x01,0x01,0x02,0x01,0x01,0x20,0x10,0x00,0x00,0x10,0x00,0x00,0x00,0x04,0x00,0x00, /* ..... .......... */
/*00006ce0 */  0x01,0x01,0x02,0x01,0x01,0x1f,0x10,0x00,0x00,0x10,0x00,0x00,0x00,0x08,0x00,0x00, /* ................ */
/*00006cf0 */  0x01,0x01,0x02,0x01,0x01,0x25,0x10,0x00,0x00,0x10,0x00,0x00,0x00,0x10,0x00,0x00, /* .....%.......... */
/*00006d00 */  0x01,0x01,0x02,0x01,0x01,0x20,0x10,0x00,0x00,0x10,0x00,0x00,0x00,0x15,0x00,0x00, /* ..... .......... */
/*00006d10 */  0x01,0x01,0x02,0x01,0x01,0x1f,0x10,0x00,0x00,0x10,0x00,0x00,0x00,0x20,0x00,0x00, /* ............. .. */
/*00006d20 */  0x01,0x01,0x02,0x01,0x01,0x1b,0x10,0x00,0x00,0x10,0x00,0x00,0x00,0x30,0x00,0x00, /* .............0.. */
/*00006d30 */  0x01,0x01,0x02,0x01,0x01,0x1f,0x10,0x00,0x00,0x14,0x00,0x00,0x40,0x0b,0x00,0x00, /* ............@... */
/*00006d40 */  0x01,0x01,0x02,0x01,0x01,0x1f,0x10,0x00,0x00,0x14,0x00,0x00,0x00,0x14,0x00,0x00, /* ................ */
/*00006d50 */  0x01,0x01,0x02,0x01,0x01,0x25,0x10,0x00,0x00,0x14,0x00,0x00,0x00,0x18,0x00,0x00, /* .....%.......... */
/*00006d60 */  0x01,0x01,0x02,0x01,0x01,0x1f,0x10,0x00,0x00,0x14,0x00,0x00,0x00,0x44,0x00,0x00, /* .............D.. */
/*00006d70 */  0x01,0x01,0x02,0x01,0x01,0x1f,0x10,0x00,0x00,0x14,0x00,0x00,0x00,0x46,0x00,0x00, /* .............F.. */
/*00006d80 */  0x01,0x01,0x02,0x01,0x01,0x1d,0x10,0x00,0x00,0x15,0x00,0x00,0x00,0x10,0x00,0x00, /* ................ */
/*00006d90 */  0x01,0x01,0x02,0x01,0x01,0x1b,0x10,0x00,0x00,0x18,0x00,0x00,0x00,0x14,0x00,0x00, /* ................ */
/*00006da0 */  0x01,0x01,0x02,0x01,0x01,0x2c,0x10,0x00,0x00,0x20,0x00,0x00,0x00,0x08,0x00,0x00, /* .....,... ...... */
/*00006db0 */  0x01,0x01,0x02,0x01,0x01,0x22,0x10,0x00,0x00,0x20,0x00,0x00,0x00,0x10,0x00,0x00, /* ....."... ...... */
/*00006dc0 */  0x01,0x01,0x02,0x01,0x01,0x2c,0x10,0x00,0x00,0x28,0x00,0x00,0x00,0x14,0x00,0x00, /* .....,...(...... */
/*00006dd0 */  0x01,0x01,0x02,0x01,0x01,0x23,0x10,0x00,0x00,0x30,0x00,0x00,0x00,0x10,0x00,0x00, /* .....#...0...... */
/*00006de0 */  0x01,0x01,0x02,0x01,0x01,0x23,0x10,0x00,0x00,0x30,0x00,0x00,0x00,0x14,0x00,0x00, /* .....#...0...... */
/*00006df0 */  0x01,0x01,0x02,0x01,0x01,0x1c,0x10,0x00,0x00,0x44,0x00,0x00,0x00,0x14,0x00,0x00, /* .........D...... */
/*00006e00 */  0x01,0x01,0x02,0x01,0x01,0x1c,0x10,0x00,0x00,0x46,0x00,0x00,0x00,0x14,0x00,0x00, /* .........F...... */
/*00006e10 */  0x01,0x01,0x02,0x01,0x01,0x29,0x10,0x00,0x80,0x48,0x00,0x00,0x00,0x10,0x00,0x00, /* .....)...H...... */
/*00006e20 */  0x01,0x01,0x02,0x01,0x01,0x27,0x20,0x00,0x01,0x00,0x00,0x00,0x00,0x08,0x00,0x00, /* .....' ......... */
/*00006e30 */  0x01,0x01,0x02,0x01,0x01,0x59,0x20,0x00,0x20,0x00,0x00,0x00,0x00,0x08,0x00,0x00, /* .....Y . ....... */
/*00006e40 */  0x01,0x01,0x02,0x01,0x01,0x1a,0x20,0x00,0x20,0x00,0x00,0x00,0x40,0x0b,0x00,0x00, /* ...... . ...@... */
/*00006e50 */  0x01,0x01,0x02,0x01,0x01,0x59,0x20,0x00,0x20,0x00,0x00,0x00,0x00,0x10,0x00,0x00, /* .....Y . ....... */
/*00006e60 */  0x01,0x01,0x02,0x01,0x01,0x1a,0x20,0x00,0x30,0x00,0x00,0x00,0x00,0x14,0x00,0x00, /* ...... .0....... */
/*00006e70 */  0x01,0x01,0x02,0x01,0x01,0x45,0x20,0x00,0x00,0x01,0x00,0x00,0x00,0x08,0x00,0x00, /* .....E ......... */
/*00006e80 */  0x01,0x01,0x02,0x01,0x01,0x25,0x20,0x00,0x00,0x01,0x00,0x00,0x00,0x10,0x00,0x00, /* .....% ......... */
/*00006e90 */  0x01,0x01,0x02,0x01,0x01,0x1d,0x20,0x00,0x00,0x02,0x00,0x00,0x00,0x08,0x00,0x00, /* ...... ......... */
/*00006ea0 */  0x01,0x01,0x02,0x01,0x01,0x25,0x20,0x00,0x00,0x04,0x00,0x00,0x80,0x0a,0x00,0x00, /* .....% ......... */
/*00006eb0 */  0x01,0x01,0x02,0x01,0x01,0x46,0x20,0x00,0x00,0x04,0x00,0x00,0x00,0x10,0x00,0x00, /* .....F ......... */
/*00006ec0 */  0x01,0x01,0x02,0x01,0x01,0x22,0x20,0x00,0x00,0x04,0x00,0x00,0x00,0x14,0x00,0x00, /* ....." ......... */
/*00006ed0 */  0x01,0x01,0x02,0x01,0x01,0x21,0x20,0x00,0x00,0x05,0x00,0x00,0x00,0x14,0x00,0x00, /* .....! ......... */
/*00006ee0 */  0x01,0x01,0x02,0x01,0x01,0x1b,0x20,0x00,0x00,0x08,0x00,0x00,0x00,0x02,0x00,0x00, /* ...... ......... */
/*00006ef0 */  0x01,0x01,0x02,0x01,0x01,0x25,0x20,0x00,0x00,0x08,0x00,0x00,0x00,0x10,0x00,0x00, /* .....% ......... */
/*00006f00 */  0x01,0x01,0x02,0x01,0x01,0x1b,0x20,0x00,0x80,0x0a,0x00,0x00,0x00,0x04,0x00,0x00, /* ...... ......... */
/*00006f10 */  0x01,0x01,0x02,0x01,0x01,0x1f,0x20,0x00,0x40,0x0b,0x00,0x00,0x00,0x10,0x00,0x00, /* ...... .@....... */
/*00006f20 */  0x01,0x01,0x02,0x01,0x01,0x25,0x20,0x00,0x00,0x10,0x00,0x00,0x00,0x04,0x00,0x00, /* .....% ......... */
/*00006f30 */  0x01,0x01,0x02,0x01,0x01,0x1b,0x20,0x00,0x00,0x10,0x00,0x00,0x00,0x08,0x00,0x00, /* ...... ......... */
/*00006f40 */  0x01,0x01,0x02,0x01,0x01,0x1f,0x20,0x00,0x00,0x10,0x00,0x00,0x00,0x10,0x00,0x00, /* ...... ......... */
/*00006f50 */  0x01,0x01,0x02,0x01,0x01,0x1f,0x20,0x00,0x00,0x10,0x00,0x00,0x00,0x15,0x00,0x00, /* ...... ......... */
/*00006f60 */  0x01,0x01,0x02,0x01,0x01,0x1d,0x20,0x00,0x00,0x10,0x00,0x00,0x00,0x20,0x00,0x00, /* ...... ...... .. */
/*00006f70 */  0x01,0x01,0x02,0x01,0x01,0x1f,0x20,0x00,0x00,0x10,0x00,0x00,0x00,0x30,0x00,0x00, /* ...... ......0.. */
/*00006f80 */  0x01,0x01,0x02,0x01,0x01,0x1d,0x20,0x00,0x00,0x14,0x00,0x00,0x40,0x0b,0x00,0x00, /* ...... .....@... */
/*00006f90 */  0x01,0x01,0x02,0x01,0x01,0x1e,0x20,0x00,0x00,0x14,0x00,0x00,0x00,0x14,0x00,0x00, /* ...... ......... */
/*00006fa0 */  0x01,0x01,0x02,0x01,0x01,0x1b,0x20,0x00,0x00,0x14,0x00,0x00,0x00,0x18,0x00,0x00, /* ...... ......... */
/*00006fb0 */  0x01,0x01,0x02,0x01,0x01,0x1f,0x20,0x00,0x00,0x14,0x00,0x00,0x00,0x44,0x00,0x00, /* ...... ......D.. */
/*00006fc0 */  0x01,0x01,0x02,0x01,0x01,0x1b,0x20,0x00,0x00,0x14,0x00,0x00,0x00,0x46,0x00,0x00, /* ...... ......F.. */
/*00006fd0 */  0x01,0x01,0x02,0x01,0x01,0x1b,0x20,0x00,0x00,0x15,0x00,0x00,0x00,0x10,0x00,0x00, /* ...... ......... */
/*00006fe0 */  0x01,0x01,0x02,0x01,0x01,0x1d,0x20,0x00,0x00,0x18,0x00,0x00,0x00,0x14,0x00,0x00, /* ...... ......... */
/*00006ff0 */  0x01,0x01,0x02,0x01,0x01,0x40,0x20,0x00,0x00,0x20,0x00,0x00,0x00,0x08,0x00,0x00, /* .....@ .. ...... */
/*00007000 */  0x01,0x01,0x02,0x01,0x01,0x5a,0x20,0x00,0x00,0x20,0x00,0x00,0x00,0x10,0x00,0x00, /* .....Z .. ...... */
/*00007010 */  0x01,0x01,0x02,0x01,0x01,0x40,0x20,0x00,0x00,0x28,0x00,0x00,0x00,0x14,0x00,0x00, /* .....@ ..(...... */
/*00007020 */  0x01,0x01,0x02,0x01,0x01,0x5a,0x20,0x00,0x00,0x30,0x00,0x00,0x00,0x10,0x00,0x00, /* .....Z ..0...... */
/*00007030 */  0x01,0x01,0x02,0x01,0x01,0x22,0x20,0x00,0x00,0x30,0x00,0x00,0x00,0x14,0x00,0x00, /* ....." ..0...... */
/*00007040 */  0x01,0x01,0x02,0x01,0x01,0x1c,0x20,0x00,0x00,0x44,0x00,0x00,0x00,0x14,0x00,0x00, /* ...... ..D...... */
/*00007050 */  0x01,0x01,0x02,0x01,0x01,0x1c,0x20,0x00,0x00,0x46,0x00,0x00,0x00,0x14,0x00,0x00, /* ...... ..F...... */
/*00007060 */  0x01,0x01,0x02,0x01,0x01,0x1c,0x20,0x00,0x80,0x48,0x00,0x00,0x00,0x10,0x00,0x00, /* ...... ..H...... */
/*00007070 */  0x01,0x01,0x02,0x01,0x01,0x27,0x40,0x00,0x01,0x00,0x00,0x00,0x00,0x08,0x00,0x00, /* .....'@......... */
/*00007080 */  0x01,0x01,0x02,0x01,0x01,0x59,0x40,0x00,0x20,0x00,0x00,0x00,0x00,0x08,0x00,0x00, /* .....Y@. ....... */
/*00007090 */  0x01,0x01,0x02,0x01,0x01,0x1a,0x40,0x00,0x20,0x00,0x00,0x00,0x40,0x0b,0x00,0x00, /* ......@. ...@... */
/*000070a0 */  0x01,0x01,0x02,0x01,0x01,0x1a,0x40,0x00,0x20,0x00,0x00,0x00,0x00,0x10,0x00,0x00, /* ......@. ....... */
/*000070b0 */  0x01,0x01,0x02,0x01,0x01,0x59,0x40,0x00,0x30,0x00,0x00,0x00,0x00,0x14,0x00,0x00, /* .....Y@.0....... */
/*000070c0 */  0x01,0x01,0x02,0x01,0x01,0x45,0x40,0x00,0x00,0x01,0x00,0x00,0x00,0x08,0x00,0x00, /* .....E@......... */
/*000070d0 */  0x01,0x01,0x02,0x01,0x01,0x1f,0x40,0x00,0x00,0x01,0x00,0x00,0x00,0x10,0x00,0x00, /* ......@......... */
/*000070e0 */  0x01,0x01,0x02,0x01,0x01,0x1d,0x40,0x00,0x00,0x02,0x00,0x00,0x00,0x08,0x00,0x00, /* ......@......... */
/*000070f0 */  0x01,0x01,0x02,0x01,0x01,0x1b,0x40,0x00,0x00,0x04,0x00,0x00,0x80,0x0a,0x00,0x00, /* ......@......... */
/*00007100 */  0x01,0x01,0x02,0x01,0x01,0x1d,0x40,0x00,0x00,0x04,0x00,0x00,0x00,0x10,0x00,0x00, /* ......@......... */
/*00007110 */  0x01,0x01,0x02,0x01,0x01,0x1d,0x40,0x00,0x00,0x04,0x00,0x00,0x00,0x14,0x00,0x00, /* ......@......... */
/*00007120 */  0x01,0x01,0x02,0x01,0x01,0x28,0x40,0x00,0x00,0x05,0x00,0x00,0x00,0x14,0x00,0x00, /* .....(@......... */
/*00007130 */  0x01,0x01,0x02,0x01,0x01,0x25,0x40,0x00,0x00,0x08,0x00,0x00,0x00,0x02,0x00,0x00, /* .....%@......... */
/*00007140 */  0x01,0x01,0x02,0x01,0x01,0x25,0x40,0x00,0x00,0x08,0x00,0x00,0x00,0x10,0x00,0x00, /* .....%@......... */
/*00007150 */  0x01,0x01,0x02,0x01,0x01,0x1f,0x40,0x00,0x80,0x0a,0x00,0x00,0x00,0x04,0x00,0x00, /* ......@......... */
/*00007160 */  0x01,0x01,0x02,0x01,0x01,0x25,0x40,0x00,0x40,0x0b,0x00,0x00,0x00,0x10,0x00,0x00, /* .....%@.@....... */
/*00007170 */  0x01,0x01,0x02,0x01,0x01,0x25,0x40,0x00,0x00,0x10,0x00,0x00,0x00,0x04,0x00,0x00, /* .....%@......... */
/*00007180 */  0x01,0x01,0x02,0x01,0x01,0x25,0x40,0x00,0x00,0x10,0x00,0x00,0x00,0x08,0x00,0x00, /* .....%@......... */
/*00007190 */  0x01,0x01,0x02,0x01,0x01,0x1b,0x40,0x00,0x00,0x10,0x00,0x00,0x00,0x10,0x00,0x00, /* ......@......... */
/*000071a0 */  0x01,0x01,0x02,0x01,0x01,0x25,0x40,0x00,0x00,0x10,0x00,0x00,0x00,0x15,0x00,0x00, /* .....%@......... */
/*000071b0 */  0x01,0x01,0x02,0x01,0x01,0x1b,0x40,0x00,0x00,0x10,0x00,0x00,0x00,0x20,0x00,0x00, /* ......@...... .. */
/*000071c0 */  0x01,0x01,0x02,0x01,0x01,0x1b,0x40,0x00,0x00,0x10,0x00,0x00,0x00,0x30,0x00,0x00, /* ......@......0.. */
/*000071d0 */  0x01,0x01,0x02,0x01,0x01,0x21,0x40,0x00,0x00,0x14,0x00,0x00,0x40,0x0b,0x00,0x00, /* .....!@.....@... */
/*000071e0 */  0x01,0x01,0x02,0x01,0x01,0x1f,0x40,0x00,0x00,0x14,0x00,0x00,0x00,0x14,0x00,0x00, /* ......@......... */
/*000071f0 */  0x01,0x01,0x02,0x01,0x01,0x20,0x40,0x00,0x00,0x14,0x00,0x00,0x00,0x18,0x00,0x00, /* ..... @......... */
/*00007200 */  0x01,0x01,0x02,0x01,0x01,0x1b,0x40,0x00,0x00,0x14,0x00,0x00,0x00,0x44,0x00,0x00, /* ......@......D.. */
/*00007210 */  0x01,0x01,0x02,0x01,0x01,0x25,0x40,0x00,0x00,0x14,0x00,0x00,0x00,0x46,0x00,0x00, /* .....%@......F.. */
/*00007220 */  0x01,0x01,0x02,0x01,0x01,0x1d,0x40,0x00,0x00,0x15,0x00,0x00,0x00,0x10,0x00,0x00, /* ......@......... */
/*00007230 */  0x01,0x01,0x02,0x01,0x01,0x28,0x40,0x00,0x00,0x18,0x00,0x00,0x00,0x14,0x00,0x00, /* .....(@......... */
/*00007240 */  0x01,0x01,0x02,0x01,0x01,0x4b,0x40,0x00,0x00,0x20,0x00,0x00,0x00,0x08,0x00,0x00, /* .....K@.. ...... */
/*00007250 */  0x01,0x01,0x02,0x01,0x01,0x1c,0x40,0x00,0x00,0x20,0x00,0x00,0x00,0x10,0x00,0x00, /* ......@.. ...... */
/*00007260 */  0x01,0x01,0x02,0x01,0x01,0x2c,0x40,0x00,0x00,0x28,0x00,0x00,0x00,0x14,0x00,0x00, /* .....,@..(...... */
/*00007270 */  0x01,0x01,0x02,0x01,0x01,0x1c,0x40,0x00,0x00,0x30,0x00,0x00,0x00,0x10,0x00,0x00, /* ......@..0...... */
/*00007280 */  0x01,0x01,0x02,0x01,0x01,0x1c,0x40,0x00,0x00,0x30,0x00,0x00,0x00,0x14,0x00,0x00, /* ......@..0...... */
/*00007290 */  0x01,0x01,0x02,0x01,0x01,0x1c,0x40,0x00,0x00,0x44,0x00,0x00,0x00,0x14,0x00,0x00, /* ......@..D...... */
/*000072a0 */  0x01,0x01,0x02,0x01,0x01,0x1c,0x40,0x00,0x00,0x46,0x00,0x00,0x00,0x14,0x00,0x00, /* ......@..F...... */
/*000072b0 */  0x01,0x01,0x02,0x01,0x01,0x22,0x40,0x00,0x80,0x48,0x00,0x00,0x00,0x10,0x00,0x00, /* ....."@..H...... */
/*000072c0 */  0x01,0x01,0x02,0x01,0x01,0x1a,0x80,0x00,0x01,0x00,0x00,0x00,0x00,0x08,0x00,0x00, /* ................ */
/*000072d0 */  0x01,0x01,0x02,0x01,0x01,0x27,0x80,0x00,0x20,0x00,0x00,0x00,0x00,0x08,0x00,0x00, /* .....'.. ....... */
/*000072e0 */  0x01,0x01,0x02,0x01,0x01,0x59,0x80,0x00,0x20,0x00,0x00,0x00,0x40,0x0b,0x00,0x00, /* .....Y.. ...@... */
/*000072f0 */  0x01,0x01,0x02,0x01,0x01,0x59,0x80,0x00,0x20,0x00,0x00,0x00,0x00,0x10,0x00,0x00, /* .....Y.. ....... */
/*00007300 */  0x01,0x01,0x02,0x01,0x01,0x59,0x80,0x00,0x30,0x00,0x00,0x00,0x00,0x14,0x00,0x00, /* .....Y..0....... */
/*00007310 */  0x01,0x01,0x02,0x01,0x01,0x44,0x80,0x00,0x00,0x01,0x00,0x00,0x00,0x08,0x00,0x00, /* .....D.......... */
/*00007320 */  0x01,0x01,0x02,0x01,0x01,0x49,0x80,0x00,0x00,0x01,0x00,0x00,0x00,0x10,0x00,0x00, /* .....I.......... */
/*00007330 */  0x01,0x01,0x02,0x01,0x01,0x1b,0x80,0x00,0x00,0x02,0x00,0x00,0x00,0x08,0x00,0x00, /* ................ */
/*00007340 */  0x01,0x01,0x02,0x01,0x01,0x1b,0x80,0x00,0x00,0x04,0x00,0x00,0x80,0x0a,0x00,0x00, /* ................ */
/*00007350 */  0x01,0x01,0x02,0x01,0x01,0x25,0x80,0x00,0x00,0x04,0x00,0x00,0x00,0x10,0x00,0x00, /* .....%.......... */
/*00007360 */  0x01,0x01,0x02,0x01,0x01,0x1d,0x80,0x00,0x00,0x04,0x00,0x00,0x00,0x14,0x00,0x00, /* ................ */
/*00007370 */  0x01,0x01,0x02,0x01,0x01,0x25,0x80,0x00,0x00,0x05,0x00,0x00,0x00,0x14,0x00,0x00, /* .....%.......... */
/*00007380 */  0x01,0x01,0x02,0x01,0x01,0x2b,0x80,0x00,0x00,0x08,0x00,0x00,0x00,0x02,0x00,0x00, /* .....+.......... */
/*00007390 */  0x01,0x01,0x02,0x01,0x01,0x1c,0x80,0x00,0x00,0x08,0x00,0x00,0x00,0x10,0x00,0x00, /* ................ */
/*000073a0 */  0x01,0x01,0x02,0x01,0x01,0x1f,0x80,0x00,0x80,0x0a,0x00,0x00,0x00,0x04,0x00,0x00, /* ................ */
/*000073b0 */  0x01,0x01,0x02,0x01,0x01,0x29,0x80,0x00,0x40,0x0b,0x00,0x00,0x00,0x10,0x00,0x00, /* .....)..@....... */
/*000073c0 */  0x01,0x01,0x02,0x01,0x01,0x1b,0x80,0x00,0x00,0x10,0x00,0x00,0x00,0x04,0x00,0x00, /* ................ */
/*000073d0 */  0x01,0x01,0x02,0x01,0x01,0x2f,0x80,0x00,0x00,0x10,0x00,0x00,0x00,0x08,0x00,0x00, /* ................ */
/*000073e0 */  0x01,0x01,0x02,0x01,0x01,0x2f,0x80,0x00,0x00,0x10,0x00,0x00,0x00,0x10,0x00,0x00, /* ................ */
/*000073f0 */  0x01,0x01,0x02,0x01,0x01,0x1b,0x80,0x00,0x00,0x10,0x00,0x00,0x00,0x15,0x00,0x00, /* ................ */
/*00007400 */  0x01,0x01,0x02,0x01,0x01,0x35,0x80,0x00,0x00,0x10,0x00,0x00,0x00,0x20,0x00,0x00, /* .....5....... .. */
/*00007410 */  0x01,0x01,0x02,0x01,0x01,0x1c,0x80,0x00,0x00,0x10,0x00,0x00,0x00,0x30,0x00,0x00, /* .............0.. */
/*00007420 */  0x01,0x01,0x02,0x01,0x01,0x37,0x80,0x00,0x00,0x14,0x00,0x00,0x40,0x0b,0x00,0x00, /* .....7......@... */
/*00007430 */  0x01,0x01,0x02,0x01,0x01,0x23,0x80,0x00,0x00,0x14,0x00,0x00,0x00,0x14,0x00,0x00, /* .....#.......... */
/*00007440 */  0x01,0x01,0x02,0x01,0x01,0x30,0x80,0x00,0x00,0x14,0x00,0x00,0x00,0x18,0x00,0x00, /* .....0.......... */
/*00007450 */  0x01,0x01,0x02,0x01,0x01,0x2a,0x80,0x00,0x00,0x14,0x00,0x00,0x00,0x44,0x00,0x00, /* .............D.. */
/*00007460 */  0x01,0x01,0x02,0x01,0x01,0x2a,0x80,0x00,0x00,0x14,0x00,0x00,0x00,0x46,0x00,0x00, /* .............F.. */
/*00007470 */  0x01,0x01,0x02,0x01,0x01,0x2f,0x80,0x00,0x00,0x15,0x00,0x00,0x00,0x10,0x00,0x00, /* ................ */
/*00007480 */  0x01,0x01,0x02,0x01,0x01,0x2d,0x80,0x00,0x00,0x18,0x00,0x00,0x00,0x14,0x00,0x00, /* .....-.......... */
/*00007490 */  0x01,0x01,0x02,0x01,0x01,0x58,0x80,0x00,0x00,0x20,0x00,0x00,0x00,0x08,0x00,0x00, /* .....X... ...... */
/*000074a0 */  0x01,0x01,0x02,0x01,0x01,0x22,0x80,0x00,0x00,0x20,0x00,0x00,0x00,0x10,0x00,0x00, /* ....."... ...... */
/*000074b0 */  0x01,0x01,0x02,0x01,0x01,0x23,0x80,0x00,0x00,0x28,0x00,0x00,0x00,0x14,0x00,0x00, /* .....#...(...... */
/*000074c0 */  0x01,0x01,0x02,0x01,0x01,0x29,0x80,0x00,0x00,0x30,0x00,0x00,0x00,0x10,0x00,0x00, /* .....)...0...... */
/*000074d0 */  0x01,0x01,0x02,0x01,0x01,0x1c,0x80,0x00,0x00,0x30,0x00,0x00,0x00,0x14,0x00,0x00, /* .........0...... */
/*000074e0 */  0x01,0x01,0x02,0x01,0x01,0x22,0x80,0x00,0x00,0x44,0x00,0x00,0x00,0x14,0x00,0x00, /* ....."...D...... */
/*000074f0 */  0x01,0x01,0x02,0x01,0x01,0x1c,0x80,0x00,0x00,0x46,0x00,0x00,0x00,0x14,0x00,0x00, /* .........F...... */
/*00007500 */  0x01,0x01,0x02,0x01,0x01,0x22,0x80,0x00,0x80,0x48,0x00,0x00,0x00,0x10,0x00,0x00, /* ....."...H...... */
/*00007510 */  0x01,0x01,0x02,0x01,0x01,0x59,0x00,0x01,0x01,0x00,0x00,0x00,0x00,0x08,0x00,0x00, /* .....Y.......... */
/*00007520 */  0x01,0x01,0x02,0x01,0x01,0x1a,0x00,0x01,0x20,0x00,0x00,0x00,0x00,0x08,0x00,0x00, /* ........ ....... */
/*00007530 */  0x01,0x01,0x02,0x01,0x01,0x1a,0x00,0x01,0x20,0x00,0x00,0x00,0x40,0x0b,0x00,0x00, /* ........ ...@... */
/*00007540 */  0x01,0x01,0x02,0x01,0x01,0x1a,0x00,0x01,0x20,0x00,0x00,0x00,0x00,0x10,0x00,0x00, /* ........ ....... */
/*00007550 */  0x01,0x01,0x02,0x01,0x01,0x1a,0x00,0x01,0x30,0x00,0x00,0x00,0x00,0x14,0x00,0x00, /* ........0....... */
/*00007560 */  0x01,0x01,0x02,0x01,0x01,0x25,0x00,0x01,0x00,0x01,0x00,0x00,0x00,0x08,0x00,0x00, /* .....%.......... */
/*00007570 */  0x01,0x01,0x02,0x01,0x01,0x46,0x00,0x01,0x00,0x01,0x00,0x00,0x00,0x10,0x00,0x00, /* .....F.......... */
/*00007580 */  0x01,0x01,0x02,0x01,0x01,0x1d,0x00,0x01,0x00,0x02,0x00,0x00,0x00,0x08,0x00,0x00, /* ................ */
/*00007590 */  0x01,0x01,0x02,0x01,0x01,0x29,0x00,0x01,0x00,0x04,0x00,0x00,0x80,0x0a,0x00,0x00, /* .....).......... */
/*000075a0 */  0x01,0x01,0x02,0x01,0x01,0x1c,0x00,0x01,0x00,0x04,0x00,0x00,0x00,0x10,0x00,0x00, /* ................ */
/*000075b0 */  0x01,0x01,0x02,0x01,0x01,0x40,0x00,0x01,0x00,0x04,0x00,0x00,0x00,0x14,0x00,0x00, /* .....@.......... */
/*000075c0 */  0x01,0x01,0x02,0x01,0x01,0x23,0x00,0x01,0x00,0x05,0x00,0x00,0x00,0x14,0x00,0x00, /* .....#.......... */
/*000075d0 */  0x01,0x01,0x02,0x01,0x01,0x1b,0x00,0x01,0x00,0x08,0x00,0x00,0x00,0x02,0x00,0x00, /* ................ */
/*000075e0 */  0x01,0x01,0x02,0x01,0x01,0x2f,0x00,0x01,0x00,0x08,0x00,0x00,0x00,0x10,0x00,0x00, /* ................ */
/*000075f0 */  0x01,0x01,0x02,0x01,0x01,0x2b,0x00,0x01,0x80,0x0a,0x00,0x00,0x00,0x04,0x00,0x00, /* .....+.......... */
/*00007600 */  0x01,0x01,0x02,0x01,0x01,0x4f,0x00,0x01,0x40,0x0b,0x00,0x00,0x00,0x10,0x00,0x00, /* .....O..@....... */
/*00007610 */  0x01,0x01,0x02,0x01,0x01,0x3e,0x00,0x01,0x00,0x10,0x00,0x00,0x00,0x04,0x00,0x00, /* .....>.......... */
/*00007620 */  0x01,0x01,0x02,0x01,0x01,0x32,0x00,0x01,0x00,0x10,0x00,0x00,0x00,0x08,0x00,0x00, /* .....2.......... */
/*00007630 */  0x01,0x01,0x02,0x01,0x01,0x34,0x00,0x01,0x00,0x10,0x00,0x00,0x00,0x10,0x00,0x00, /* .....4.......... */
/*00007640 */  0x01,0x01,0x02,0x01,0x01,0x3f,0x00,0x01,0x00,0x10,0x00,0x00,0x00,0x15,0x00,0x00, /* .....?.......... */
/*00007650 */  0x01,0x01,0x02,0x01,0x01,0x33,0x00,0x01,0x00,0x10,0x00,0x00,0x00,0x20,0x00,0x00, /* .....3....... .. */
/*00007660 */  0x01,0x01,0x02,0x01,0x01,0x33,0x00,0x01,0x00,0x10,0x00,0x00,0x00,0x30,0x00,0x00, /* .....3.......0.. */
/*00007670 */  0x01,0x01,0x02,0x01,0x01,0x36,0x00,0x01,0x00,0x14,0x00,0x00,0x40,0x0b,0x00,0x00, /* .....6......@... */
/*00007680 */  0x01,0x01,0x02,0x01,0x01,0x33,0x00,0x01,0x00,0x14,0x00,0x00,0x00,0x14,0x00,0x00, /* .....3.......... */
/*00007690 */  0x01,0x01,0x02,0x01,0x01,0x34,0x00,0x01,0x00,0x14,0x00,0x00,0x00,0x18,0x00,0x00, /* .....4.......... */
/*000076a0 */  0x01,0x01,0x02,0x01,0x01,0x2e,0x00,0x01,0x00,0x14,0x00,0x00,0x00,0x44,0x00,0x00, /* .............D.. */
/*000076b0 */  0x01,0x01,0x02,0x01,0x01,0x41,0x00,0x01,0x00,0x14,0x00,0x00,0x00,0x46,0x00,0x00, /* .....A.......F.. */
/*000076c0 */  0x01,0x01,0x02,0x01,0x01,0x1c,0x00,0x01,0x00,0x15,0x00,0x00,0x00,0x10,0x00,0x00, /* ................ */
/*000076d0 */  0x01,0x01,0x02,0x01,0x01,0x2f,0x00,0x01,0x00,0x18,0x00,0x00,0x00,0x14,0x00,0x00, /* ................ */
/*000076e0 */  0x01,0x01,0x02,0x01,0x01,0x3e,0x00,0x01,0x00,0x20,0x00,0x00,0x00,0x08,0x00,0x00, /* .....>... ...... */
/*000076f0 */  0x01,0x01,0x02,0x01,0x01,0x1c,0x00,0x01,0x00,0x20,0x00,0x00,0x00,0x10,0x00,0x00, /* ......... ...... */
/*00007700 */  0x01,0x01,0x02,0x01,0x01,0x3f,0x00,0x01,0x00,0x28,0x00,0x00,0x00,0x14,0x00,0x00, /* .....?...(...... */
/*00007710 */  0x01,0x01,0x02,0x01,0x01,0x1c,0x00,0x01,0x00,0x30,0x00,0x00,0x00,0x10,0x00,0x00, /* .........0...... */
/*00007720 */  0x01,0x01,0x02,0x01,0x01,0x24,0x00,0x01,0x00,0x30,0x00,0x00,0x00,0x14,0x00,0x00, /* .....$...0...... */
/*00007730 */  0x01,0x01,0x02,0x01,0x01,0x2a,0x00,0x01,0x00,0x44,0x00,0x00,0x00,0x14,0x00,0x00, /* .........D...... */
/*00007740 */  0x01,0x01,0x02,0x01,0x01,0x2d,0x00,0x01,0x00,0x46,0x00,0x00,0x00,0x14,0x00,0x00, /* .....-...F...... */
/*00007750 */  0x01,0x01,0x02,0x01,0x01,0x1c,0x00,0x01,0x80,0x48,0x00,0x00,0x00,0x10,0x00,0x00, /* .........H...... */
/*00007760 */  0x01,0x01,0x02,0x01,0x01,0x5b,0x00,0x02,0x01,0x00,0x00,0x00,0x00,0x08,0x00,0x00, /* .....[.......... */
/*00007770 */  0x01,0x01,0x02,0x01,0x01,0x59,0x00,0x02,0x20,0x00,0x00,0x00,0x00,0x08,0x00,0x00, /* .....Y.. ....... */
/*00007780 */  0x01,0x01,0x02,0x01,0x01,0x59,0x00,0x02,0x20,0x00,0x00,0x00,0x40,0x0b,0x00,0x00, /* .....Y.. ...@... */
/*00007790 */  0x01,0x01,0x02,0x01,0x01,0x59,0x00,0x02,0x20,0x00,0x00,0x00,0x00,0x10,0x00,0x00, /* .....Y.. ....... */
/*000077a0 */  0x01,0x01,0x02,0x01,0x01,0x59,0x00,0x02,0x30,0x00,0x00,0x00,0x00,0x14,0x00,0x00, /* .....Y..0....... */
/*000077b0 */  0x01,0x01,0x02,0x01,0x01,0x1d,0x00,0x02,0x00,0x01,0x00,0x00,0x00,0x08,0x00,0x00, /* ................ */
/*000077c0 */  0x01,0x01,0x02,0x01,0x01,0x1b,0x00,0x02,0x00,0x01,0x00,0x00,0x00,0x10,0x00,0x00, /* ................ */
/*000077d0 */  0x01,0x01,0x02,0x01,0x01,0x1c,0x00,0x02,0x00,0x02,0x00,0x00,0x00,0x08,0x00,0x00, /* ................ */
/*000077e0 */  0x01,0x01,0x02,0x01,0x01,0x1d,0x00,0x02,0x00,0x04,0x00,0x00,0x80,0x0a,0x00,0x00, /* ................ */
/*000077f0 */  0x01,0x01,0x02,0x01,0x01,0x2f,0x00,0x02,0x00,0x04,0x00,0x00,0x00,0x10,0x00,0x00, /* ................ */
/*00007800 */  0x01,0x01,0x02,0x01,0x01,0x2a,0x00,0x02,0x00,0x04,0x00,0x00,0x00,0x14,0x00,0x00, /* ................ */
/*00007810 */  0x01,0x01,0x02,0x01,0x01,0x2f,0x00,0x02,0x00,0x05,0x00,0x00,0x00,0x14,0x00,0x00, /* ................ */
/*00007820 */  0x01,0x01,0x02,0x01,0x01,0x20,0x00,0x02,0x00,0x08,0x00,0x00,0x00,0x02,0x00,0x00, /* ..... .......... */
/*00007830 */  0x01,0x01,0x02,0x01,0x01,0x34,0x00,0x02,0x00,0x08,0x00,0x00,0x00,0x10,0x00,0x00, /* .....4.......... */
/*00007840 */  0x01,0x01,0x02,0x01,0x01,0x2b,0x00,0x02,0x80,0x0a,0x00,0x00,0x00,0x04,0x00,0x00, /* .....+.......... */
/*00007850 */  0x01,0x01,0x02,0x01,0x01,0x4f,0x00,0x02,0x40,0x0b,0x00,0x00,0x00,0x10,0x00,0x00, /* .....O..@....... */
/*00007860 */  0x01,0x01,0x02,0x01,0x01,0x26,0x00,0x02,0x00,0x10,0x00,0x00,0x00,0x04,0x00,0x00, /* .....&.......... */
/*00007870 */  0x01,0x01,0x02,0x01,0x01,0x4e,0x00,0x02,0x00,0x10,0x00,0x00,0x00,0x08,0x00,0x00, /* .....N.......... */
/*00007880 */  0x01,0x01,0x02,0x01,0x01,0x1c,0x00,0x02,0x00,0x10,0x00,0x00,0x00,0x10,0x00,0x00, /* ................ */
/*00007890 */  0x01,0x01,0x02,0x01,0x01,0x37,0x00,0x02,0x00,0x10,0x00,0x00,0x00,0x15,0x00,0x00, /* .....7.......... */
/*000078a0 */  0x01,0x01,0x02,0x01,0x01,0x1c,0x00,0x02,0x00,0x10,0x00,0x00,0x00,0x20,0x00,0x00, /* ............. .. */
/*000078b0 */  0x01,0x01,0x02,0x01,0x01,0x33,0x00,0x02,0x00,0x10,0x00,0x00,0x00,0x30,0x00,0x00, /* .....3.......0.. */
/*000078c0 */  0x01,0x01,0x02,0x01,0x01,0x3f,0x00,0x02,0x00,0x14,0x00,0x00,0x40,0x0b,0x00,0x00, /* .....?......@... */
/*000078d0 */  0x01,0x01,0x02,0x01,0x01,0x2e,0x00,0x02,0x00,0x14,0x00,0x00,0x00,0x14,0x00,0x00, /* ................ */
/*000078e0 */  0x01,0x01,0x02,0x01,0x01,0x1c,0x00,0x02,0x00,0x14,0x00,0x00,0x00,0x18,0x00,0x00, /* ................ */
/*000078f0 */  0x01,0x01,0x02,0x01,0x01,0x34,0x00,0x02,0x00,0x14,0x00,0x00,0x00,0x44,0x00,0x00, /* .....4.......D.. */
/*00007900 */  0x01,0x01,0x02,0x01,0x01,0x41,0x00,0x02,0x00,0x14,0x00,0x00,0x00,0x46,0x00,0x00, /* .....A.......F.. */
/*00007910 */  0x01,0x01,0x02,0x01,0x01,0x1c,0x00,0x02,0x00,0x15,0x00,0x00,0x00,0x10,0x00,0x00, /* ................ */
/*00007920 */  0x01,0x01,0x02,0x01,0x01,0x37,0x00,0x02,0x00,0x18,0x00,0x00,0x00,0x14,0x00,0x00, /* .....7.......... */
/*00007930 */  0x01,0x01,0x02,0x01,0x01,0x34,0x00,0x02,0x00,0x20,0x00,0x00,0x00,0x08,0x00,0x00, /* .....4... ...... */
/*00007940 */  0x01,0x01,0x02,0x01,0x01,0x1c,0x00,0x02,0x00,0x20,0x00,0x00,0x00,0x10,0x00,0x00, /* ......... ...... */
/*00007950 */  0x01,0x01,0x02,0x01,0x01,0x41,0x00,0x02,0x00,0x28,0x00,0x00,0x00,0x14,0x00,0x00, /* .....A...(...... */
/*00007960 */  0x01,0x01,0x02,0x01,0x01,0x1c,0x00,0x02,0x00,0x30,0x00,0x00,0x00,0x10,0x00,0x00, /* .........0...... */
/*00007970 */  0x01,0x01,0x02,0x01,0x01,0x41,0x00,0x02,0x00,0x30,0x00,0x00,0x00,0x14,0x00,0x00, /* .....A...0...... */
/*00007980 */  0x01,0x01,0x02,0x01,0x01,0x34,0x00,0x02,0x00,0x44,0x00,0x00,0x00,0x14,0x00,0x00, /* .....4...D...... */
/*00007990 */  0x01,0x01,0x02,0x01,0x01,0x34,0x00,0x02,0x00,0x46,0x00,0x00,0x00,0x14,0x00,0x00, /* .....4...F...... */
/*000079a0 */  0x01,0x01,0x02,0x01,0x01,0x2a,0x00,0x02,0x80,0x48,0x00,0x00,0x00,0x10,0x00,0x00, /* .........H...... */
/*000079b0 */  0x01,0x01,0x02,0x01,0x01,0x27,0x00,0x04,0x01,0x00,0x00,0x00,0x00,0x08,0x00,0x00, /* .....'.......... */
/*000079c0 */  0x01,0x01,0x02,0x01,0x01,0x1a,0x00,0x04,0x20,0x00,0x00,0x00,0x00,0x08,0x00,0x00, /* ........ ....... */
/*000079d0 */  0x01,0x01,0x02,0x01,0x01,0x1a,0x00,0x04,0x20,0x00,0x00,0x00,0x40,0x0b,0x00,0x00, /* ........ ...@... */
/*000079e0 */  0x01,0x01,0x02,0x01,0x01,0x59,0x00,0x04,0x20,0x00,0x00,0x00,0x00,0x10,0x00,0x00, /* .....Y.. ....... */
/*000079f0 */  0x01,0x01,0x02,0x01,0x01,0x27,0x00,0x04,0x30,0x00,0x00,0x00,0x00,0x14,0x00,0x00, /* .....'..0....... */
/*00007a00 */  0x01,0x01,0x02,0x01,0x01,0x22,0x00,0x04,0x00,0x01,0x00,0x00,0x00,0x08,0x00,0x00, /* .....".......... */
/*00007a10 */  0x01,0x01,0x02,0x01,0x01,0x21,0x00,0x04,0x00,0x01,0x00,0x00,0x00,0x10,0x00,0x00, /* .....!.......... */
/*00007a20 */  0x01,0x01,0x02,0x01,0x01,0x2b,0x00,0x04,0x00,0x02,0x00,0x00,0x00,0x08,0x00,0x00, /* .....+.......... */
/*00007a30 */  0x01,0x01,0x02,0x01,0x01,0x4c,0x00,0x04,0x00,0x04,0x00,0x00,0x80,0x0a,0x00,0x00, /* .....L.......... */
/*00007a40 */  0x01,0x01,0x02,0x01,0x01,0x41,0x00,0x04,0x00,0x04,0x00,0x00,0x00,0x10,0x00,0x00, /* .....A.......... */
/*00007a50 */  0x01,0x01,0x02,0x01,0x01,0x41,0x00,0x04,0x00,0x04,0x00,0x00,0x00,0x14,0x00,0x00, /* .....A.......... */
/*00007a60 */  0x01,0x01,0x02,0x01,0x01,0x32,0x00,0x04,0x00,0x05,0x00,0x00,0x00,0x14,0x00,0x00, /* .....2.......... */
/*00007a70 */  0x01,0x01,0x02,0x01,0x01,0x24,0x00,0x04,0x00,0x08,0x00,0x00,0x00,0x02,0x00,0x00, /* .....$.......... */
/*00007a80 */  0x01,0x01,0x02,0x01,0x01,0x39,0x00,0x04,0x00,0x08,0x00,0x00,0x00,0x10,0x00,0x00, /* .....9.......... */
/*00007a90 */  0x01,0x01,0x02,0x01,0x01,0x2b,0x00,0x04,0x80,0x0a,0x00,0x00,0x00,0x04,0x00,0x00, /* .....+.......... */
/*00007aa0 */  0x01,0x01,0x02,0x01,0x01,0x22,0x00,0x04,0x40,0x0b,0x00,0x00,0x00,0x10,0x00,0x00, /* ....."..@....... */
/*00007ab0 */  0x01,0x01,0x02,0x01,0x01,0x26,0x00,0x04,0x00,0x10,0x00,0x00,0x00,0x04,0x00,0x00, /* .....&.......... */
/*00007ac0 */  0x01,0x01,0x02,0x01,0x01,0x3c,0x00,0x04,0x00,0x10,0x00,0x00,0x00,0x08,0x00,0x00, /* .....<.......... */
/*00007ad0 */  0x01,0x01,0x02,0x01,0x01,0x2a,0x00,0x04,0x00,0x10,0x00,0x00,0x00,0x10,0x00,0x00, /* ................ */
/*00007ae0 */  0x01,0x01,0x02,0x01,0x01,0x24,0x00,0x04,0x00,0x10,0x00,0x00,0x00,0x15,0x00,0x00, /* .....$.......... */
/*00007af0 */  0x01,0x01,0x02,0x01,0x01,0x2a,0x00,0x04,0x00,0x10,0x00,0x00,0x00,0x20,0x00,0x00, /* ............. .. */
/*00007b00 */  0x01,0x01,0x02,0x01,0x01,0x2a,0x00,0x04,0x00,0x10,0x00,0x00,0x00,0x30,0x00,0x00, /* .............0.. */
/*00007b10 */  0x01,0x01,0x02,0x01,0x01,0x3f,0x00,0x04,0x00,0x14,0x00,0x00,0x40,0x0b,0x00,0x00, /* .....?......@... */
/*00007b20 */  0x01,0x01,0x02,0x01,0x01,0x41,0x00,0x04,0x00,0x14,0x00,0x00,0x00,0x14,0x00,0x00, /* .....A.......... */
/*00007b30 */  0x01,0x01,0x02,0x01,0x01,0x34,0x00,0x04,0x00,0x14,0x00,0x00,0x00,0x18,0x00,0x00, /* .....4.......... */
/*00007b40 */  0x01,0x01,0x02,0x01,0x01,0x41,0x00,0x04,0x00,0x14,0x00,0x00,0x00,0x44,0x00,0x00, /* .....A.......D.. */
/*00007b50 */  0x01,0x01,0x02,0x01,0x01,0x2e,0x00,0x04,0x00,0x14,0x00,0x00,0x00,0x46,0x00,0x00, /* .............F.. */
/*00007b60 */  0x01,0x01,0x02,0x01,0x01,0x2a,0x00,0x04,0x00,0x15,0x00,0x00,0x00,0x10,0x00,0x00, /* ................ */
/*00007b70 */  0x01,0x01,0x02,0x01,0x01,0x41,0x00,0x04,0x00,0x18,0x00,0x00,0x00,0x14,0x00,0x00, /* .....A.......... */
/*00007b80 */  0x01,0x01,0x02,0x01,0x01,0x2a,0x00,0x04,0x00,0x20,0x00,0x00,0x00,0x08,0x00,0x00, /* ......... ...... */
/*00007b90 */  0x01,0x01,0x02,0x01,0x01,0x2a,0x00,0x04,0x00,0x20,0x00,0x00,0x00,0x10,0x00,0x00, /* ......... ...... */
/*00007ba0 */  0x01,0x01,0x02,0x01,0x01,0x2a,0x00,0x04,0x00,0x28,0x00,0x00,0x00,0x14,0x00,0x00, /* .........(...... */
/*00007bb0 */  0x01,0x01,0x02,0x01,0x01,0x2a,0x00,0x04,0x00,0x30,0x00,0x00,0x00,0x10,0x00,0x00, /* .........0...... */
/*00007bc0 */  0x01,0x01,0x02,0x01,0x01,0x2a,0x00,0x04,0x00,0x30,0x00,0x00,0x00,0x14,0x00,0x00, /* .........0...... */
/*00007bd0 */  0x01,0x01,0x02,0x01,0x01,0x2a,0x00,0x04,0x00,0x44,0x00,0x00,0x00,0x14,0x00,0x00, /* .........D...... */
/*00007be0 */  0x01,0x01,0x02,0x01,0x01,0x2a,0x00,0x04,0x00,0x46,0x00,0x00,0x00,0x14,0x00,0x00, /* .........F...... */
/*00007bf0 */  0x01,0x01,0x02,0x01,0x01,0x2a,0x00,0x04,0x80,0x48,0x00,0x00,0x00,0x10,0x00,0x00, /* .........H...... */
/*00007c00 */  0x01,0x01,0x02,0x01,0x01,0x27,0x00,0x08,0x01,0x00,0x00,0x00,0x00,0x08,0x00,0x00, /* .....'.......... */
/*00007c10 */  0x01,0x01,0x02,0x01,0x01,0x27,0x00,0x08,0x20,0x00,0x00,0x00,0x00,0x08,0x00,0x00, /* .....'.. ....... */
/*00007c20 */  0x01,0x01,0x02,0x01,0x01,0x1a,0x00,0x08,0x20,0x00,0x00,0x00,0x40,0x0b,0x00,0x00, /* ........ ...@... */
/*00007c30 */  0x01,0x01,0x02,0x01,0x01,0x3b,0x00,0x08,0x20,0x00,0x00,0x00,0x00,0x10,0x00,0x00, /* .....;.. ....... */
/*00007c40 */  0x01,0x01,0x02,0x01,0x01,0x5c,0x00,0x08,0x30,0x00,0x00,0x00,0x00,0x14,0x00,0x00, /* ........0....... */
/*00007c50 */  0x01,0x01,0x02,0x01,0x01,0x35,0x00,0x08,0x00,0x01,0x00,0x00,0x00,0x08,0x00,0x00, /* .....5.......... */
/*00007c60 */  0x01,0x01,0x02,0x01,0x01,0x35,0x00,0x08,0x00,0x01,0x00,0x00,0x00,0x10,0x00,0x00, /* .....5.......... */
/*00007c70 */  0x01,0x01,0x02,0x01,0x01,0x41,0x00,0x08,0x00,0x02,0x00,0x00,0x00,0x08,0x00,0x00, /* .....A.......... */
/*00007c80 */  0x01,0x01,0x02,0x01,0x01,0x2d,0x00,0x08,0x00,0x04,0x00,0x00,0x80,0x0a,0x00,0x00, /* .....-.......... */
/*00007c90 */  0x01,0x01,0x02,0x01,0x01,0x39,0x00,0x08,0x00,0x04,0x00,0x00,0x00,0x10,0x00,0x00, /* .....9.......... */
/*00007ca0 */  0x01,0x01,0x02,0x01,0x01,0x39,0x00,0x08,0x00,0x04,0x00,0x00,0x00,0x14,0x00,0x00, /* .....9.......... */
/*00007cb0 */  0x01,0x01,0x02,0x01,0x01,0x41,0x00,0x08,0x00,0x05,0x00,0x00,0x00,0x14,0x00,0x00, /* .....A.......... */
/*00007cc0 */  0x01,0x01,0x02,0x01,0x01,0x26,0x00,0x08,0x00,0x08,0x00,0x00,0x00,0x02,0x00,0x00, /* .....&.......... */
/*00007cd0 */  0x01,0x01,0x02,0x01,0x01,0x2d,0x00,0x08,0x00,0x08,0x00,0x00,0x00,0x10,0x00,0x00, /* .....-.......... */
/*00007ce0 */  0x01,0x01,0x02,0x01,0x01,0x35,0x00,0x08,0x80,0x0a,0x00,0x00,0x00,0x04,0x00,0x00, /* .....5.......... */
/*00007cf0 */  0x01,0x01,0x02,0x01,0x01,0x2d,0x00,0x08,0x40,0x0b,0x00,0x00,0x00,0x10,0x00,0x00, /* .....-..@....... */
/*00007d00 */  0x01,0x01,0x02,0x01,0x01,0x2f,0x00,0x08,0x00,0x10,0x00,0x00,0x00,0x04,0x00,0x00, /* ................ */
/*00007d10 */  0x01,0x01,0x02,0x01,0x01,0x2a,0x00,0x08,0x00,0x10,0x00,0x00,0x00,0x08,0x00,0x00, /* ................ */
/*00007d20 */  0x01,0x01,0x02,0x01,0x01,0x2a,0x00,0x08,0x00,0x10,0x00,0x00,0x00,0x10,0x00,0x00, /* ................ */
/*00007d30 */  0x01,0x01,0x02,0x01,0x01,0x2a,0x00,0x08,0x00,0x10,0x00,0x00,0x00,0x15,0x00,0x00, /* ................ */
/*00007d40 */  0x01,0x01,0x02,0x01,0x01,0x2a,0x00,0x08,0x00,0x10,0x00,0x00,0x00,0x20,0x00,0x00, /* ............. .. */
/*00007d50 */  0x01,0x01,0x02,0x01,0x01,0x35,0x00,0x08,0x00,0x10,0x00,0x00,0x00,0x30,0x00,0x00, /* .....5.......0.. */
/*00007d60 */  0x01,0x01,0x02,0x01,0x01,0x2f,0x00,0x08,0x00,0x14,0x00,0x00,0x40,0x0b,0x00,0x00, /* ............@... */
/*00007d70 */  0x01,0x01,0x02,0x01,0x01,0x35,0x00,0x08,0x00,0x14,0x00,0x00,0x00,0x14,0x00,0x00, /* .....5.......... */
/*00007d80 */  0x01,0x01,0x02,0x01,0x01,0x2a,0x00,0x08,0x00,0x14,0x00,0x00,0x00,0x18,0x00,0x00, /* ................ */
/*00007d90 */  0x01,0x01,0x02,0x01,0x01,0x35,0x00,0x08,0x00,0x14,0x00,0x00,0x00,0x44,0x00,0x00, /* .....5.......D.. */
/*00007da0 */  0x01,0x01,0x02,0x01,0x01,0x35,0x00,0x08,0x00,0x14,0x00,0x00,0x00,0x46,0x00,0x00, /* .....5.......F.. */
/*00007db0 */  0x01,0x01,0x02,0x01,0x01,0x34,0x00,0x08,0x00,0x15,0x00,0x00,0x00,0x10,0x00,0x00, /* .....4.......... */
/*00007dc0 */  0x01,0x01,0x02,0x01,0x01,0x35,0x00,0x08,0x00,0x18,0x00,0x00,0x00,0x14,0x00,0x00, /* .....5.......... */
/*00007dd0 */  0x01,0x01,0x02,0x01,0x01,0x2a,0x00,0x08,0x00,0x20,0x00,0x00,0x00,0x08,0x00,0x00, /* ......... ...... */
/*00007de0 */  0x01,0x01,0x02,0x01,0x01,0x2a,0x00,0x08,0x00,0x20,0x00,0x00,0x00,0x10,0x00,0x00, /* ......... ...... */
/*00007df0 */  0x01,0x01,0x02,0x01,0x01,0x35,0x00,0x08,0x00,0x28,0x00,0x00,0x00,0x14,0x00,0x00, /* .....5...(...... */
/*00007e00 */  0x01,0x01,0x02,0x01,0x01,0x2a,0x00,0x08,0x00,0x30,0x00,0x00,0x00,0x10,0x00,0x00, /* .........0...... */
/*00007e10 */  0x01,0x01,0x02,0x01,0x01,0x2a,0x00,0x08,0x00,0x30,0x00,0x00,0x00,0x14,0x00,0x00, /* .........0...... */
/*00007e20 */  0x01,0x01,0x02,0x01,0x01,0x35,0x00,0x08,0x00,0x44,0x00,0x00,0x00,0x14,0x00,0x00, /* .....5...D...... */
/*00007e30 */  0x01,0x01,0x02,0x01,0x01,0x2a,0x00,0x08,0x00,0x46,0x00,0x00,0x00,0x14,0x00,0x00, /* .........F...... */
/*00007e40 */  0x01,0x01,0x02,0x01,0x01,0x2a,0x00,0x08,0x80,0x48,0x00,0x00,0x00,0x10,0x00,0x00, /* .........H...... */
/*00007e50 */  0x01,0x01,0x02,0x01,0x01,0x5c,0x00,0x10,0x01,0x00,0x00,0x00,0x00,0x08,0x00,0x00, /* ................ */
/*00007e60 */  0x01,0x01,0x02,0x01,0x01,0x3b,0x00,0x10,0x20,0x00,0x00,0x00,0x00,0x08,0x00,0x00, /* .....;.. ....... */
/*00007e70 */  0x01,0x01,0x02,0x01,0x01,0x3b,0x00,0x10,0x20,0x00,0x00,0x00,0x40,0x0b,0x00,0x00, /* .....;.. ...@... */
/*00007e80 */  0x01,0x01,0x02,0x01,0x01,0x5c,0x00,0x10,0x20,0x00,0x00,0x00,0x00,0x10,0x00,0x00, /* ........ ....... */
/*00007e90 */  0x01,0x01,0x02,0x01,0x01,0x2c,0x00,0x10,0x30,0x00,0x00,0x00,0x00,0x14,0x00,0x00, /* .....,..0....... */
/*00007ea0 */  0x01,0x01,0x02,0x01,0x01,0x3f,0x00,0x10,0x00,0x01,0x00,0x00,0x00,0x08,0x00,0x00, /* .....?.......... */
/*00007eb0 */  0x01,0x01,0x02,0x01,0x01,0x3e,0x00,0x10,0x00,0x01,0x00,0x00,0x00,0x10,0x00,0x00, /* .....>.......... */
/*00007ec0 */  0x01,0x01,0x02,0x01,0x01,0x39,0x00,0x10,0x00,0x02,0x00,0x00,0x00,0x08,0x00,0x00, /* .....9.......... */
/*00007ed0 */  0x01,0x01,0x02,0x01,0x01,0x42,0x00,0x10,0x00,0x04,0x00,0x00,0x80,0x0a,0x00,0x00, /* .....B.......... */
/*00007ee0 */  0x01,0x01,0x02,0x01,0x01,0x43,0x00,0x10,0x00,0x04,0x00,0x00,0x00,0x10,0x00,0x00, /* .....C.......... */
/*00007ef0 */  0x01,0x01,0x02,0x01,0x01,0x42,0x00,0x10,0x00,0x04,0x00,0x00,0x00,0x14,0x00,0x00, /* .....B.......... */
/*00007f00 */  0x01,0x01,0x02,0x01,0x01,0x3d,0x00,0x10,0x00,0x05,0x00,0x00,0x00,0x14,0x00,0x00, /* .....=.......... */
/*00007f10 */  0x01,0x01,0x02,0x01,0x01,0x2f,0x00,0x10,0x00,0x08,0x00,0x00,0x00,0x02,0x00,0x00, /* ................ */
/*00007f20 */  0x01,0x01,0x02,0x01,0x01,0x56,0x00,0x10,0x00,0x08,0x00,0x00,0x00,0x10,0x00,0x00, /* .....V.......... */
/*00007f30 */  0x01,0x01,0x02,0x01,0x01,0x2f,0x00,0x10,0x80,0x0a,0x00,0x00,0x00,0x04,0x00,0x00, /* ................ */
/*00007f40 */  0x01,0x01,0x02,0x01,0x01,0x2d,0x00,0x10,0x40,0x0b,0x00,0x00,0x00,0x10,0x00,0x00, /* .....-..@....... */
/*00007f50 */  0x01,0x01,0x02,0x01,0x01,0x2f,0x00,0x10,0x00,0x10,0x00,0x00,0x00,0x04,0x00,0x00, /* ................ */
/*00007f60 */  0x01,0x01,0x02,0x01,0x01,0x2a,0x00,0x10,0x00,0x10,0x00,0x00,0x00,0x08,0x00,0x00, /* ................ */
/*00007f70 */  0x01,0x01,0x02,0x01,0x01,0x2a,0x00,0x10,0x00,0x10,0x00,0x00,0x00,0x10,0x00,0x00, /* ................ */
/*00007f80 */  0x01,0x01,0x02,0x01,0x01,0x3c,0x00,0x10,0x00,0x10,0x00,0x00,0x00,0x15,0x00,0x00, /* .....<.......... */
/*00007f90 */  0x01,0x01,0x02,0x01,0x01,0x3e,0x00,0x10,0x00,0x10,0x00,0x00,0x00,0x20,0x00,0x00, /* .....>....... .. */
/*00007fa0 */  0x01,0x01,0x02,0x01,0x01,0x41,0x00,0x10,0x00,0x10,0x00,0x00,0x00,0x30,0x00,0x00, /* .....A.......0.. */
/*00007fb0 */  0x01,0x01,0x02,0x01,0x01,0x3c,0x00,0x10,0x00,0x14,0x00,0x00,0x40,0x0b,0x00,0x00, /* .....<......@... */
/*00007fc0 */  0x01,0x01,0x02,0x01,0x01,0x2f,0x00,0x10,0x00,0x14,0x00,0x00,0x00,0x14,0x00,0x00, /* ................ */
/*00007fd0 */  0x01,0x01,0x02,0x01,0x01,0x35,0x00,0x10,0x00,0x14,0x00,0x00,0x00,0x18,0x00,0x00, /* .....5.......... */
/*00007fe0 */  0x01,0x01,0x02,0x01,0x01,0x35,0x00,0x10,0x00,0x14,0x00,0x00,0x00,0x44,0x00,0x00, /* .....5.......D.. */
/*00007ff0 */  0x01,0x01,0x02,0x01,0x01,0x35,0x00,0x10,0x00,0x14,0x00,0x00,0x00,0x46,0x00,0x00, /* .....5.......F.. */
/*00008000 */  0x01,0x01,0x02,0x01,0x01,0x2a,0x00,0x10,0x00,0x15,0x00,0x00,0x00,0x10,0x00,0x00, /* ................ */
/*00008010 */  0x01,0x01,0x02,0x01,0x01,0x35,0x00,0x10,0x00,0x18,0x00,0x00,0x00,0x14,0x00,0x00, /* .....5.......... */
/*00008020 */  0x01,0x01,0x02,0x01,0x01,0x35,0x00,0x10,0x00,0x20,0x00,0x00,0x00,0x08,0x00,0x00, /* .....5... ...... */
/*00008030 */  0x01,0x01,0x02,0x01,0x01,0x2a,0x00,0x10,0x00,0x20,0x00,0x00,0x00,0x10,0x00,0x00, /* ......... ...... */
/*00008040 */  0x01,0x01,0x02,0x01,0x01,0x35,0x00,0x10,0x00,0x28,0x00,0x00,0x00,0x14,0x00,0x00, /* .....5...(...... */
/*00008050 */  0x01,0x01,0x02,0x01,0x01,0x2a,0x00,0x10,0x00,0x30,0x00,0x00,0x00,0x10,0x00,0x00, /* .........0...... */
/*00008060 */  0x01,0x01,0x02,0x01,0x01,0x35,0x00,0x10,0x00,0x30,0x00,0x00,0x00,0x14,0x00,0x00, /* .....5...0...... */
/*00008070 */  0x01,0x01,0x02,0x01,0x01,0x35,0x00,0x10,0x00,0x44,0x00,0x00,0x00,0x14,0x00,0x00, /* .....5...D...... */
/*00008080 */  0x01,0x01,0x02,0x01,0x01,0x35,0x00,0x10,0x00,0x46,0x00,0x00,0x00,0x14,0x00,0x00, /* .....5...F...... */
/*00008090 */  0x01,0x01,0x02,0x01,0x01,0x2a,0x00,0x10,0x80,0x48,0x00,0x00,0x00,0x10,0x00,0x00, /* .........H...... */
/*000080a0 */  0x01,0x01,0x02,0x01,0x01,0x3b,0x00,0x20,0x01,0x00,0x00,0x00,0x00,0x08,0x00,0x00, /* .....;. ........ */
/*000080b0 */  0x01,0x01,0x02,0x01,0x01,0x3b,0x00,0x20,0x20,0x00,0x00,0x00,0x00,0x08,0x00,0x00, /* .....;.  ....... */
/*000080c0 */  0x01,0x01,0x02,0x01,0x01,0x5d,0x00,0x20,0x20,0x00,0x00,0x00,0x40,0x0b,0x00,0x00, /* .....].  ...@... */
/*000080d0 */  0x01,0x01,0x02,0x01,0x01,0x5b,0x00,0x20,0x20,0x00,0x00,0x00,0x00,0x10,0x00,0x00, /* .....[.  ....... */
/*000080e0 */  0x01,0x01,0x02,0x01,0x01,0x5c,0x00,0x20,0x30,0x00,0x00,0x00,0x00,0x14,0x00,0x00, /* ....... 0....... */
/*000080f0 */  0x01,0x01,0x02,0x01,0x01,0x55,0x00,0x20,0x00,0x01,0x00,0x00,0x00,0x08,0x00,0x00, /* .....U. ........ */
/*00008100 */  0x01,0x01,0x02,0x01,0x01,0x55,0x00,0x20,0x00,0x01,0x00,0x00,0x00,0x10,0x00,0x00, /* .....U. ........ */
/*00008110 */  0x01,0x01,0x02,0x01,0x01,0x2b,0x00,0x20,0x00,0x02,0x00,0x00,0x00,0x08,0x00,0x00, /* .....+. ........ */
/*00008120 */  0x01,0x01,0x02,0x01,0x01,0x51,0x00,0x20,0x00,0x04,0x00,0x00,0x80,0x0a,0x00,0x00, /* .....Q. ........ */
/*00008130 */  0x01,0x01,0x02,0x01,0x01,0x55,0x00,0x20,0x00,0x04,0x00,0x00,0x00,0x10,0x00,0x00, /* .....U. ........ */
/*00008140 */  0x01,0x01,0x02,0x01,0x01,0x3c,0x00,0x20,0x00,0x04,0x00,0x00,0x00,0x14,0x00,0x00, /* .....<. ........ */
/*00008150 */  0x01,0x01,0x02,0x01,0x01,0x3c,0x00,0x20,0x00,0x05,0x00,0x00,0x00,0x14,0x00,0x00, /* .....<. ........ */
/*00008160 */  0x01,0x01,0x02,0x01,0x01,0x2b,0x00,0x20,0x00,0x08,0x00,0x00,0x00,0x02,0x00,0x00, /* .....+. ........ */
/*00008170 */  0x01,0x01,0x02,0x01,0x01,0x3a,0x00,0x20,0x00,0x08,0x00,0x00,0x00,0x10,0x00,0x00, /* .....:. ........ */
/*00008180 */  0x01,0x01,0x02,0x01,0x01,0x2a,0x00,0x20,0x80,0x0a,0x00,0x00,0x00,0x04,0x00,0x00, /* ....... ........ */
/*00008190 */  0x01,0x01,0x02,0x01,0x01,0x50,0x00,0x20,0x40,0x0b,0x00,0x00,0x00,0x10,0x00,0x00, /* .....P. @....... */
/*000081a0 */  0x01,0x01,0x02,0x01,0x01,0x2f,0x00,0x20,0x00,0x10,0x00,0x00,0x00,0x04,0x00,0x00, /* ....... ........ */
/*000081b0 */  0x01,0x01,0x02,0x01,0x01,0x55,0x00,0x20,0x00,0x10,0x00,0x00,0x00,0x08,0x00,0x00, /* .....U. ........ */
/*000081c0 */  0x01,0x01,0x02,0x01,0x01,0x3c,0x00,0x20,0x00,0x10,0x00,0x00,0x00,0x10,0x00,0x00, /* .....<. ........ */
/*000081d0 */  0x01,0x01,0x02,0x01,0x01,0x4e,0x00,0x20,0x00,0x10,0x00,0x00,0x00,0x15,0x00,0x00, /* .....N. ........ */
/*000081e0 */  0x01,0x01,0x02,0x01,0x01,0x43,0x00,0x20,0x00,0x10,0x00,0x00,0x00,0x20,0x00,0x00, /* .....C. ..... .. */
/*000081f0 */  0x01,0x01,0x02,0x01,0x01,0x41,0x00,0x20,0x00,0x10,0x00,0x00,0x00,0x30,0x00,0x00, /* .....A. .....0.. */
/*00008200 */  0x01,0x01,0x02,0x01,0x01,0x39,0x00,0x20,0x00,0x14,0x00,0x00,0x40,0x0b,0x00,0x00, /* .....9. ....@... */
/*00008210 */  0x01,0x01,0x02,0x01,0x01,0x35,0x00,0x20,0x00,0x14,0x00,0x00,0x00,0x14,0x00,0x00, /* .....5. ........ */
/*00008220 */  0x01,0x01,0x02,0x01,0x01,0x43,0x00,0x20,0x00,0x14,0x00,0x00,0x00,0x18,0x00,0x00, /* .....C. ........ */
/*00008230 */  0x01,0x01,0x02,0x01,0x01,0x41,0x00,0x20,0x00,0x14,0x00,0x00,0x00,0x44,0x00,0x00, /* .....A. .....D.. */
/*00008240 */  0x01,0x01,0x02,0x01,0x01,0x4e,0x00,0x20,0x00,0x14,0x00,0x00,0x00,0x46,0x00,0x00, /* .....N. .....F.. */
/*00008250 */  0x01,0x01,0x02,0x01,0x01,0x3c,0x00,0x20,0x00,0x15,0x00,0x00,0x00,0x10,0x00,0x00, /* .....<. ........ */
/*00008260 */  0x01,0x01,0x02,0x01,0x01,0x35,0x00,0x20,0x00,0x18,0x00,0x00,0x00,0x14,0x00,0x00, /* .....5. ........ */
/*00008270 */  0x01,0x01,0x02,0x01,0x01,0x2a,0x00,0x20,0x00,0x20,0x00,0x00,0x00,0x08,0x00,0x00, /* ....... . ...... */
/*00008280 */  0x01,0x01,0x02,0x01,0x01,0x43,0x00,0x20,0x00,0x20,0x00,0x00,0x00,0x10,0x00,0x00, /* .....C. . ...... */
/*00008290 */  0x01,0x01,0x02,0x01,0x01,0x3d,0x00,0x20,0x00,0x28,0x00,0x00,0x00,0x14,0x00,0x00, /* .....=. .(...... */
/*000082a0 */  0x01,0x01,0x02,0x01,0x01,0x43,0x00,0x20,0x00,0x30,0x00,0x00,0x00,0x10,0x00,0x00, /* .....C. .0...... */
/*000082b0 */  0x01,0x01,0x02,0x01,0x01,0x3d,0x00,0x20,0x00,0x30,0x00,0x00,0x00,0x14,0x00,0x00, /* .....=. .0...... */
/*000082c0 */  0x01,0x01,0x02,0x01,0x01,0x3d,0x00,0x20,0x00,0x44,0x00,0x00,0x00,0x14,0x00,0x00, /* .....=. .D...... */
/*000082d0 */  0x01,0x01,0x02,0x01,0x01,0x3d,0x00,0x20,0x00,0x46,0x00,0x00,0x00,0x14,0x00,0x00, /* .....=. .F...... */
/*000082e0 */  0x01,0x01,0x02,0x01,0x01,0x3d,0x00,0x20,0x80,0x48,0x00,0x00,0x00,0x10,0x00,0x00, /* .....=. .H...... */
/*000082f0 */  0x01,0x01,0x02,0x01,0x01,0x27,0x00,0x40,0x01,0x00,0x00,0x00,0x00,0x08,0x00,0x00, /* .....'.@........ */
/*00008300 */  0x01,0x01,0x02,0x01,0x01,0x53,0x00,0x40,0x20,0x00,0x00,0x00,0x00,0x08,0x00,0x00, /* .....S.@ ....... */
/*00008310 */  0x01,0x01,0x02,0x01,0x01,0x23,0x00,0x40,0x20,0x00,0x00,0x00,0x40,0x0b,0x00,0x00, /* .....#.@ ...@... */
/*00008320 */  0x01,0x01,0x02,0x01,0x01,0x3b,0x00,0x40,0x20,0x00,0x00,0x00,0x00,0x10,0x00,0x00, /* .....;.@ ....... */
/*00008330 */  0x01,0x01,0x02,0x01,0x01,0x5c,0x00,0x40,0x30,0x00,0x00,0x00,0x00,0x14,0x00,0x00, /* .......@0....... */
/*00008340 */  0x01,0x01,0x02,0x01,0x01,0x50,0x00,0x40,0x00,0x01,0x00,0x00,0x00,0x08,0x00,0x00, /* .....P.@........ */
/*00008350 */  0x01,0x01,0x02,0x01,0x01,0x55,0x00,0x40,0x00,0x01,0x00,0x00,0x00,0x10,0x00,0x00, /* .....U.@........ */
/*00008360 */  0x01,0x01,0x02,0x01,0x01,0x55,0x00,0x40,0x00,0x02,0x00,0x00,0x00,0x08,0x00,0x00, /* .....U.@........ */
/*00008370 */  0x01,0x01,0x02,0x01,0x01,0x3c,0x00,0x40,0x00,0x04,0x00,0x00,0x80,0x0a,0x00,0x00, /* .....<.@........ */
/*00008380 */  0x01,0x01,0x02,0x01,0x01,0x55,0x00,0x40,0x00,0x04,0x00,0x00,0x00,0x10,0x00,0x00, /* .....U.@........ */
/*00008390 */  0x01,0x01,0x02,0x01,0x01,0x3d,0x00,0x40,0x00,0x04,0x00,0x00,0x00,0x14,0x00,0x00, /* .....=.@........ */
/*000083a0 */  0x01,0x01,0x02,0x01,0x01,0x3d,0x00,0x40,0x00,0x05,0x00,0x00,0x00,0x14,0x00,0x00, /* .....=.@........ */
/*000083b0 */  0x01,0x01,0x02,0x01,0x01,0x2f,0x00,0x40,0x00,0x08,0x00,0x00,0x00,0x02,0x00,0x00, /* .......@........ */
/*000083c0 */  0x01,0x01,0x02,0x01,0x01,0x56,0x00,0x40,0x00,0x08,0x00,0x00,0x00,0x10,0x00,0x00, /* .....V.@........ */
/*000083d0 */  0x01,0x01,0x02,0x01,0x01,0x2b,0x00,0x40,0x80,0x0a,0x00,0x00,0x00,0x04,0x00,0x00, /* .....+.@........ */
/*000083e0 */  0x01,0x01,0x02,0x01,0x01,0x24,0x00,0x40,0x40,0x0b,0x00,0x00,0x00,0x10,0x00,0x00, /* .....$.@@....... */
/*000083f0 */  0x01,0x01,0x02,0x01,0x01,0x35,0x00,0x40,0x00,0x10,0x00,0x00,0x00,0x04,0x00,0x00, /* .....5.@........ */
/*00008400 */  0x01,0x01,0x02,0x01,0x01,0x3a,0x00,0x40,0x00,0x10,0x00,0x00,0x00,0x08,0x00,0x00, /* .....:.@........ */
/*00008410 */  0x01,0x01,0x02,0x01,0x01,0x43,0x00,0x40,0x00,0x10,0x00,0x00,0x00,0x10,0x00,0x00, /* .....C.@........ */
/*00008420 */  0x01,0x01,0x02,0x01,0x01,0x3c,0x00,0x40,0x00,0x10,0x00,0x00,0x00,0x15,0x00,0x00, /* .....<.@........ */
/*00008430 */  0x01,0x01,0x02,0x01,0x01,0x43,0x00,0x40,0x00,0x10,0x00,0x00,0x00,0x20,0x00,0x00, /* .....C.@..... .. */
/*00008440 */  0x01,0x01,0x02,0x01,0x01,0x41,0x00,0x40,0x00,0x10,0x00,0x00,0x00,0x30,0x00,0x00, /* .....A.@.....0.. */
/*00008450 */  0x01,0x01,0x02,0x01,0x01,0x3d,0x00,0x40,0x00,0x14,0x00,0x00,0x40,0x0b,0x00,0x00, /* .....=.@....@... */
/*00008460 */  0x01,0x01,0x02,0x01,0x01,0x3d,0x00,0x40,0x00,0x14,0x00,0x00,0x00,0x14,0x00,0x00, /* .....=.@........ */
/*00008470 */  0x01,0x01,0x02,0x01,0x01,0x3d,0x00,0x40,0x00,0x14,0x00,0x00,0x00,0x18,0x00,0x00, /* .....=.@........ */
/*00008480 */  0x01,0x01,0x02,0x01,0x01,0x54,0x00,0x40,0x00,0x14,0x00,0x00,0x00,0x44,0x00,0x00, /* .....T.@.....D.. */
/*00008490 */  0x01,0x01,0x02,0x01,0x01,0x4e,0x00,0x40,0x00,0x14,0x00,0x00,0x00,0x46,0x00,0x00, /* .....N.@.....F.. */
/*000084a0 */  0x01,0x01,0x02,0x01,0x01,0x43,0x00,0x40,0x00,0x15,0x00,0x00,0x00,0x10,0x00,0x00, /* .....C.@........ */
/*000084b0 */  0x01,0x01,0x02,0x01,0x01,0x3d,0x00,0x40,0x00,0x18,0x00,0x00,0x00,0x14,0x00,0x00, /* .....=.@........ */
/*000084c0 */  0x01,0x01,0x02,0x01,0x01,0x35,0x00,0x40,0x00,0x20,0x00,0x00,0x00,0x08,0x00,0x00, /* .....5.@. ...... */
/*000084d0 */  0x01,0x01,0x02,0x01,0x01,0x43,0x00,0x40,0x00,0x20,0x00,0x00,0x00,0x10,0x00,0x00, /* .....C.@. ...... */
/*000084e0 */  0x01,0x01,0x02,0x01,0x01,0x3d,0x00,0x40,0x00,0x28,0x00,0x00,0x00,0x14,0x00,0x00, /* .....=.@.(...... */
/*000084f0 */  0x01,0x01,0x02,0x01,0x01,0x56,0x00,0x40,0x00,0x30,0x00,0x00,0x00,0x10,0x00,0x00, /* .....V.@.0...... */
/*00008500 */  0x01,0x01,0x02,0x01,0x01,0x3d,0x00,0x40,0x00,0x30,0x00,0x00,0x00,0x14,0x00,0x00, /* .....=.@.0...... */
/*00008510 */  0x01,0x01,0x02,0x01,0x01,0x3d,0x00,0x40,0x00,0x44,0x00,0x00,0x00,0x14,0x00,0x00, /* .....=.@.D...... */
/*00008520 */  0x01,0x01,0x02,0x01,0x01,0x3d,0x00,0x40,0x00,0x46,0x00,0x00,0x00,0x14,0x00,0x00, /* .....=.@.F...... */
/*00008530 */  0x01,0x01,0x02,0x01,0x01,0x3d,0x00,0x40,0x80,0x48,0x00,0x00,0x00,0x10,0x00,0x00, /* .....=.@.H...... */
/*00008540 */  0x01,0x01,0x02,0x01,0x02,0x5d,0x08,0x00,0x01,0x00,0x00,0x00,0x00,0x08,0x00,0x00, /* .....].......... */
/*00008550 */  0x01,0x01,0x02,0x01,0x02,0x5d,0x08,0x00,0x20,0x00,0x00,0x00,0x00,0x08,0x00,0x00, /* .....].. ....... */
/*00008560 */  0x01,0x01,0x02,0x01,0x02,0x38,0x08,0x00,0x20,0x00,0x00,0x00,0x00,0x10,0x00,0x00, /* .....8.. ....... */
/*00008570 */  0x01,0x01,0x02,0x01,0x02,0x1f,0x08,0x00,0x00,0x01,0x00,0x00,0x00,0x08,0x00,0x00, /* ................ */
/*00008580 */  0x01,0x01,0x02,0x01,0x02,0x1f,0x08,0x00,0x00,0x01,0x00,0x00,0x00,0x10,0x00,0x00, /* ................ */
/*00008590 */  0x01,0x01,0x02,0x01,0x02,0x1f,0x08,0x00,0x00,0x02,0x00,0x00,0x00,0x08,0x00,0x00, /* ................ */
/*000085a0 */  0x01,0x01,0x02,0x01,0x02,0x1d,0x08,0x00,0x00,0x04,0x00,0x00,0x00,0x10,0x00,0x00, /* ................ */
/*000085b0 */  0x01,0x01,0x02,0x01,0x02,0x28,0x08,0x00,0x00,0x08,0x00,0x00,0x00,0x10,0x00,0x00, /* .....(.......... */
/*000085c0 */  0x01,0x01,0x02,0x01,0x02,0x1e,0x08,0x00,0x40,0x0b,0x00,0x00,0x00,0x10,0x00,0x00, /* ........@....... */
/*000085d0 */  0x01,0x01,0x02,0x01,0x02,0x25,0x08,0x00,0x00,0x10,0x00,0x00,0x00,0x08,0x00,0x00, /* .....%.......... */
/*000085e0 */  0x01,0x01,0x02,0x01,0x02,0x21,0x08,0x00,0x00,0x10,0x00,0x00,0x00,0x10,0x00,0x00, /* .....!.......... */
/*000085f0 */  0x01,0x01,0x02,0x01,0x02,0x25,0x08,0x00,0x00,0x10,0x00,0x00,0x00,0x20,0x00,0x00, /* .....%....... .. */
/*00008600 */  0x01,0x01,0x02,0x01,0x02,0x1f,0x08,0x00,0x00,0x10,0x00,0x00,0x00,0x30,0x00,0x00, /* .............0.. */
/*00008610 */  0x01,0x01,0x02,0x01,0x02,0x1f,0x08,0x00,0x00,0x14,0x00,0x00,0x00,0x18,0x00,0x00, /* ................ */
/*00008620 */  0x01,0x01,0x02,0x01,0x02,0x1f,0x08,0x00,0x00,0x15,0x00,0x00,0x00,0x10,0x00,0x00, /* ................ */
/*00008630 */  0x01,0x01,0x02,0x01,0x02,0x1b,0x08,0x00,0x00,0x20,0x00,0x00,0x00,0x08,0x00,0x00, /* ......... ...... */
/*00008640 */  0x01,0x01,0x02,0x01,0x02,0x1f,0x08,0x00,0x00,0x20,0x00,0x00,0x00,0x10,0x00,0x00, /* ......... ...... */
/*00008650 */  0x01,0x01,0x02,0x01,0x02,0x1e,0x08,0x00,0x00,0x30,0x00,0x00,0x00,0x10,0x00,0x00, /* .........0...... */
/*00008660 */  0x01,0x01,0x02,0x01,0x02,0x37,0x08,0x00,0x80,0x48,0x00,0x00,0x00,0x10,0x00,0x00, /* .....7...H...... */
/*00008670 */  0x01,0x01,0x02,0x01,0x02,0x27,0x10,0x00,0x01,0x00,0x00,0x00,0x00,0x08,0x00,0x00, /* .....'.......... */
/*00008680 */  0x01,0x01,0x02,0x01,0x02,0x5d,0x10,0x00,0x20,0x00,0x00,0x00,0x00,0x08,0x00,0x00, /* .....].. ....... */
/*00008690 */  0x01,0x01,0x02,0x01,0x02,0x1b,0x10,0x00,0x20,0x00,0x00,0x00,0x00,0x10,0x00,0x00, /* ........ ....... */
/*000086a0 */  0x01,0x01,0x02,0x01,0x02,0x22,0x10,0x00,0x00,0x01,0x00,0x00,0x00,0x08,0x00,0x00, /* .....".......... */
/*000086b0 */  0x01,0x01,0x02,0x01,0x02,0x1b,0x10,0x00,0x00,0x01,0x00,0x00,0x00,0x10,0x00,0x00, /* ................ */
/*000086c0 */  0x01,0x01,0x02,0x01,0x02,0x23,0x10,0x00,0x00,0x02,0x00,0x00,0x00,0x08,0x00,0x00, /* .....#.......... */
/*000086d0 */  0x01,0x01,0x02,0x01,0x02,0x1f,0x10,0x00,0x00,0x04,0x00,0x00,0x00,0x10,0x00,0x00, /* ................ */
/*000086e0 */  0x01,0x01,0x02,0x01,0x02,0x1d,0x10,0x00,0x00,0x08,0x00,0x00,0x00,0x10,0x00,0x00, /* ................ */
/*000086f0 */  0x01,0x01,0x02,0x01,0x02,0x20,0x10,0x00,0x40,0x0b,0x00,0x00,0x00,0x10,0x00,0x00, /* ..... ..@....... */
/*00008700 */  0x01,0x01,0x02,0x01,0x02,0x21,0x10,0x00,0x00,0x10,0x00,0x00,0x00,0x08,0x00,0x00, /* .....!.......... */
/*00008710 */  0x01,0x01,0x02,0x01,0x02,0x25,0x10,0x00,0x00,0x10,0x00,0x00,0x00,0x10,0x00,0x00, /* .....%.......... */
/*00008720 */  0x01,0x01,0x02,0x01,0x02,0x1b,0x10,0x00,0x00,0x10,0x00,0x00,0x00,0x20,0x00,0x00, /* ............. .. */
/*00008730 */  0x01,0x01,0x02,0x01,0x02,0x1d,0x10,0x00,0x00,0x10,0x00,0x00,0x00,0x30,0x00,0x00, /* .............0.. */
/*00008740 */  0x01,0x01,0x02,0x01,0x02,0x1f,0x10,0x00,0x00,0x14,0x00,0x00,0x00,0x18,0x00,0x00, /* ................ */
/*00008750 */  0x01,0x01,0x02,0x01,0x02,0x25,0x10,0x00,0x00,0x15,0x00,0x00,0x00,0x10,0x00,0x00, /* .....%.......... */
/*00008760 */  0x01,0x01,0x02,0x01,0x02,0x1f,0x10,0x00,0x00,0x20,0x00,0x00,0x00,0x08,0x00,0x00, /* ......... ...... */
/*00008770 */  0x01,0x01,0x02,0x01,0x02,0x1d,0x10,0x00,0x00,0x20,0x00,0x00,0x00,0x10,0x00,0x00, /* ......... ...... */
/*00008780 */  0x01,0x01,0x02,0x01,0x02,0x28,0x10,0x00,0x00,0x30,0x00,0x00,0x00,0x10,0x00,0x00, /* .....(...0...... */
/*00008790 */  0x01,0x01,0x02,0x01,0x02,0x26,0x10,0x00,0x80,0x48,0x00,0x00,0x00,0x10,0x00,0x00, /* .....&...H...... */
/*000087a0 */  0x01,0x01,0x02,0x01,0x02,0x27,0x20,0x00,0x01,0x00,0x00,0x00,0x00,0x08,0x00,0x00, /* .....' ......... */
/*000087b0 */  0x01,0x01,0x02,0x01,0x02,0x5d,0x20,0x00,0x20,0x00,0x00,0x00,0x00,0x08,0x00,0x00, /* .....] . ....... */
/*000087c0 */  0x01,0x01,0x02,0x01,0x02,0x5b,0x20,0x00,0x20,0x00,0x00,0x00,0x00,0x10,0x00,0x00, /* .....[ . ....... */
/*000087d0 */  0x01,0x01,0x02,0x01,0x02,0x1b,0x20,0x00,0x00,0x01,0x00,0x00,0x00,0x08,0x00,0x00, /* ...... ......... */
/*000087e0 */  0x01,0x01,0x02,0x01,0x02,0x29,0x20,0x00,0x00,0x01,0x00,0x00,0x00,0x10,0x00,0x00, /* .....) ......... */
/*000087f0 */  0x01,0x01,0x02,0x01,0x02,0x1d,0x20,0x00,0x00,0x02,0x00,0x00,0x00,0x08,0x00,0x00, /* ...... ......... */
/*00008800 */  0x01,0x01,0x02,0x01,0x02,0x1d,0x20,0x00,0x00,0x04,0x00,0x00,0x00,0x10,0x00,0x00, /* ...... ......... */
/*00008810 */  0x01,0x01,0x02,0x01,0x02,0x1d,0x20,0x00,0x00,0x08,0x00,0x00,0x00,0x10,0x00,0x00, /* ...... ......... */
/*00008820 */  0x01,0x01,0x02,0x01,0x02,0x1e,0x20,0x00,0x40,0x0b,0x00,0x00,0x00,0x10,0x00,0x00, /* ...... .@....... */
/*00008830 */  0x01,0x01,0x02,0x01,0x02,0x1d,0x20,0x00,0x00,0x10,0x00,0x00,0x00,0x08,0x00,0x00, /* ...... ......... */
/*00008840 */  0x01,0x01,0x02,0x01,0x02,0x1f,0x20,0x00,0x00,0x10,0x00,0x00,0x00,0x10,0x00,0x00, /* ...... ......... */
/*00008850 */  0x01,0x01,0x02,0x01,0x02,0x1d,0x20,0x00,0x00,0x10,0x00,0x00,0x00,0x20,0x00,0x00, /* ...... ...... .. */
/*00008860 */  0x01,0x01,0x02,0x01,0x02,0x1b,0x20,0x00,0x00,0x10,0x00,0x00,0x00,0x30,0x00,0x00, /* ...... ......0.. */
/*00008870 */  0x01,0x01,0x02,0x01,0x02,0x25,0x20,0x00,0x00,0x14,0x00,0x00,0x00,0x18,0x00,0x00, /* .....% ......... */
/*00008880 */  0x01,0x01,0x02,0x01,0x02,0x25,0x20,0x00,0x00,0x15,0x00,0x00,0x00,0x10,0x00,0x00, /* .....% ......... */
/*00008890 */  0x01,0x01,0x02,0x01,0x02,0x1d,0x20,0x00,0x00,0x20,0x00,0x00,0x00,0x08,0x00,0x00, /* ...... .. ...... */
/*000088a0 */  0x01,0x01,0x02,0x01,0x02,0x20,0x20,0x00,0x00,0x20,0x00,0x00,0x00,0x10,0x00,0x00, /* .....  .. ...... */
/*000088b0 */  0x01,0x01,0x02,0x01,0x02,0x21,0x20,0x00,0x00,0x30,0x00,0x00,0x00,0x10,0x00,0x00, /* .....! ..0...... */
/*000088c0 */  0x01,0x01,0x02,0x01,0x02,0x26,0x20,0x00,0x80,0x48,0x00,0x00,0x00,0x10,0x00,0x00, /* .....& ..H...... */
/*000088d0 */  0x01,0x01,0x02,0x01,0x02,0x27,0x40,0x00,0x01,0x00,0x00,0x00,0x00,0x08,0x00,0x00, /* .....'@......... */
/*000088e0 */  0x01,0x01,0x02,0x01,0x02,0x5b,0x40,0x00,0x20,0x00,0x00,0x00,0x00,0x08,0x00,0x00, /* .....[@. ....... */
/*000088f0 */  0x01,0x01,0x02,0x01,0x02,0x5d,0x40,0x00,0x20,0x00,0x00,0x00,0x00,0x10,0x00,0x00, /* .....]@. ....... */
/*00008900 */  0x01,0x01,0x02,0x01,0x02,0x1d,0x40,0x00,0x00,0x01,0x00,0x00,0x00,0x08,0x00,0x00, /* ......@......... */
/*00008910 */  0x01,0x01,0x02,0x01,0x02,0x25,0x40,0x00,0x00,0x01,0x00,0x00,0x00,0x10,0x00,0x00, /* .....%@......... */
/*00008920 */  0x01,0x01,0x02,0x01,0x02,0x25,0x40,0x00,0x00,0x02,0x00,0x00,0x00,0x08,0x00,0x00, /* .....%@......... */
/*00008930 */  0x01,0x01,0x02,0x01,0x02,0x1f,0x40,0x00,0x00,0x04,0x00,0x00,0x00,0x10,0x00,0x00, /* ......@......... */
/*00008940 */  0x01,0x01,0x02,0x01,0x02,0x1d,0x40,0x00,0x00,0x08,0x00,0x00,0x00,0x10,0x00,0x00, /* ......@......... */
/*00008950 */  0x01,0x01,0x02,0x01,0x02,0x1d,0x40,0x00,0x40,0x0b,0x00,0x00,0x00,0x10,0x00,0x00, /* ......@.@....... */
/*00008960 */  0x01,0x01,0x02,0x01,0x02,0x1b,0x40,0x00,0x00,0x10,0x00,0x00,0x00,0x08,0x00,0x00, /* ......@......... */
/*00008970 */  0x01,0x01,0x02,0x01,0x02,0x21,0x40,0x00,0x00,0x10,0x00,0x00,0x00,0x10,0x00,0x00, /* .....!@......... */
/*00008980 */  0x01,0x01,0x02,0x01,0x02,0x25,0x40,0x00,0x00,0x10,0x00,0x00,0x00,0x20,0x00,0x00, /* .....%@...... .. */
/*00008990 */  0x01,0x01,0x02,0x01,0x02,0x20,0x40,0x00,0x00,0x10,0x00,0x00,0x00,0x30,0x00,0x00, /* ..... @......0.. */
/*000089a0 */  0x01,0x01,0x02,0x01,0x02,0x25,0x40,0x00,0x00,0x14,0x00,0x00,0x00,0x18,0x00,0x00, /* .....%@......... */
/*000089b0 */  0x01,0x01,0x02,0x01,0x02,0x1d,0x40,0x00,0x00,0x15,0x00,0x00,0x00,0x10,0x00,0x00, /* ......@......... */
/*000089c0 */  0x01,0x01,0x02,0x01,0x02,0x28,0x40,0x00,0x00,0x20,0x00,0x00,0x00,0x08,0x00,0x00, /* .....(@.. ...... */
/*000089d0 */  0x01,0x01,0x02,0x01,0x02,0x1e,0x40,0x00,0x00,0x20,0x00,0x00,0x00,0x10,0x00,0x00, /* ......@.. ...... */
/*000089e0 */  0x01,0x01,0x02,0x01,0x02,0x21,0x40,0x00,0x00,0x30,0x00,0x00,0x00,0x10,0x00,0x00, /* .....!@..0...... */
/*000089f0 */  0x01,0x01,0x02,0x01,0x02,0x26,0x40,0x00,0x80,0x48,0x00,0x00,0x00,0x10,0x00,0x00, /* .....&@..H...... */
/*00008a00 */  0x01,0x01,0x02,0x01,0x02,0x38,0x80,0x00,0x01,0x00,0x00,0x00,0x00,0x08,0x00,0x00, /* .....8.......... */
/*00008a10 */  0x01,0x01,0x02,0x01,0x02,0x5b,0x80,0x00,0x20,0x00,0x00,0x00,0x00,0x08,0x00,0x00, /* .....[.. ....... */
/*00008a20 */  0x01,0x01,0x02,0x01,0x02,0x5b,0x80,0x00,0x20,0x00,0x00,0x00,0x00,0x10,0x00,0x00, /* .....[.. ....... */
/*00008a30 */  0x01,0x01,0x02,0x01,0x02,0x21,0x80,0x00,0x00,0x01,0x00,0x00,0x00,0x08,0x00,0x00, /* .....!.......... */
/*00008a40 */  0x01,0x01,0x02,0x01,0x02,0x23,0x80,0x00,0x00,0x01,0x00,0x00,0x00,0x10,0x00,0x00, /* .....#.......... */
/*00008a50 */  0x01,0x01,0x02,0x01,0x02,0x1d,0x80,0x00,0x00,0x02,0x00,0x00,0x00,0x08,0x00,0x00, /* ................ */
/*00008a60 */  0x01,0x01,0x02,0x01,0x02,0x1b,0x80,0x00,0x00,0x04,0x00,0x00,0x00,0x10,0x00,0x00, /* ................ */
/*00008a70 */  0x01,0x01,0x02,0x01,0x02,0x1e,0x80,0x00,0x00,0x08,0x00,0x00,0x00,0x10,0x00,0x00, /* ................ */
/*00008a80 */  0x01,0x01,0x02,0x01,0x02,0x1b,0x80,0x00,0x40,0x0b,0x00,0x00,0x00,0x10,0x00,0x00, /* ........@....... */
/*00008a90 */  0x01,0x01,0x02,0x01,0x02,0x1b,0x80,0x00,0x00,0x10,0x00,0x00,0x00,0x08,0x00,0x00, /* ................ */
/*00008aa0 */  0x01,0x01,0x02,0x01,0x02,0x5e,0x80,0x00,0x00,0x10,0x00,0x00,0x00,0x10,0x00,0x00, /* .....^.......... */
/*00008ab0 */  0x01,0x01,0x02,0x01,0x02,0x22,0x80,0x00,0x00,0x10,0x00,0x00,0x00,0x20,0x00,0x00, /* ....."....... .. */
/*00008ac0 */  0x01,0x01,0x02,0x01,0x02,0x1c,0x80,0x00,0x00,0x10,0x00,0x00,0x00,0x30,0x00,0x00, /* .............0.. */
/*00008ad0 */  0x01,0x01,0x02,0x01,0x02,0x23,0x80,0x00,0x00,0x14,0x00,0x00,0x00,0x18,0x00,0x00, /* .....#.......... */
/*00008ae0 */  0x01,0x01,0x02,0x01,0x02,0x2d,0x80,0x00,0x00,0x15,0x00,0x00,0x00,0x10,0x00,0x00, /* .....-.......... */
/*00008af0 */  0x01,0x01,0x02,0x01,0x02,0x41,0x80,0x00,0x00,0x20,0x00,0x00,0x00,0x08,0x00,0x00, /* .....A... ...... */
/*00008b00 */  0x01,0x01,0x02,0x01,0x02,0x41,0x80,0x00,0x00,0x20,0x00,0x00,0x00,0x10,0x00,0x00, /* .....A... ...... */
/*00008b10 */  0x01,0x01,0x02,0x01,0x02,0x22,0x80,0x00,0x00,0x30,0x00,0x00,0x00,0x10,0x00,0x00, /* ....."...0...... */
/*00008b20 */  0x01,0x01,0x02,0x01,0x02,0x1c,0x80,0x00,0x80,0x48,0x00,0x00,0x00,0x10,0x00,0x00, /* .........H...... */
/*00008b30 */  0x01,0x01,0x02,0x01,0x02,0x5d,0x00,0x01,0x01,0x00,0x00,0x00,0x00,0x08,0x00,0x00, /* .....].......... */
/*00008b40 */  0x01,0x01,0x02,0x01,0x02,0x5b,0x00,0x01,0x20,0x00,0x00,0x00,0x00,0x08,0x00,0x00, /* .....[.. ....... */
/*00008b50 */  0x01,0x01,0x02,0x01,0x02,0x27,0x00,0x01,0x20,0x00,0x00,0x00,0x00,0x10,0x00,0x00, /* .....'.. ....... */
/*00008b60 */  0x01,0x01,0x02,0x01,0x02,0x1d,0x00,0x01,0x00,0x01,0x00,0x00,0x00,0x08,0x00,0x00, /* ................ */
/*00008b70 */  0x01,0x01,0x02,0x01,0x02,0x23,0x00,0x01,0x00,0x01,0x00,0x00,0x00,0x10,0x00,0x00, /* .....#.......... */
/*00008b80 */  0x01,0x01,0x02,0x01,0x02,0x1c,0x00,0x01,0x00,0x02,0x00,0x00,0x00,0x08,0x00,0x00, /* ................ */
/*00008b90 */  0x01,0x01,0x02,0x01,0x02,0x1c,0x00,0x01,0x00,0x04,0x00,0x00,0x00,0x10,0x00,0x00, /* ................ */
/*00008ba0 */  0x01,0x01,0x02,0x01,0x02,0x2c,0x00,0x01,0x00,0x08,0x00,0x00,0x00,0x10,0x00,0x00, /* .....,.......... */
/*00008bb0 */  0x01,0x01,0x02,0x01,0x02,0x37,0x00,0x01,0x40,0x0b,0x00,0x00,0x00,0x10,0x00,0x00, /* .....7..@....... */
/*00008bc0 */  0x01,0x01,0x02,0x01,0x02,0x2e,0x00,0x01,0x00,0x10,0x00,0x00,0x00,0x08,0x00,0x00, /* ................ */
/*00008bd0 */  0x01,0x01,0x02,0x01,0x02,0x33,0x00,0x01,0x00,0x10,0x00,0x00,0x00,0x10,0x00,0x00, /* .....3.......... */
/*00008be0 */  0x01,0x01,0x02,0x01,0x02,0x36,0x00,0x01,0x00,0x10,0x00,0x00,0x00,0x20,0x00,0x00, /* .....6....... .. */
/*00008bf0 */  0x01,0x01,0x02,0x01,0x02,0x41,0x00,0x01,0x00,0x10,0x00,0x00,0x00,0x30,0x00,0x00, /* .....A.......0.. */
/*00008c00 */  0x01,0x01,0x02,0x01,0x02,0x34,0x00,0x01,0x00,0x14,0x00,0x00,0x00,0x18,0x00,0x00, /* .....4.......... */
/*00008c10 */  0x01,0x01,0x02,0x01,0x02,0x2c,0x00,0x01,0x00,0x15,0x00,0x00,0x00,0x10,0x00,0x00, /* .....,.......... */
/*00008c20 */  0x01,0x01,0x02,0x01,0x02,0x24,0x00,0x01,0x00,0x20,0x00,0x00,0x00,0x08,0x00,0x00, /* .....$... ...... */
/*00008c30 */  0x01,0x01,0x02,0x01,0x02,0x2c,0x00,0x01,0x00,0x20,0x00,0x00,0x00,0x10,0x00,0x00, /* .....,... ...... */
/*00008c40 */  0x01,0x01,0x02,0x01,0x02,0x26,0x00,0x01,0x00,0x30,0x00,0x00,0x00,0x10,0x00,0x00, /* .....&...0...... */
/*00008c50 */  0x01,0x01,0x02,0x01,0x02,0x35,0x00,0x01,0x80,0x48,0x00,0x00,0x00,0x10,0x00,0x00, /* .....5...H...... */
/*00008c60 */  0x01,0x01,0x02,0x01,0x02,0x38,0x00,0x02,0x01,0x00,0x00,0x00,0x00,0x08,0x00,0x00, /* .....8.......... */
/*00008c70 */  0x01,0x01,0x02,0x01,0x02,0x5d,0x00,0x02,0x20,0x00,0x00,0x00,0x00,0x08,0x00,0x00, /* .....].. ....... */
/*00008c80 */  0x01,0x01,0x02,0x01,0x02,0x5b,0x00,0x02,0x20,0x00,0x00,0x00,0x00,0x10,0x00,0x00, /* .....[.. ....... */
/*00008c90 */  0x01,0x01,0x02,0x01,0x02,0x1b,0x00,0x02,0x00,0x01,0x00,0x00,0x00,0x08,0x00,0x00, /* ................ */
/*00008ca0 */  0x01,0x01,0x02,0x01,0x02,0x21,0x00,0x02,0x00,0x01,0x00,0x00,0x00,0x10,0x00,0x00, /* .....!.......... */
/*00008cb0 */  0x01,0x01,0x02,0x01,0x02,0x1d,0x00,0x02,0x00,0x02,0x00,0x00,0x00,0x08,0x00,0x00, /* ................ */
/*00008cc0 */  0x01,0x01,0x02,0x01,0x02,0x35,0x00,0x02,0x00,0x04,0x00,0x00,0x00,0x10,0x00,0x00, /* .....5.......... */
/*00008cd0 */  0x01,0x01,0x02,0x01,0x02,0x36,0x00,0x02,0x00,0x08,0x00,0x00,0x00,0x10,0x00,0x00, /* .....6.......... */
/*00008ce0 */  0x01,0x01,0x02,0x01,0x02,0x37,0x00,0x02,0x40,0x0b,0x00,0x00,0x00,0x10,0x00,0x00, /* .....7..@....... */
/*00008cf0 */  0x01,0x01,0x02,0x01,0x02,0x26,0x00,0x02,0x00,0x10,0x00,0x00,0x00,0x08,0x00,0x00, /* .....&.......... */
/*00008d00 */  0x01,0x01,0x02,0x01,0x02,0x26,0x00,0x02,0x00,0x10,0x00,0x00,0x00,0x10,0x00,0x00, /* .....&.......... */
/*00008d10 */  0x01,0x01,0x02,0x01,0x02,0x41,0x00,0x02,0x00,0x10,0x00,0x00,0x00,0x20,0x00,0x00, /* .....A....... .. */
/*00008d20 */  0x01,0x01,0x02,0x01,0x02,0x2d,0x00,0x02,0x00,0x10,0x00,0x00,0x00,0x30,0x00,0x00, /* .....-.......0.. */
/*00008d30 */  0x01,0x01,0x02,0x01,0x02,0x3f,0x00,0x02,0x00,0x14,0x00,0x00,0x00,0x18,0x00,0x00, /* .....?.......... */
/*00008d40 */  0x01,0x01,0x02,0x01,0x02,0x2b,0x00,0x02,0x00,0x15,0x00,0x00,0x00,0x10,0x00,0x00, /* .....+.......... */
/*00008d50 */  0x01,0x01,0x02,0x01,0x02,0x2f,0x00,0x02,0x00,0x20,0x00,0x00,0x00,0x08,0x00,0x00, /* ......... ...... */
/*00008d60 */  0x01,0x01,0x02,0x01,0x02,0x37,0x00,0x02,0x00,0x20,0x00,0x00,0x00,0x10,0x00,0x00, /* .....7... ...... */
/*00008d70 */  0x01,0x01,0x02,0x01,0x02,0x41,0x00,0x02,0x00,0x30,0x00,0x00,0x00,0x10,0x00,0x00, /* .....A...0...... */
/*00008d80 */  0x01,0x01,0x02,0x01,0x02,0x2a,0x00,0x02,0x80,0x48,0x00,0x00,0x00,0x10,0x00,0x00, /* .........H...... */
/*00008d90 */  0x01,0x01,0x02,0x01,0x02,0x27,0x00,0x04,0x01,0x00,0x00,0x00,0x00,0x08,0x00,0x00, /* .....'.......... */
/*00008da0 */  0x01,0x01,0x02,0x01,0x02,0x5b,0x00,0x04,0x20,0x00,0x00,0x00,0x00,0x08,0x00,0x00, /* .....[.. ....... */
/*00008db0 */  0x01,0x01,0x02,0x01,0x02,0x5b,0x00,0x04,0x20,0x00,0x00,0x00,0x00,0x10,0x00,0x00, /* .....[.. ....... */
/*00008dc0 */  0x01,0x01,0x02,0x01,0x02,0x20,0x00,0x04,0x00,0x01,0x00,0x00,0x00,0x08,0x00,0x00, /* ..... .......... */
/*00008dd0 */  0x01,0x01,0x02,0x01,0x02,0x23,0x00,0x04,0x00,0x01,0x00,0x00,0x00,0x10,0x00,0x00, /* .....#.......... */
/*00008de0 */  0x01,0x01,0x02,0x01,0x02,0x35,0x00,0x04,0x00,0x02,0x00,0x00,0x00,0x08,0x00,0x00, /* .....5.......... */
/*00008df0 */  0x01,0x01,0x02,0x01,0x02,0x41,0x00,0x04,0x00,0x04,0x00,0x00,0x00,0x10,0x00,0x00, /* .....A.......... */
/*00008e00 */  0x01,0x01,0x02,0x01,0x02,0x24,0x00,0x04,0x00,0x08,0x00,0x00,0x00,0x10,0x00,0x00, /* .....$.......... */
/*00008e10 */  0x01,0x01,0x02,0x01,0x02,0x37,0x00,0x04,0x40,0x0b,0x00,0x00,0x00,0x10,0x00,0x00, /* .....7..@....... */
/*00008e20 */  0x01,0x01,0x02,0x01,0x02,0x26,0x00,0x04,0x00,0x10,0x00,0x00,0x00,0x08,0x00,0x00, /* .....&.......... */
/*00008e30 */  0x01,0x01,0x02,0x01,0x02,0x2d,0x00,0x04,0x00,0x10,0x00,0x00,0x00,0x10,0x00,0x00, /* .....-.......... */
/*00008e40 */  0x01,0x01,0x02,0x01,0x02,0x2d,0x00,0x04,0x00,0x10,0x00,0x00,0x00,0x20,0x00,0x00, /* .....-....... .. */
/*00008e50 */  0x01,0x01,0x02,0x01,0x02,0x2d,0x00,0x04,0x00,0x10,0x00,0x00,0x00,0x30,0x00,0x00, /* .....-.......0.. */
/*00008e60 */  0x01,0x01,0x02,0x01,0x02,0x32,0x00,0x04,0x00,0x14,0x00,0x00,0x00,0x18,0x00,0x00, /* .....2.......... */
/*00008e70 */  0x01,0x01,0x02,0x01,0x02,0x2b,0x00,0x04,0x00,0x15,0x00,0x00,0x00,0x10,0x00,0x00, /* .....+.......... */
/*00008e80 */  0x01,0x01,0x02,0x01,0x02,0x2b,0x00,0x04,0x00,0x20,0x00,0x00,0x00,0x08,0x00,0x00, /* .....+... ...... */
/*00008e90 */  0x01,0x01,0x02,0x01,0x02,0x2f,0x00,0x04,0x00,0x20,0x00,0x00,0x00,0x10,0x00,0x00, /* ......... ...... */
/*00008ea0 */  0x01,0x01,0x02,0x01,0x02,0x35,0x00,0x04,0x00,0x30,0x00,0x00,0x00,0x10,0x00,0x00, /* .....5...0...... */
/*00008eb0 */  0x01,0x01,0x02,0x01,0x02,0x2a,0x00,0x04,0x80,0x48,0x00,0x00,0x00,0x10,0x00,0x00, /* .........H...... */
/*00008ec0 */  0x01,0x01,0x02,0x01,0x02,0x38,0x00,0x08,0x01,0x00,0x00,0x00,0x00,0x08,0x00,0x00, /* .....8.......... */
/*00008ed0 */  0x01,0x01,0x02,0x01,0x02,0x27,0x00,0x08,0x20,0x00,0x00,0x00,0x00,0x08,0x00,0x00, /* .....'.. ....... */
/*00008ee0 */  0x01,0x01,0x02,0x01,0x02,0x27,0x00,0x08,0x20,0x00,0x00,0x00,0x00,0x10,0x00,0x00, /* .....'.. ....... */
/*00008ef0 */  0x01,0x01,0x02,0x01,0x02,0x2a,0x00,0x08,0x00,0x01,0x00,0x00,0x00,0x08,0x00,0x00, /* ................ */
/*00008f00 */  0x01,0x01,0x02,0x01,0x02,0x2f,0x00,0x08,0x00,0x01,0x00,0x00,0x00,0x10,0x00,0x00, /* ................ */
/*00008f10 */  0x01,0x01,0x02,0x01,0x02,0x2e,0x00,0x08,0x00,0x02,0x00,0x00,0x00,0x08,0x00,0x00, /* ................ */
/*00008f20 */  0x01,0x01,0x02,0x01,0x02,0x24,0x00,0x08,0x00,0x04,0x00,0x00,0x00,0x10,0x00,0x00, /* .....$.......... */
/*00008f30 */  0x01,0x01,0x02,0x01,0x02,0x26,0x00,0x08,0x00,0x08,0x00,0x00,0x00,0x10,0x00,0x00, /* .....&.......... */
/*00008f40 */  0x01,0x01,0x02,0x01,0x02,0x2d,0x00,0x08,0x40,0x0b,0x00,0x00,0x00,0x10,0x00,0x00, /* .....-..@....... */
/*00008f50 */  0x01,0x01,0x02,0x01,0x02,0x2b,0x00,0x08,0x00,0x10,0x00,0x00,0x00,0x08,0x00,0x00, /* .....+.......... */
/*00008f60 */  0x01,0x01,0x02,0x01,0x02,0x35,0x00,0x08,0x00,0x10,0x00,0x00,0x00,0x10,0x00,0x00, /* .....5.......... */
/*00008f70 */  0x01,0x01,0x02,0x01,0x02,0x2a,0x00,0x08,0x00,0x10,0x00,0x00,0x00,0x20,0x00,0x00, /* ............. .. */
/*00008f80 */  0x01,0x01,0x02,0x01,0x02,0x2b,0x00,0x08,0x00,0x10,0x00,0x00,0x00,0x30,0x00,0x00, /* .....+.......0.. */
/*00008f90 */  0x01,0x01,0x02,0x01,0x02,0x2a,0x00,0x08,0x00,0x14,0x00,0x00,0x00,0x18,0x00,0x00, /* ................ */
/*00008fa0 */  0x01,0x01,0x02,0x01,0x02,0x35,0x00,0x08,0x00,0x15,0x00,0x00,0x00,0x10,0x00,0x00, /* .....5.......... */
/*00008fb0 */  0x01,0x01,0x02,0x01,0x02,0x2f,0x00,0x08,0x00,0x20,0x00,0x00,0x00,0x08,0x00,0x00, /* ......... ...... */
/*00008fc0 */  0x01,0x01,0x02,0x01,0x02,0x2a,0x00,0x08,0x00,0x20,0x00,0x00,0x00,0x10,0x00,0x00, /* ......... ...... */
/*00008fd0 */  0x01,0x01,0x02,0x01,0x02,0x2a,0x00,0x08,0x00,0x30,0x00,0x00,0x00,0x10,0x00,0x00, /* .........0...... */
/*00008fe0 */  0x01,0x01,0x02,0x01,0x02,0x2a,0x00,0x08,0x80,0x48,0x00,0x00,0x00,0x10,0x00,0x00, /* .........H...... */
/*00008ff0 */  0x01,0x01,0x02,0x01,0x02,0x5d,0x00,0x10,0x01,0x00,0x00,0x00,0x00,0x08,0x00,0x00, /* .....].......... */
/*00009000 */  0x01,0x01,0x02,0x01,0x02,0x38,0x00,0x10,0x20,0x00,0x00,0x00,0x00,0x08,0x00,0x00, /* .....8.. ....... */
/*00009010 */  0x01,0x01,0x02,0x01,0x02,0x38,0x00,0x10,0x20,0x00,0x00,0x00,0x00,0x10,0x00,0x00, /* .....8.. ....... */
/*00009020 */  0x01,0x01,0x02,0x01,0x02,0x2e,0x00,0x10,0x00,0x01,0x00,0x00,0x00,0x08,0x00,0x00, /* ................ */
/*00009030 */  0x01,0x01,0x02,0x01,0x02,0x32,0x00,0x10,0x00,0x01,0x00,0x00,0x00,0x10,0x00,0x00, /* .....2.......... */
/*00009040 */  0x01,0x01,0x02,0x01,0x02,0x24,0x00,0x10,0x00,0x02,0x00,0x00,0x00,0x08,0x00,0x00, /* .....$.......... */
/*00009050 */  0x01,0x01,0x02,0x01,0x02,0x24,0x00,0x10,0x00,0x04,0x00,0x00,0x00,0x10,0x00,0x00, /* .....$.......... */
/*00009060 */  0x01,0x01,0x02,0x01,0x02,0x2b,0x00,0x10,0x00,0x08,0x00,0x00,0x00,0x10,0x00,0x00, /* .....+.......... */
/*00009070 */  0x01,0x01,0x02,0x01,0x02,0x2d,0x00,0x10,0x40,0x0b,0x00,0x00,0x00,0x10,0x00,0x00, /* .....-..@....... */
/*00009080 */  0x01,0x01,0x02,0x01,0x02,0x35,0x00,0x10,0x00,0x10,0x00,0x00,0x00,0x08,0x00,0x00, /* .....5.......... */
/*00009090 */  0x01,0x01,0x02,0x01,0x02,0x2f,0x00,0x10,0x00,0x10,0x00,0x00,0x00,0x10,0x00,0x00, /* ................ */
/*000090a0 */  0x01,0x01,0x02,0x01,0x02,0x36,0x00,0x10,0x00,0x10,0x00,0x00,0x00,0x20,0x00,0x00, /* .....6....... .. */
/*000090b0 */  0x01,0x01,0x02,0x01,0x02,0x2b,0x00,0x10,0x00,0x10,0x00,0x00,0x00,0x30,0x00,0x00, /* .....+.......0.. */
/*000090c0 */  0x01,0x01,0x02,0x01,0x02,0x2b,0x00,0x10,0x00,0x14,0x00,0x00,0x00,0x18,0x00,0x00, /* .....+.......... */
/*000090d0 */  0x01,0x01,0x02,0x01,0x02,0x2f,0x00,0x10,0x00,0x15,0x00,0x00,0x00,0x10,0x00,0x00, /* ................ */
/*000090e0 */  0x01,0x01,0x02,0x01,0x02,0x2f,0x00,0x10,0x00,0x20,0x00,0x00,0x00,0x08,0x00,0x00, /* ......... ...... */
/*000090f0 */  0x01,0x01,0x02,0x01,0x02,0x2a,0x00,0x10,0x00,0x20,0x00,0x00,0x00,0x10,0x00,0x00, /* ......... ...... */
/*00009100 */  0x01,0x01,0x02,0x01,0x02,0x2a,0x00,0x10,0x00,0x30,0x00,0x00,0x00,0x10,0x00,0x00, /* .........0...... */
/*00009110 */  0x01,0x01,0x02,0x01,0x02,0x2a,0x00,0x10,0x80,0x48,0x00,0x00,0x00,0x10,0x00,0x00, /* .........H...... */
/*00009120 */  0x01,0x01,0x02,0x01,0x02,0x38,0x00,0x20,0x01,0x00,0x00,0x00,0x00,0x08,0x00,0x00, /* .....8. ........ */
/*00009130 */  0x01,0x01,0x02,0x01,0x02,0x22,0x00,0x20,0x20,0x00,0x00,0x00,0x00,0x08,0x00,0x00, /* .....".  ....... */
/*00009140 */  0x01,0x01,0x02,0x01,0x02,0x23,0x00,0x20,0x20,0x00,0x00,0x00,0x00,0x10,0x00,0x00, /* .....#.  ....... */
/*00009150 */  0x01,0x01,0x02,0x01,0x02,0x35,0x00,0x20,0x00,0x01,0x00,0x00,0x00,0x08,0x00,0x00, /* .....5. ........ */
/*00009160 */  0x01,0x01,0x02,0x01,0x02,0x5e,0x00,0x20,0x00,0x01,0x00,0x00,0x00,0x10,0x00,0x00, /* .....^. ........ */
/*00009170 */  0x01,0x01,0x02,0x01,0x02,0x26,0x00,0x20,0x00,0x02,0x00,0x00,0x00,0x08,0x00,0x00, /* .....&. ........ */
/*00009180 */  0x01,0x01,0x02,0x01,0x02,0x2b,0x00,0x20,0x00,0x04,0x00,0x00,0x00,0x10,0x00,0x00, /* .....+. ........ */
/*00009190 */  0x01,0x01,0x02,0x01,0x02,0x2f,0x00,0x20,0x00,0x08,0x00,0x00,0x00,0x10,0x00,0x00, /* ....... ........ */
/*000091a0 */  0x01,0x01,0x02,0x01,0x02,0x26,0x00,0x20,0x40,0x0b,0x00,0x00,0x00,0x10,0x00,0x00, /* .....&. @....... */
/*000091b0 */  0x01,0x01,0x02,0x01,0x02,0x2f,0x00,0x20,0x00,0x10,0x00,0x00,0x00,0x08,0x00,0x00, /* ....... ........ */
/*000091c0 */  0x01,0x01,0x02,0x01,0x02,0x2f,0x00,0x20,0x00,0x10,0x00,0x00,0x00,0x10,0x00,0x00, /* ....... ........ */
/*000091d0 */  0x01,0x01,0x02,0x01,0x02,0x3f,0x00,0x20,0x00,0x10,0x00,0x00,0x00,0x20,0x00,0x00, /* .....?. ..... .. */
/*000091e0 */  0x01,0x01,0x02,0x01,0x02,0x36,0x00,0x20,0x00,0x10,0x00,0x00,0x00,0x30,0x00,0x00, /* .....6. .....0.. */
/*000091f0 */  0x01,0x01,0x02,0x01,0x02,0x2b,0x00,0x20,0x00,0x14,0x00,0x00,0x00,0x18,0x00,0x00, /* .....+. ........ */
/*00009200 */  0x01,0x01,0x02,0x01,0x02,0x2f,0x00,0x20,0x00,0x15,0x00,0x00,0x00,0x10,0x00,0x00, /* ....... ........ */
/*00009210 */  0x01,0x01,0x02,0x01,0x02,0x2a,0x00,0x20,0x00,0x20,0x00,0x00,0x00,0x08,0x00,0x00, /* ....... . ...... */
/*00009220 */  0x01,0x01,0x02,0x01,0x02,0x2f,0x00,0x20,0x00,0x20,0x00,0x00,0x00,0x10,0x00,0x00, /* ....... . ...... */
/*00009230 */  0x01,0x01,0x02,0x01,0x02,0x2f,0x00,0x20,0x00,0x30,0x00,0x00,0x00,0x10,0x00,0x00, /* ....... .0...... */
/*00009240 */  0x01,0x01,0x02,0x01,0x02,0x2f,0x00,0x20,0x80,0x48,0x00,0x00,0x00,0x10,0x00,0x00, /* ....... .H...... */
/*00009250 */  0x01,0x01,0x02,0x01,0x02,0x27,0x00,0x40,0x01,0x00,0x00,0x00,0x00,0x08,0x00,0x00, /* .....'.@........ */
/*00009260 */  0x01,0x01,0x02,0x01,0x02,0x5a,0x00,0x40,0x20,0x00,0x00,0x00,0x00,0x08,0x00,0x00, /* .....Z.@ ....... */
/*00009270 */  0x01,0x01,0x02,0x01,0x02,0x4d,0x00,0x40,0x20,0x00,0x00,0x00,0x00,0x10,0x00,0x00, /* .....M.@ ....... */
/*00009280 */  0x01,0x01,0x02,0x01,0x02,0x30,0x00,0x40,0x00,0x01,0x00,0x00,0x00,0x08,0x00,0x00, /* .....0.@........ */
/*00009290 */  0x01,0x01,0x02,0x01,0x02,0x58,0x00,0x40,0x00,0x01,0x00,0x00,0x00,0x10,0x00,0x00, /* .....X.@........ */
/*000092a0 */  0x01,0x01,0x02,0x01,0x02,0x26,0x00,0x40,0x00,0x02,0x00,0x00,0x00,0x08,0x00,0x00, /* .....&.@........ */
/*000092b0 */  0x01,0x01,0x02,0x01,0x02,0x2f,0x00,0x40,0x00,0x04,0x00,0x00,0x00,0x10,0x00,0x00, /* .......@........ */
/*000092c0 */  0x01,0x01,0x02,0x01,0x02,0x2f,0x00,0x40,0x00,0x08,0x00,0x00,0x00,0x10,0x00,0x00, /* .......@........ */
/*000092d0 */  0x01,0x01,0x02,0x01,0x02,0x26,0x00,0x40,0x40,0x0b,0x00,0x00,0x00,0x10,0x00,0x00, /* .....&.@@....... */
/*000092e0 */  0x01,0x01,0x02,0x01,0x02,0x35,0x00,0x40,0x00,0x10,0x00,0x00,0x00,0x08,0x00,0x00, /* .....5.@........ */
/*000092f0 */  0x01,0x01,0x02,0x01,0x02,0x2f,0x00,0x40,0x00,0x10,0x00,0x00,0x00,0x10,0x00,0x00, /* .......@........ */
/*00009300 */  0x01,0x01,0x02,0x01,0x02,0x3f,0x00,0x40,0x00,0x10,0x00,0x00,0x00,0x20,0x00,0x00, /* .....?.@..... .. */
/*00009310 */  0x01,0x01,0x02,0x01,0x02,0x36,0x00,0x40,0x00,0x10,0x00,0x00,0x00,0x30,0x00,0x00, /* .....6.@.....0.. */
/*00009320 */  0x01,0x01,0x02,0x01,0x02,0x2e,0x00,0x40,0x00,0x14,0x00,0x00,0x00,0x18,0x00,0x00, /* .......@........ */
/*00009330 */  0x01,0x01,0x02,0x01,0x02,0x2f,0x00,0x40,0x00,0x15,0x00,0x00,0x00,0x10,0x00,0x00, /* .......@........ */
/*00009340 */  0x01,0x01,0x02,0x01,0x02,0x2f,0x00,0x40,0x00,0x20,0x00,0x00,0x00,0x08,0x00,0x00, /* .......@. ...... */
/*00009350 */  0x01,0x01,0x02,0x01,0x02,0x2f,0x00,0x40,0x00,0x20,0x00,0x00,0x00,0x10,0x00,0x00, /* .......@. ...... */
/*00009360 */  0x01,0x01,0x02,0x01,0x02,0x35,0x00,0x40,0x00,0x30,0x00,0x00,0x00,0x10,0x00,0x00, /* .....5.@.0...... */
/*00009370 */  0x01,0x01,0x02,0x01,0x02,0x35,0x00,0x40,0x80,0x48,0x00,0x00,0x00,0x10,0x00,0x00, /* .....5.@.H...... */
/*00009380 */  0x03,0x00,0x00,0x00,0x02,0x01,0x02,0x03,0x01,0x11,0x01,0x01,0x29,0x00,0x00,0x00, /* ............)... */
/*00009390 */  0x5f,0x00,0x00,0x00,0x02,0x00,0x00,0x00,0x00,0x00,0x00,0x00,0x80,0x00,0x01,0x00, /* _............... */
/*000093a0 */  0x02,0x00,0x00,0x00,0x00,0x00,0x00,0x00,0x80,0x00,0x04,0x00,0x02,0x00,0x00,0x00, /* ................ */
/*000093b0 */  0x00,0x00,0x00,0x00,0x20,0x00,0x02,0x00,0x02,0x00,0x00,0x00,0x00,0x00,0x00,0x00, /* .... ........... */
/*000093c0 */  0x80,0x00,0x08,0x00,0x02,0x00,0x00,0x00,0x00,0x00,0x00,0x00,0x00,0x01,0x08,0x00, /* ................ */
/*000093d0 */  0x02,0x00,0x00,0x00,0x00,0x00,0x00,0x00,0x40,0x00,0x08,0x00,0x02,0x00,0x00,0x00, /* ........@....... */
/*000093e0 */  0x00,0x00,0x00,0x00,0x20,0x00,0x04,0x00,0x02,0x00,0x00,0x00,0x00,0x00,0x00,0x00, /* .... ........... */
/*000093f0 */  0x00,0x01,0x04,0x00,0x02,0x00,0x00,0x00,0x00,0x00,0x00,0x00,0x20,0x00,0x08,0x00, /* ............ ... */
/*00009400 */  0x02,0x00,0x00,0x00,0x00,0x00,0x00,0x00,0x40,0x00,0x04,0x00,0x02,0x00,0x00,0x00, /* ........@....... */
/*00009410 */  0x00,0x00,0x00,0x00,0x40,0x00,0x02,0x00,0x02,0x00,0x00,0x00,0x00,0x00,0x00,0x00, /* ....@........... */
/*00009420 */  0x00,0x01,0x10,0x00,0x02,0x00,0x00,0x00,0x00,0x00,0x00,0x00,0x00,0x01,0x02,0x00, /* ................ */
/*00009430 */  0x02,0x00,0x00,0x00,0x00,0x00,0x00,0x00,0x80,0x00,0x10,0x00,0x02,0x00,0x00,0x00, /* ................ */
/*00009440 */  0x00,0x00,0x00,0x00,0x00,0x01,0x01,0x00,0x02,0x00,0x00,0x00,0x00,0x00,0x00,0x00, /* ................ */
/*00009450 */  0x40,0x00,0x01,0x00,0x02,0x00,0x00,0x00,0x00,0x00,0x00,0x00,0x80,0x00,0x02,0x00, /* @............... */
/*00009460 */  0x02,0x00,0x00,0x00,0x00,0x00,0x00,0x00,0x20,0x00,0x01,0x00,0x02,0x00,0x00,0x00, /* ........ ....... */
/*00009470 */  0x00,0x00,0x00,0x00,0x00,0x04,0x04,0x00,0x02,0x00,0x00,0x00,0x00,0x00,0x00,0x00, /* ................ */
/*00009480 */  0x00,0x02,0x01,0x00,0x02,0x00,0x00,0x00,0x00,0x00,0x00,0x00,0x40,0x00,0x10,0x00, /* ............@... */
/*00009490 */  0x02,0x00,0x00,0x00,0x00,0x00,0x00,0x00,0x00,0x02,0x10,0x00,0x02,0x00,0x00,0x00, /* ................ */
/*000094a0 */  0x00,0x00,0x00,0x00,0x00,0x04,0x01,0x00,0x02,0x00,0x00,0x00,0x00,0x00,0x00,0x00, /* ................ */
/*000094b0 */  0x00,0x04,0x08,0x00,0x02,0x00,0x00,0x00,0x00,0x00,0x00,0x00,0x00,0x02,0x08,0x00, /* ................ */
/*000094c0 */  0x02,0x00,0x00,0x00,0x00,0x00,0x00,0x00,0x00,0x02,0x02,0x00,0x01,0x04,0x02,0x08, /* ................ */
/*000094d0 */  0x02,0x01,0x20,0x00,0x00,0x00,0x00,0x00,0x01,0x04,0x04,0x02,0x02,0x02,0x10,0x01, /* .. ............. */
/*000094e0 */  0x00,0x00,0x00,0x00,0x01,0x08,0x04,0x02,0x02,0x02,0x20,0x01,0x00,0x00,0x00,0x00, /* .......... ..... */
/*000094f0 */  0x01,0x04,0x04,0x08,0x02,0x02,0x10,0x01,0x00,0x00,0x00,0x00,0x01,0x04,0x08,0x02, /* ................ */
/*00009500 */  0x02,0x02,0x10,0x01,0x00,0x00,0x00,0x00,0x01,0x04,0x04,0x04,0x02,0x02,0x10,0x01, /* ................ */
/*00009510 */  0x00,0x00,0x00,0x00,0x01,0x04,0x08,0x08,0x02,0x02,0x10,0x01,0x00,0x00,0x00,0x00, /* ................ */
/*00009520 */  0x01,0x04,0x08,0x04,0x02,0x02,0x10,0x01,0x00,0x00,0x00,0x00,0x01,0x08,0x04,0x04, /* ................ */
/*00009530 */  0x02,0x02,0x20,0x01,0x00,0x00,0x00,0x00,0x01,0x08,0x04,0x08,0x02,0x02,0x20,0x01, /* .. ........... . */
/*00009540 */  0x00,0x00,0x00,0x00,0x01,0x08,0x08,0x08,0x02,0x04,0x20,0x01,0x00,0x00,0x00,0x00, /* .......... ..... */
/*00009550 */  0x01,0x04,0x04,0x10,0x02,0x02,0x10,0x01,0x00,0x00,0x00,0x00,0x01,0x08,0x08,0x20, /* ...............  */
/*00009560 */  0x02,0x04,0x20,0x01,0x00,0x00,0x00,0x00,0x01,0x08,0x02,0x04,0x02,0x01,0x40,0x01, /* .. ...........@. */
/*00009570 */  0x00,0x00,0x00,0x00,0x01,0x04,0x08,0x10,0x02,0x02,0x10,0x01,0x00,0x00,0x00,0x00, /* ................ */
/*00009580 */  0x01,0x08,0x04,0x10,0x02,0x02,0x20,0x01,0x00,0x00,0x00,0x00,0x01,0x08,0x08,0x04, /* ...... ......... */
/*00009590 */  0x04,0x04,0x20,0x01,0x00,0x00,0x00,0x00,0x01,0x08,0x08,0x20,0x04,0x04,0x20,0x01, /* .. ........ .. . */
/*000095a0 */  0x00,0x00,0x00,0x00,0x01,0x08,0x08,0x02,0x02,0x02,0x20,0x01,0x00,0x00,0x00,0x00, /* .......... ..... */
/*000095b0 */  0x01,0x08,0x08,0x04,0x02,0x04,0x20,0x01,0x00,0x00,0x00,0x00,0x01,0x08,0x10,0x20, /* ...... ........  */
/*000095c0 */  0x02,0x04,0x20,0x01,0x00,0x00,0x00,0x00,0x01,0x08,0x08,0x10,0x04,0x04,0x20,0x01, /* .. ........... . */
/*000095d0 */  0x00,0x00,0x00,0x00,0x01,0x08,0x10,0x08,0x02,0x02,0x20,0x01,0x00,0x00,0x00,0x00, /* .......... ..... */
/*000095e0 */  0x01,0x08,0x08,0x20,0x02,0x02,0x20,0x01,0x00,0x00,0x00,0x00,0x01,0x10,0x08,0x10, /* ... .. ......... */
/*000095f0 */  0x04,0x02,0x20,0x01,0x00,0x00,0x00,0x00,0x01,0x10,0x08,0x08,0x04,0x02,0x20,0x01, /* .. ........... . */
/*00009600 */  0x00,0x00,0x00,0x00,0x01,0x10,0x08,0x04,0x04,0x02,0x20,0x01,0x00,0x00,0x00,0x00, /* .......... ..... */
/*00009610 */  0x01,0x08,0x08,0x08,0x04,0x04,0x20,0x01,0x00,0x00,0x00,0x00,0x01,0x08,0x10,0x10, /* ...... ......... */
/*00009620 */  0x02,0x04,0x20,0x01,0x00,0x00,0x00,0x00,0x01,0x08,0x08,0x10,0x02,0x04,0x20,0x01, /* .. ........... . */
/*00009630 */  0x00,0x00,0x00,0x00,0x01,0x08,0x02,0x08,0x02,0x01,0x40,0x01,0x00,0x00,0x00,0x00, /* ..........@..... */
/*00009640 */  0x01,0x08,0x08,0x04,0x02,0x02,0x20,0x00,0x00,0x00,0x00,0x00,0x01,0x08,0x10,0x20, /* ...... ........  */
/*00009650 */  0x02,0x02,0x20,0x00,0x00,0x00,0x00,0x00,0x01,0x08,0x02,0x08,0x02,0x01,0x40,0x00, /* .. ...........@. */
/*00009660 */  0x00,0x00,0x00,0x00,0x01,0x10,0x08,0x20,0x04,0x02,0x20,0x00,0x00,0x00,0x00,0x00, /* ....... .. ..... */
/*00009670 */  0x01,0x10,0x08,0x10,0x04,0x02,0x20,0x00,0x00,0x00,0x00,0x00,0x01,0x10,0x08,0x20, /* ...... ........  */
/*00009680 */  0x04,0x02,0x20,0x01,0x00,0x00,0x00,0x00,0x01,0x08,0x10,0x08,0x02,0x04,0x20,0x01, /* .. ........... . */
/*00009690 */  0x00,0x00,0x00,0x00,0x01,0x08,0x08,0x04,0x02,0x02,0x20,0x01,0x00,0x00,0x00,0x00, /* .......... ..... */
/*000096a0 */  0x01,0x08,0x10,0x04,0x02,0x04,0x20,0x01,0x00,0x00,0x00,0x00,0x01,0x08,0x08,0x08, /* ...... ......... */
/*000096b0 */  0x02,0x02,0x20,0x00,0x00,0x00,0x00,0x00,0x01,0x08,0x10,0x04,0x02,0x02,0x20,0x00, /* .. ........... . */
/*000096c0 */  0x00,0x00,0x00,0x00,0x01,0x04,0x04,0x02,0x02,0x02,0x10,0x00,0x00,0x00,0x00,0x00, /* ................ */
/*000096d0 */  0x01,0x04,0x04,0x04,0x02,0x02,0x10,0x00,0x00,0x00,0x00,0x00,0x01,0x04,0x04,0x10, /* ................ */
/*000096e0 */  0x02,0x02,0x10,0x00,0x00,0x00,0x00,0x00,0x01,0x08,0x08,0x40,0x02,0x02,0x20,0x01, /* ...........@.. . */
/*000096f0 */  0x00,0x00,0x00,0x00,0x01,0x08,0x08,0x20,0x02,0x02,0x20,0x00,0x00,0x00,0x00,0x00, /* ....... .. ..... */
/*00009700 */  0x01,0x04,0x04,0x08,0x02,0x02,0x10,0x00,0x00,0x00,0x00,0x00,0x01,0x04,0x08,0x10, /* ................ */
/*00009710 */  0x02,0x02,0x10,0x00,0x00,0x00,0x00,0x00,0x01,0x08,0x08,0x08,0x02,0x02,0x20,0x01, /* .............. . */
/*00009720 */  0x00,0x00,0x00,0x00,0x01,0x08,0x04,0x04,0x02,0x02,0x20,0x00,0x00,0x00,0x00,0x00, /* .......... ..... */
/*00009730 */  0x01,0x08,0x08,0x10,0x02,0x02,0x20,0x01,0x00,0x00,0x00,0x00,0x01,0x10,0x08,0x08, /* ...... ......... */
/*00009740 */  0x04,0x02,0x20,0x00,0x00,0x00,0x00,0x00,0x01,0x08,0x04,0x02,0x02,0x02,0x20,0x00, /* .. ........... . */
/*00009750 */  0x00,0x00,0x00,0x00,0x01,0x08,0x08,0x40,0x02,0x02,0x20,0x00,0x00,0x00,0x00,0x00, /* .......@.. ..... */
/*00009760 */  0x01,0x08,0x04,0x08,0x02,0x02,0x20,0x00,0x00,0x00,0x00,0x00,0x01,0x08,0x08,0x10, /* ...... ......... */
/*00009770 */  0x02,0x02,0x20,0x00,0x00,0x00,0x00,0x00,0x01,0x08,0x08,0x02,0x02,0x02,0x20,0x00, /* .. ........... . */
/*00009780 */  0x00,0x00,0x00,0x00,0x01,0x10,0x08,0x04,0x04,0x02,0x20,0x00,0x00,0x00,0x00,0x00, /* .......... ..... */
/*00009790 */  0x01,0x08,0x10,0x10,0x02,0x02,0x20,0x00,0x00,0x00,0x00,0x00,0x01,0x08,0x10,0x08, /* ...... ......... */
/*000097a0 */  0x02,0x02,0x20,0x00,0x00,0x00,0x00,0x00,0x01,0x08,0x04,0x10,0x02,0x02,0x20,0x00, /* .. ........... . */
/*000097b0 */  0x00,0x00,0x00,0x00,0x01,0x08,0x10,0x04,0x02,0x02,0x20,0x01,0x00,0x00,0x00,0x00, /* .......... ..... */
/*000097c0 */  0x01,0x04,0x02,0x04,0x02,0x01,0x20,0x00,0x00,0x00,0x00,0x00,0x01,0x08,0x10,0x10, /* ...... ......... */
/*000097d0 */  0x02,0x02,0x20,0x01,0x00,0x00,0x00,0x00,0x01,0x04,0x02,0x04,0x02,0x01,0x20,0x01, /* .. ........... . */
/*000097e0 */  0x00,0x00,0x00,0x00,0x01,0x08,0x02,0x04,0x02,0x01,0x40,0x00,0x00,0x00,0x00,0x00, /* ..........@..... */
/*000097f0 */  0x01,0x04,0x02,0x08,0x02,0x01,0x20,0x01,0x00,0x00,0x00,0x00,0x01,0x08,0x10,0x20, /* ...... ........  */
/*00009800 */  0x02,0x02,0x20,0x01,0x00,0x00,0x00,0x00,0x11,0x00,0x00,0x00,0x6f,0x67,0x61,0x5f, /* .. .........oga_ */
/*00009810 */  0x6d,0x6f,0x64,0x65,0x6c,0x73,0x20,0x62,0x69,0x74,0x73,0x3d,0x34,0x00,0x00,0x00, /* models bits=4... */
/*00009820 */  0x0f,0x00,0x00,0x00,0x6d,0x61,0x74,0x6d,0x75,0x6c,0x5f,0x6e,0x62,0x69,0x74,0x73, /* ....matmul_nbits */
/*00009830 */  0x2d,0x76,0x31,0x00,0x07,0x00,0x00,0x00,0x67,0x66,0x78,0x31,0x31,0x35,0x31,0x00, /* -v1.....gfx1151. */
0x00};
extern "C" const size_t kMatmulNbitsLutData_size = 38976;
